Report_ID,Report_Date,NIBRS_Code_Name,NIBRS_Crime_Against,Service_Area,NIBRS_Group,Zip_Code,DateTime
53736450021,2024-01-12,Impersonation,PROPERTY,WEST,Fraud Offenses,78201,2026-09-01
60170026944,2024-10-22,Pornography/Obscene Material,SOCIETY,WEST,Pornography/Obscene Material,78201,2026-09-01
64272315061,2025-05-31,Pornography/Obscene Material,SOCIETY,CENTRAL,Pornography/Obscene Material,78201,2026-09-01
72435456384,2026-08-25,Pornography/Obscene Material,SOCIETY,WEST,Pornography/Obscene Material,78201,2026-09-01
50059160405,2023-05-24,Purse-snatching,PROPERTY,WEST,Larceny/Theft Offenses,78201,2026-09-01
57637032063,2024-07-15,Stolen Property Offenses,PROPERTY,WEST,Stolen Property Offenses,78201,2026-09-01
69539433955,2026-04-04,Stolen Property Offenses,PROPERTY,WEST,Stolen Property Offenses,78201,2026-09-01
60976476258,2024-11-24,Extortion/Blackmail,PROPERTY,EAST,Extortion/Blackmail,78202,2026-09-01
56463908705,2024-05-30,Theft From Coin-Operated Machine or Device,PROPERTY,EAST,Larceny/Theft Offenses,78202,2026-09-01
51928590289,2023-08-17,Fondling,PERSON,CENTRAL,"Sex Offenses, Forcible",78205,2026-09-01
68518169646,2026-02-11,Theft From Coin-Operated Machine or Device,PROPERTY,DOWNTOWN,Larceny/Theft Offenses,78205,2026-09-01
63553579122,2025-04-12,Welfare Fraud,PROPERTY,DOWNTOWN,Fraud Offenses,78205,2026-09-01
60769538064,2024-11-09,Wire Fraud,PROPERTY,DOWNTOWN,Fraud Offenses,78205,2026-09-01
66048233523,2025-09-13,Murder & Nonnegligent Manslaughter,PERSON,CENTRAL,Homicide Offenses,78207,2026-09-01
63780120540,2025-05-01,Pornography/Obscene Material,SOCIETY,CENTRAL,Pornography/Obscene Material,78207,2026-09-01
63724201716,2025-04-28,Stolen Property Offenses,PROPERTY,CENTRAL,Stolen Property Offenses,78207,2026-09-01
52554479448,2023-10-10,Theft From Coin-Operated Machine or Device,PROPERTY,CENTRAL,Larceny/Theft Offenses,78207,2026-09-01
51904626416,2023-08-15,Arson,PROPERTY,EAST,Arson,78208,2026-09-01
63517055789,2025-04-09,Incest,PERSON,DOWNTOWN,"Sex Offenses, Nonforcible",78208,2026-09-01
52924558745,2023-11-07,Stolen Property Offenses,PROPERTY,CENTRAL,Stolen Property Offenses,78209,2026-09-01
69766761114,2026-04-20,Stolen Property Offenses,PROPERTY,NORTH,Stolen Property Offenses,78209,2026-09-01
54632590913,2024-03-08,Pornography/Obscene Material,SOCIETY,EAST,Pornography/Obscene Material,78210,2026-09-01
62416655420,2025-01-23,Pornography/Obscene Material,SOCIETY,DOWNTOWN,Pornography/Obscene Material,78210,2026-09-01
71031711844,2026-06-16,Pornography/Obscene Material,SOCIETY,CENTRAL,Pornography/Obscene Material,78210,2026-09-01
57287717405,2024-07-03,Stolen Property Offenses,PROPERTY,SOUTH,Stolen Property Offenses,78210,2026-09-01
51026640607,2023-06-16,Arson,PROPERTY,SOUTH,Arson,78211,2026-09-01
52209469932,2023-09-06,Embezzlement,PROPERTY,SOUTH,Embezzlement,78211,2026-09-01
52913673405,2023-11-05,Pornography/Obscene Material,SOCIETY,SOUTH,Pornography/Obscene Material,78211,2026-09-01
70300445050,2026-05-05,Pornography/Obscene Material,SOCIETY,SOUTH,Pornography/Obscene Material,78211,2026-09-01
51360138147,2023-07-11,Welfare Fraud,PROPERTY,SOUTH,Fraud Offenses,78211,2026-09-01
65229945298,2025-08-01,Wire Fraud,PROPERTY,SOUTH,Fraud Offenses,78211,2026-09-01
53667605659,2024-01-07,Sexual Assault With An Object,PERSON,CENTRAL,"Sex Offenses, Forcible",78212,2026-09-01
56087510242,2024-05-15,Sexual Assault With An Object,PERSON,CENTRAL,"Sex Offenses, Forcible",78212,2026-09-01
64555382094,2025-06-18,Impersonation,PROPERTY,CENTRAL,Fraud Offenses,78213,2026-09-01
41233891840,2023-01-27,Murder & Nonnegligent Manslaughter,PERSON,CENTRAL,Homicide Offenses,78213,2026-09-01
52237537532,2023-09-09,Sexual Assault With An Object,PERSON,CENTRAL,"Sex Offenses, Forcible",78213,2026-09-01
50997300583,2023-06-12,Wire Fraud,PROPERTY,CENTRAL,Fraud Offenses,78213,2026-09-01
70281376640,2026-05-04,Fondling,PERSON,SOUTH,"Sex Offenses, Forcible",78214,2026-09-01
64565487547,2025-06-18,Embezzlement,PROPERTY,DOWNTOWN,Embezzlement,78215,2026-09-01
55500617804,2024-04-16,Murder & Nonnegligent Manslaughter,PERSON,EAST,Homicide Offenses,78215,2026-09-01
71019253107,2026-06-15,Pornography/Obscene Material,SOCIETY,NORTH,Pornography/Obscene Material,78216,2026-09-01
63305766376,2025-03-24,Prostitution,SOCIETY,NORTH,Prostitution Offenses,78216,2026-09-01
58913235758,2024-09-10,Stolen Property Offenses,PROPERTY,NORTH,Stolen Property Offenses,78216,2026-09-01
48973389935,2023-04-07,Theft From Coin-Operated Machine or Device,PROPERTY,NORTH,Larceny/Theft Offenses,78216,2026-09-01
63754193014,2025-04-30,Embezzlement,PROPERTY,NORTH,Embezzlement,78217,2026-09-01
52111509225,2023-09-01,Pocket-picking,PROPERTY,NORTH,Larceny/Theft Offenses,78217,2026-09-01
67362514603,2025-11-14,Pornography/Obscene Material,SOCIETY,NORTH,Pornography/Obscene Material,78217,2026-09-01
65588277664,2025-08-25,Stolen Property Offenses,PROPERTY,NORTH,Stolen Property Offenses,78217,2026-09-01
59822600591,2024-10-02,Arson,PROPERTY,EAST,Arson,78218,2026-09-01
52289614431,2023-09-15,Extortion/Blackmail,PROPERTY,EAST,Extortion/Blackmail,78218,2026-09-01
66908975486,2025-10-28,Fondling,PERSON,EAST,"Sex Offenses, Forcible",78218,2026-09-01
42585812678,2023-02-17,Impersonation,PROPERTY,EAST,Fraud Offenses,78218,2026-09-01
58478471734,2024-08-20,Murder & Nonnegligent Manslaughter,PERSON,EAST,Homicide Offenses,78218,2026-09-01
53616940886,2024-01-02,Sodomy,PERSON,EAST,"Sex Offenses, Forcible",78218,2026-09-01
57469809271,2024-07-08,Sodomy,PERSON,EAST,"Sex Offenses, Forcible",78218,2026-09-01
52260305218,2023-09-11,Wire Fraud,PROPERTY,EAST,Fraud Offenses,78218,2026-09-01
62081714402,2025-01-01,Wire Fraud,PROPERTY,EAST,Fraud Offenses,78218,2026-09-01
72006251751,2026-08-05,Fondling,PERSON,EAST,"Sex Offenses, Forcible",78219,2026-09-01
63414110037,2025-03-31,Animal Cruelty,SOCIETY,EAST,Animal Cruelty,78220,2026-09-01
53676433361,2024-01-08,Embezzlement,PROPERTY,EAST,Embezzlement,78220,2026-09-01
52476479967,2023-09-30,Wire Fraud,PROPERTY,EAST,Fraud Offenses,78220,2026-09-01
69590612544,2026-04-13,Wire Fraud,PROPERTY,SOUTH,Fraud Offenses,78221,2026-09-01
60181744833,2024-10-23,Fondling,PERSON,EAST,"Sex Offenses, Forcible",78222,2026-09-01
64545273171,2025-06-17,Pornography/Obscene Material,SOCIETY,EAST,Pornography/Obscene Material,78222,2026-09-01
52288705273,2023-09-19,Arson,PROPERTY,SOUTH,Arson,78223,2026-09-01
62059337437,2024-12-30,Embezzlement,PROPERTY,SOUTH,Embezzlement,78223,2026-09-01
54732391406,2024-03-15,Pornography/Obscene Material,SOCIETY,SOUTH,Pornography/Obscene Material,78223,2026-09-01
63930865496,2025-05-10,Welfare Fraud,PROPERTY,SOUTH,Fraud Offenses,78223,2026-09-01
72491443832,2026-08-28,Fondling,PERSON,SOUTH,"Sex Offenses, Forcible",78224,2026-09-01
59329469032,2024-09-16,Arson,PROPERTY,SOUTH,Arson,78225,2026-09-01
72009317760,2026-08-05,Animal Cruelty,SOCIETY,SOUTH,Animal Cruelty,78226,2026-09-01
53547980755,2023-12-24,Kidnapping/Abduction,PERSON,SOUTH,Kidnapping/Abduction,78226,2026-09-01
49350416469,2023-05-05,Sexual Assault With An Object,PERSON,SOUTH,"Sex Offenses, Forcible",78226,2026-09-01
49600807167,2023-05-12,Fondling,PERSON,SOUTH,"Sex Offenses, Forcible",78227,2026-09-01
71428529821,2026-07-06,Negligent Manslaughter,PERSON,WEST,Homicide Offenses,78227,2026-09-01
54207030810,2024-02-16,Pornography/Obscene Material,SOCIETY,WEST,Pornography/Obscene Material,78227,2026-09-01
49296111517,2023-04-28,Sexual Assault With An Object,PERSON,SOUTH,"Sex Offenses, Forcible",78227,2026-09-01
45101912448,2023-03-06,Stolen Property Offenses,PROPERTY,WEST,Stolen Property Offenses,78227,2026-09-01
53417020501,2023-12-15,Stolen Property Offenses,PROPERTY,WEST,Stolen Property Offenses,78227,2026-09-01
47065056237,2023-03-20,Wire Fraud,PROPERTY,WEST,Fraud Offenses,78227,2026-09-01
53234763371,2023-11-27,Arson,PROPERTY,WEST,Arson,78228,2026-09-01
56457001387,2024-05-29,Arson,PROPERTY,WEST,Arson,78228,2026-09-01
64632016714,2025-06-22,Arson,PROPERTY,WEST,Arson,78228,2026-09-01
50923549444,2023-06-02,Embezzlement,PROPERTY,WEST,Embezzlement,78228,2026-09-01
53358349230,2023-12-08,Pornography/Obscene Material,SOCIETY,WEST,Pornography/Obscene Material,78228,2026-09-01
53454850221,2023-12-19,Wire Fraud,PROPERTY,WEST,Fraud Offenses,78228,2026-09-01
55133472704,2024-04-01,Wire Fraud,PROPERTY,CENTRAL,Fraud Offenses,78228,2026-09-01
51527440134,2023-07-27,Impersonation,PROPERTY,PRUE,Fraud Offenses,78229,2026-09-01
61418479610,2024-12-06,Pocket-picking,PROPERTY,PRUE,Larceny/Theft Offenses,78229,2026-09-01
62257596804,2025-01-14,Theft From Coin-Operated Machine or Device,PROPERTY,PRUE,Larceny/Theft Offenses,78229,2026-09-01
71219752295,2026-06-29,Stolen Property Offenses,PROPERTY,PRUE,Stolen Property Offenses,78230,2026-09-01
54321578128,2024-02-22,Wire Fraud,PROPERTY,PRUE,Fraud Offenses,78230,2026-09-01
56626198336,2024-06-08,Wire Fraud,PROPERTY,PRUE,Fraud Offenses,78230,2026-09-01
66180328165,2025-09-22,Fondling,PERSON,PRUE,"Sex Offenses, Forcible",78231,2026-09-01
55823138831,2024-05-03,Wire Fraud,PROPERTY,PRUE,Fraud Offenses,78231,2026-09-01
53803510775,2024-01-15,Wire Fraud,PROPERTY,PRUE,Fraud Offenses,78232,2026-09-01
60811659345,2024-12-01,Fondling,PERSON,NORTH,"Sex Offenses, Forcible",78233,2026-09-01
65578635177,2025-08-24,Welfare Fraud,PROPERTY,NORTH,Fraud Offenses,78233,2026-09-01
52472663879,2023-09-29,Extortion/Blackmail,PROPERTY,WEST,Extortion/Blackmail,78237,2026-09-01
62289385626,2025-01-16,Fondling,PERSON,WEST,"Sex Offenses, Forcible",78237,2026-09-01
62643847440,2025-02-05,Fondling,PERSON,CENTRAL,"Sex Offenses, Forcible",78237,2026-09-01
60867863499,2024-11-18,Embezzlement,PROPERTY,WEST,Embezzlement,78238,2026-09-01
52808297720,2023-10-26,Pornography/Obscene Material,SOCIETY,WEST,Pornography/Obscene Material,78238,2026-09-01
54554919088,2024-03-02,Prostitution,SOCIETY,WEST,Prostitution Offenses,78238,2026-09-01
66021741222,2025-09-18,Prostitution,SOCIETY,WEST,Prostitution Offenses,78238,2026-09-01
49110733101,2023-04-18,Wire Fraud,PROPERTY,WEST,Fraud Offenses,78238,2026-09-01
44353930294,2023-03-01,Fondling,PERSON,PRUE,"Sex Offenses, Forcible",78240,2026-09-01
50077261322,2023-05-27,Pornography/Obscene Material,SOCIETY,PRUE,Pornography/Obscene Material,78240,2026-09-01
51472444623,2023-07-23,Pornography/Obscene Material,SOCIETY,PRUE,Pornography/Obscene Material,78240,2026-09-01
52390826376,2023-09-22,Pornography/Obscene Material,SOCIETY,PRUE,Pornography/Obscene Material,78240,2026-09-01
64857429709,2025-07-07,Pornography/Obscene Material,SOCIETY,PRUE,Pornography/Obscene Material,78240,2026-09-01
52588117058,2023-10-14,Sexual Assault With An Object,PERSON,PRUE,"Sex Offenses, Forcible",78240,2026-09-01
47830323680,2023-03-28,Stolen Property Offenses,PROPERTY,PRUE,Stolen Property Offenses,78240,2026-09-01
51970180041,2023-08-22,Fondling,PERSON,SOUTH,"Sex Offenses, Forcible",78242,2026-09-01
55659258895,2024-05-17,Arson,PROPERTY,EAST,Arson,78244,2026-09-01
55757677285,2024-05-01,Animal Cruelty,SOCIETY,WEST,Animal Cruelty,78245,2026-09-01
64477017045,2025-06-11,Pornography/Obscene Material,SOCIETY,WEST,Pornography/Obscene Material,78245,2026-09-01
60868079789,2024-11-19,Stolen Property Offenses,PROPERTY,WEST,Stolen Property Offenses,78245,2026-09-01
57467136563,2024-07-08,Embezzlement,PROPERTY,NORTH,Embezzlement,78247,2026-09-01
57977511493,2024-07-30,Embezzlement,PROPERTY,NORTH,Embezzlement,78247,2026-09-01
56089255560,2024-05-15,Pornography/Obscene Material,SOCIETY,NORTH,Pornography/Obscene Material,78247,2026-09-01
62177696027,2025-01-06,Pornography/Obscene Material,SOCIETY,NORTH,Pornography/Obscene Material,78247,2026-09-01
39790093919,2023-01-06,Wire Fraud,PROPERTY,NORTH,Fraud Offenses,78247,2026-09-01
52817276749,2023-10-27,Wire Fraud,PROPERTY,NORTH,Fraud Offenses,78247,2026-09-01
52426703250,2023-09-25,Pornography/Obscene Material,SOCIETY,PRUE,Pornography/Obscene Material,78248,2026-09-01
71855967367,2026-07-26,Murder & Nonnegligent Manslaughter,PERSON,PRUE,Homicide Offenses,78249,2026-09-01
40319839528,2023-01-09,Sodomy,PERSON,PRUE,"Sex Offenses, Forcible",78249,2026-09-01
66384491371,2025-10-06,Pornography/Obscene Material,SOCIETY,PRUE,Pornography/Obscene Material,78250,2026-09-01
51358385878,2023-07-11,Fondling,PERSON,WEST,"Sex Offenses, Forcible",78251,2026-09-01
52540409724,2023-10-09,Fondling,PERSON,WEST,"Sex Offenses, Forcible",78251,2026-09-01
68127729511,2026-01-10,Impersonation,PROPERTY,WEST,Fraud Offenses,78251,2026-09-01
65743007992,2025-09-06,Pornography/Obscene Material,SOCIETY,WEST,Pornography/Obscene Material,78251,2026-09-01
62372150218,2025-01-20,Stolen Property Offenses,PROPERTY,WEST,Stolen Property Offenses,78251,2026-09-01
67404038225,2025-11-17,Embezzlement,PROPERTY,PRUE,Embezzlement,78256,2026-09-01
45523761911,2023-03-09,Stolen Property Offenses,PROPERTY,PRUE,Stolen Property Offenses,78256,2026-09-01
56110847055,2024-05-17,Wire Fraud,PROPERTY,NORTH,Fraud Offenses,78258,2026-09-01
57695812263,2024-07-17,Wire Fraud,PROPERTY,NORTH,Fraud Offenses,78266,2026-09-01
41627736702,2023-02-09,Fondling,PERSON,WEST,"Sex Offenses, Forcible",Not Listed,2026-09-01
65471133677,2025-08-15,Extortion/Blackmail,PROPERTY,WEST,Extortion/Blackmail,78201,2026-09-01
43080788021,2023-02-22,Fondling,PERSON,CENTRAL,"Sex Offenses, Forcible",78201,2026-09-01
58696203606,2024-09-02,Murder & Nonnegligent Manslaughter,PERSON,WEST,Homicide Offenses,78201,2026-09-01
55726797040,2024-09-21,Pornography/Obscene Material,SOCIETY,WEST,Pornography/Obscene Material,78201,2026-09-01
56389737326,2024-05-23,Wire Fraud,PROPERTY,DOWNTOWN,Fraud Offenses,78201,2026-09-01
69366381319,2026-03-23,Animal Cruelty,SOCIETY,EAST,Animal Cruelty,78202,2026-09-01
55463970303,2024-04-15,Sodomy,PERSON,EAST,"Sex Offenses, Forcible",78202,2026-09-01
49225932311,2023-04-21,Wire Fraud,PROPERTY,EAST,Fraud Offenses,78203,2026-09-01
50994075036,2023-06-11,Pocket-picking,PROPERTY,CENTRAL,Larceny/Theft Offenses,78205,2026-09-01
40748422863,2023-01-16,Purse-snatching,PROPERTY,CENTRAL,Larceny/Theft Offenses,78205,2026-09-01
71802520465,2026-07-22,Wire Fraud,PROPERTY,DOWNTOWN,Fraud Offenses,78205,2026-09-01
42605472826,2023-02-17,Fondling,PERSON,CENTRAL,"Sex Offenses, Forcible",78207,2026-09-01
49337964730,2023-05-03,Fondling,PERSON,CENTRAL,"Sex Offenses, Forcible",78207,2026-09-01
72425494280,2026-08-25,Kidnapping/Abduction,PERSON,CENTRAL,Kidnapping/Abduction,78207,2026-09-01
53239242380,2023-11-28,Pocket-picking,PROPERTY,CENTRAL,Larceny/Theft Offenses,78207,2026-09-01
65030273384,2025-07-19,Pocket-picking,PROPERTY,CENTRAL,Larceny/Theft Offenses,78207,2026-09-01
52509108445,2023-10-04,Pornography/Obscene Material,SOCIETY,CENTRAL,Pornography/Obscene Material,78207,2026-09-01
59635320698,2024-09-26,Pornography/Obscene Material,SOCIETY,CENTRAL,Pornography/Obscene Material,78207,2026-09-01
61937188890,2024-12-20,Pornography/Obscene Material,SOCIETY,DOWNTOWN,Pornography/Obscene Material,78207,2026-09-01
52413569438,2023-09-24,Sexual Assault With An Object,PERSON,CENTRAL,"Sex Offenses, Forcible",78207,2026-09-01
54090285029,2024-02-07,Sodomy,PERSON,CENTRAL,"Sex Offenses, Forcible",78207,2026-09-01
60078304843,2024-10-17,Wire Fraud,PROPERTY,CENTRAL,Fraud Offenses,78207,2026-09-01
51692091480,2023-08-03,Embezzlement,PROPERTY,EAST,Embezzlement,78208,2026-09-01
58308999700,2024-08-12,Stolen Property Offenses,PROPERTY,NORTH,Stolen Property Offenses,78209,2026-09-01
63403742648,2025-03-30,Wire Fraud,PROPERTY,NORTH,Fraud Offenses,78209,2026-09-01
64965572471,2025-07-14,Wire Fraud,PROPERTY,NORTH,Fraud Offenses,78209,2026-09-01
60318185982,2024-10-31,Fondling,PERSON,EAST,"Sex Offenses, Forcible",78210,2026-09-01
68388081634,2026-02-02,Fondling,PERSON,SOUTH,"Sex Offenses, Forcible",78211,2026-09-01
63581980323,2025-04-14,Pornography/Obscene Material,SOCIETY,SOUTH,Pornography/Obscene Material,78211,2026-09-01
57389007502,2024-07-04,Embezzlement,PROPERTY,DOWNTOWN,Embezzlement,78212,2026-09-01
70480256406,2026-05-16,Impersonation,PROPERTY,DOWNTOWN,Fraud Offenses,78212,2026-09-01
66798104473,2025-10-20,Negligent Manslaughter,PERSON,DOWNTOWN,Homicide Offenses,78212,2026-09-01
54141207123,2024-02-12,Pocket-picking,PROPERTY,CENTRAL,Larceny/Theft Offenses,78212,2026-09-01
69559686882,2026-04-06,Pornography/Obscene Material,SOCIETY,DOWNTOWN,Pornography/Obscene Material,78212,2026-09-01
56456718947,2024-05-29,Wire Fraud,PROPERTY,DOWNTOWN,Fraud Offenses,78212,2026-09-01
63265660174,2025-03-21,Negligent Manslaughter,PERSON,CENTRAL,Homicide Offenses,78213,2026-09-01
60795454085,2024-11-12,Pornography/Obscene Material,SOCIETY,NORTH,Pornography/Obscene Material,78213,2026-09-01
61695032627,2024-12-13,Welfare Fraud,PROPERTY,CENTRAL,Fraud Offenses,78213,2026-09-01
64952354796,2025-07-14,Fondling,PERSON,SOUTH,"Sex Offenses, Forcible",78214,2026-09-01
67241669554,2025-11-06,Fondling,PERSON,SOUTH,"Sex Offenses, Forcible",78214,2026-09-01
60041959775,2024-10-14,Murder & Nonnegligent Manslaughter,PERSON,SOUTH,Homicide Offenses,78214,2026-09-01
68429269731,2026-02-05,Pocket-picking,PROPERTY,SOUTH,Larceny/Theft Offenses,78214,2026-09-01
50949859098,2023-06-06,Fondling,PERSON,NORTH,"Sex Offenses, Forcible",78216,2026-09-01
50867026782,2023-06-01,Impersonation,PROPERTY,NORTH,Fraud Offenses,78216,2026-09-01
55203047797,2024-04-05,Theft From Coin-Operated Machine or Device,PROPERTY,NORTH,Larceny/Theft Offenses,78216,2026-09-01
52840993496,2023-10-30,Embezzlement,PROPERTY,NORTH,Embezzlement,78217,2026-09-01
61400412983,2024-12-04,Impersonation,PROPERTY,NORTH,Fraud Offenses,78217,2026-09-01
52007379728,2023-08-24,Pornography/Obscene Material,SOCIETY,NORTH,Pornography/Obscene Material,78217,2026-09-01
51383736310,2023-07-14,Embezzlement,PROPERTY,EAST,Embezzlement,78218,2026-09-01
63523398563,2025-04-10,Murder & Nonnegligent Manslaughter,PERSON,EAST,Homicide Offenses,78218,2026-09-01
62233781286,2025-01-11,Prostitution,SOCIETY,EAST,Prostitution Offenses,78218,2026-09-01
53544050579,2023-12-23,Wire Fraud,PROPERTY,EAST,Fraud Offenses,78218,2026-09-01
53419418260,2023-12-16,Wire Fraud,PROPERTY,EAST,Fraud Offenses,78219,2026-09-01
56610223285,2024-06-06,Embezzlement,PROPERTY,EAST,Embezzlement,78220,2026-09-01
69182893132,2026-03-11,Embezzlement,PROPERTY,EAST,Embezzlement,78220,2026-09-01
58505351283,2024-08-23,Hacking/Computer Invasion,PROPERTY,EAST,Fraud Offenses,78220,2026-09-01
68089791692,2026-01-07,Pornography/Obscene Material,SOCIETY,EAST,Pornography/Obscene Material,78220,2026-09-01
49112277502,2023-04-18,Sexual Assault With An Object,PERSON,EAST,"Sex Offenses, Forcible",78220,2026-09-01
50017420019,2023-05-20,Welfare Fraud,PROPERTY,EAST,Fraud Offenses,78220,2026-09-01
62418696068,2025-06-04,Arson,PROPERTY,SOUTH,Arson,78221,2026-09-01
69308769762,2026-03-20,Pornography/Obscene Material,SOCIETY,SOUTH,Pornography/Obscene Material,78221,2026-09-01
61949403598,2024-12-21,Theft From Coin-Operated Machine or Device,PROPERTY,SOUTH,Larceny/Theft Offenses,78221,2026-09-01
40748291911,2023-01-16,Pornography/Obscene Material,SOCIETY,EAST,Pornography/Obscene Material,78222,2026-09-01
49598752050,2023-05-12,Pornography/Obscene Material,SOCIETY,EAST,Pornography/Obscene Material,78222,2026-09-01
70468059367,2026-05-15,Pornography/Obscene Material,SOCIETY,EAST,Pornography/Obscene Material,78222,2026-09-01
47387780613,2023-03-24,Stolen Property Offenses,PROPERTY,EAST,Stolen Property Offenses,78222,2026-09-01
69711067260,2026-04-16,Wire Fraud,PROPERTY,EAST,Fraud Offenses,78222,2026-09-01
40390943187,2023-01-10,Impersonation,PROPERTY,EAST,Fraud Offenses,78223,2026-09-01
65030703268,2025-07-19,Kidnapping/Abduction,PERSON,EAST,Kidnapping/Abduction,78223,2026-09-01
68763591424,2026-03-01,Pornography/Obscene Material,SOCIETY,EAST,Pornography/Obscene Material,78223,2026-09-01
51278716126,2023-07-01,Prostitution,SOCIETY,SOUTH,Prostitution Offenses,78223,2026-09-01
49242083620,2023-04-24,Wire Fraud,PROPERTY,EAST,Fraud Offenses,78223,2026-09-01
57904539324,2024-07-25,Wire Fraud,PROPERTY,SOUTH,Fraud Offenses,78223,2026-09-01
52082907589,2023-09-09,Arson,PROPERTY,SOUTH,Arson,78224,2026-09-01
52643220023,2023-10-19,Pornography/Obscene Material,SOCIETY,SOUTH,Pornography/Obscene Material,78224,2026-09-01
62653028142,2025-02-06,Fondling,PERSON,SOUTH,"Sex Offenses, Forcible",78225,2026-09-01
68175123943,2026-01-14,"Human Trafficking, Commercial Sex Acts",PERSON,WEST,Human Trafficking,78227,2026-09-01
68378304055,2026-02-01,Wire Fraud,PROPERTY,WEST,Fraud Offenses,78227,2026-09-01
68551748157,2026-02-13,Wire Fraud,PROPERTY,WEST,Fraud Offenses,78228,2026-09-01
67671749139,2025-12-04,Embezzlement,PROPERTY,PRUE,Embezzlement,78229,2026-09-01
65231720460,2025-08-02,Fondling,PERSON,PRUE,"Sex Offenses, Forcible",78229,2026-09-01
64718628103,2025-06-27,Pornography/Obscene Material,SOCIETY,PRUE,Pornography/Obscene Material,78229,2026-09-01
53192808762,2023-11-26,Sexual Assault With An Object,PERSON,PRUE,"Sex Offenses, Forcible",78229,2026-09-01
58772917072,2024-09-06,Stolen Property Offenses,PROPERTY,PRUE,Stolen Property Offenses,78229,2026-09-01
59531053831,2024-09-23,Stolen Property Offenses,PROPERTY,PRUE,Stolen Property Offenses,78229,2026-09-01
48428624994,2023-04-01,Wire Fraud,PROPERTY,PRUE,Fraud Offenses,78229,2026-09-01
69259288390,2026-03-16,Wire Fraud,PROPERTY,PRUE,Fraud Offenses,78229,2026-09-01
71553114190,2026-07-10,Arson,PROPERTY,PRUE,Arson,78230,2026-09-01
52557237162,2023-10-11,Extortion/Blackmail,PROPERTY,PRUE,Extortion/Blackmail,78230,2026-09-01
54297699377,2024-02-21,Extortion/Blackmail,PROPERTY,PRUE,Extortion/Blackmail,78230,2026-09-01
54088380985,2024-02-07,Pornography/Obscene Material,SOCIETY,PRUE,Pornography/Obscene Material,78230,2026-09-01
58245776134,2024-08-09,Stolen Property Offenses,PROPERTY,PRUE,Stolen Property Offenses,78230,2026-09-01
70861336983,2026-06-03,Stolen Property Offenses,PROPERTY,PRUE,Stolen Property Offenses,78230,2026-09-01
41346077163,2023-01-31,Embezzlement,PROPERTY,NORTH,Embezzlement,78231,2026-09-01
51059294397,2023-06-19,Fondling,PERSON,NORTH,"Sex Offenses, Forcible",78231,2026-09-01
68183349680,2026-01-15,Pornography/Obscene Material,SOCIETY,PRUE,Pornography/Obscene Material,78231,2026-09-01
71770779192,2026-07-21,Embezzlement,PROPERTY,NORTH,Embezzlement,78232,2026-09-01
62762527355,2025-02-13,Pocket-picking,PROPERTY,NORTH,Larceny/Theft Offenses,78232,2026-09-01
59983952704,2024-10-09,Animal Cruelty,SOCIETY,NORTH,Animal Cruelty,78233,2026-09-01
62607539509,2025-02-04,Embezzlement,PROPERTY,NORTH,Embezzlement,78233,2026-09-01
51097427687,2023-06-24,Fondling,PERSON,NORTH,"Sex Offenses, Forcible",78233,2026-09-01
70745211129,2026-05-26,Pornography/Obscene Material,SOCIETY,SOUTH,Pornography/Obscene Material,78235,2026-09-01
64974744362,2025-07-15,Fondling,PERSON,WEST,"Sex Offenses, Forcible",78237,2026-09-01
68549446179,2026-02-13,Fondling,PERSON,WEST,"Sex Offenses, Forcible",78237,2026-09-01
52376895992,2023-09-20,Pornography/Obscene Material,SOCIETY,WEST,Pornography/Obscene Material,78237,2026-09-01
72368345239,2026-08-21,Pornography/Obscene Material,SOCIETY,WEST,Pornography/Obscene Material,78237,2026-09-01
53567954986,2023-12-27,Stolen Property Offenses,PROPERTY,WEST,Stolen Property Offenses,78237,2026-09-01
54098950429,2024-02-08,Stolen Property Offenses,PROPERTY,WEST,Stolen Property Offenses,78237,2026-09-01
60238864918,2024-10-28,Embezzlement,PROPERTY,PRUE,Embezzlement,78238,2026-09-01
68872816486,2026-03-04,Embezzlement,PROPERTY,WEST,Embezzlement,78238,2026-09-01
51544642559,2023-07-29,Extortion/Blackmail,PROPERTY,WEST,Extortion/Blackmail,78238,2026-09-01
64181509573,2025-05-28,Fondling,PERSON,WEST,"Sex Offenses, Forcible",78238,2026-09-01
54149166595,2024-02-13,Pornography/Obscene Material,SOCIETY,WEST,Pornography/Obscene Material,78238,2026-09-01
56889629823,2024-06-17,Pornography/Obscene Material,SOCIETY,WEST,Pornography/Obscene Material,78238,2026-09-01
68388244478,2026-02-02,Pornography/Obscene Material,SOCIETY,WEST,Pornography/Obscene Material,78238,2026-09-01
68075829171,2026-01-06,Wire Fraud,PROPERTY,WEST,Fraud Offenses,78238,2026-09-01
64987060973,2025-07-16,Hacking/Computer Invasion,PROPERTY,PRUE,Fraud Offenses,78240,2026-09-01
57946716281,2024-07-27,"Human Trafficking, Involuntary Servitude",PERSON,PRUE,Human Trafficking,78240,2026-09-01
63694282886,2025-04-25,Pornography/Obscene Material,SOCIETY,PRUE,Pornography/Obscene Material,78240,2026-09-01
56447937630,2024-05-29,Sodomy,PERSON,PRUE,"Sex Offenses, Forcible",78240,2026-09-01
54324770055,2024-02-23,Wire Fraud,PROPERTY,PRUE,Fraud Offenses,78240,2026-09-01
56096635229,2024-05-16,Fondling,PERSON,SOUTH,"Sex Offenses, Forcible",78242,2026-09-01
63616349113,2025-04-17,Hacking/Computer Invasion,PROPERTY,WEST,Fraud Offenses,78245,2026-09-01
60209797402,2024-10-25,Pornography/Obscene Material,SOCIETY,WEST,Pornography/Obscene Material,78245,2026-09-01
58883930553,2024-09-09,Wire Fraud,PROPERTY,WEST,Fraud Offenses,78245,2026-09-01
60876625793,2024-11-19,Embezzlement,PROPERTY,NORTH,Embezzlement,78247,2026-09-01
55703381714,2024-04-27,Fondling,PERSON,NORTH,"Sex Offenses, Forcible",78247,2026-09-01
51760714259,2023-08-09,Theft From Coin-Operated Machine or Device,PROPERTY,NORTH,Larceny/Theft Offenses,78247,2026-09-01
54138452949,2024-02-12,Theft From Coin-Operated Machine or Device,PROPERTY,NORTH,Larceny/Theft Offenses,78247,2026-09-01
51019236094,2023-06-14,Wire Fraud,PROPERTY,NORTH,Fraud Offenses,78247,2026-09-01
67690753696,2025-12-05,Wire Fraud,PROPERTY,NORTH,Fraud Offenses,78247,2026-09-01
49012986517,2023-04-13,Embezzlement,PROPERTY,PRUE,Embezzlement,78249,2026-09-01
64067818587,2025-05-21,Pornography/Obscene Material,SOCIETY,PRUE,Pornography/Obscene Material,78249,2026-09-01
65216724249,2025-07-31,Purse-snatching,PROPERTY,PRUE,Larceny/Theft Offenses,78249,2026-09-01
51788773908,2023-08-10,Sodomy,PERSON,PRUE,"Sex Offenses, Forcible",78249,2026-09-01
52045837480,2023-08-28,Wire Fraud,PROPERTY,PRUE,Fraud Offenses,78249,2026-09-01
52841141957,2023-10-30,Pornography/Obscene Material,SOCIETY,PRUE,Pornography/Obscene Material,78250,2026-09-01
54589237046,2024-03-05,Prostitution,SOCIETY,PRUE,Prostitution Offenses,78250,2026-09-01
47826484053,2023-03-27,Wire Fraud,PROPERTY,PRUE,Fraud Offenses,78250,2026-09-01
61907943707,2024-12-18,Wire Fraud,PROPERTY,PRUE,Fraud Offenses,78250,2026-09-01
53608221407,2024-01-01,Animal Cruelty,SOCIETY,WEST,Animal Cruelty,78251,2026-09-01
53807439313,2024-01-17,Arson,PROPERTY,WEST,Arson,78251,2026-09-01
62154637643,2025-01-05,Extortion/Blackmail,PROPERTY,WEST,Extortion/Blackmail,78251,2026-09-01
53861507322,2024-01-22,Fondling,PERSON,WEST,"Sex Offenses, Forcible",78251,2026-09-01
54656853014,2024-03-11,Extortion/Blackmail,PROPERTY,PRUE,Extortion/Blackmail,78254,2026-09-01
67942538375,2025-12-26,Fondling,PERSON,WEST,"Sex Offenses, Forcible",78254,2026-09-01
69598781679,2026-04-09,Pornography/Obscene Material,SOCIETY,PRUE,Pornography/Obscene Material,78254,2026-09-01
56463777944,2024-05-30,Theft From Coin-Operated Machine or Device,PROPERTY,PRUE,Larceny/Theft Offenses,78254,2026-09-01
62925053133,2025-02-26,Wire Fraud,PROPERTY,PRUE,Fraud Offenses,78254,2026-09-01
58500216428,2024-08-22,Wire Fraud,PROPERTY,PRUE,Fraud Offenses,78257,2026-09-01
64630388660,2025-06-22,Pornography/Obscene Material,SOCIETY,NORTH,Pornography/Obscene Material,78258,2026-09-01
52745014660,2023-10-22,Fondling,PERSON,NORTH,"Sex Offenses, Forcible",Out of Jurisdiction,2026-09-01
65494116033,2025-08-17,Fondling,PERSON,PRUE,"Sex Offenses, Forcible",Out of Jurisdiction,2026-09-01
68104559239,2026-01-08,Animal Cruelty,SOCIETY,WEST,Animal Cruelty,78201,2026-09-01
47067525053,2023-03-22,Arson,PROPERTY,WEST,Arson,78201,2026-09-01
54098758865,2024-02-08,Arson,PROPERTY,WEST,Arson,78201,2026-09-01
40984506443,2023-01-20,Fondling,PERSON,WEST,"Sex Offenses, Forcible",78201,2026-09-01
51809094060,2023-08-13,Pornography/Obscene Material,SOCIETY,CENTRAL,Pornography/Obscene Material,78201,2026-09-01
69322377689,2026-03-21,Pornography/Obscene Material,SOCIETY,CENTRAL,Pornography/Obscene Material,78201,2026-09-01
53886757313,2024-01-24,Stolen Property Offenses,PROPERTY,WEST,Stolen Property Offenses,78201,2026-09-01
61472269426,2024-12-11,Stolen Property Offenses,PROPERTY,CENTRAL,Stolen Property Offenses,78201,2026-09-01
49100259921,2023-04-17,Wire Fraud,PROPERTY,CENTRAL,Fraud Offenses,78201,2026-09-01
72516525585,2026-08-30,Wire Fraud,PROPERTY,WEST,Fraud Offenses,78201,2026-09-01
52599685094,2023-10-16,Arson,PROPERTY,EAST,Arson,78202,2026-09-01
54150397523,2024-02-13,Arson,PROPERTY,EAST,Arson,78202,2026-09-01
58915381480,2024-09-10,Welfare Fraud,PROPERTY,EAST,Fraud Offenses,78202,2026-09-01
72259537092,2026-08-18,Kidnapping/Abduction,PERSON,EAST,Kidnapping/Abduction,78203,2026-09-01
63218849832,2025-03-17,Stolen Property Offenses,PROPERTY,DOWNTOWN,Stolen Property Offenses,78204,2026-09-01
68492194329,2026-02-10,Embezzlement,PROPERTY,CENTRAL,Embezzlement,78207,2026-09-01
63276270814,2025-03-21,Fondling,PERSON,SOUTH,"Sex Offenses, Forcible",78207,2026-09-01
68703545178,2026-02-25,Fondling,PERSON,DOWNTOWN,"Sex Offenses, Forcible",78207,2026-09-01
70834510679,2026-06-02,Fondling,PERSON,CENTRAL,"Sex Offenses, Forcible",78207,2026-09-01
67518526625,2025-11-24,Hacking/Computer Invasion,PROPERTY,CENTRAL,Fraud Offenses,78207,2026-09-01
70844110137,2026-06-04,Operating/Promoting/Assisting Gambling,SOCIETY,CENTRAL,Gambling Offenses,78207,2026-09-01
58954347873,2024-09-11,Pornography/Obscene Material,SOCIETY,CENTRAL,Pornography/Obscene Material,78207,2026-09-01
62652802935,2025-02-06,Pornography/Obscene Material,SOCIETY,DOWNTOWN,Pornography/Obscene Material,78207,2026-09-01
69443532291,2026-03-28,Pornography/Obscene Material,SOCIETY,CENTRAL,Pornography/Obscene Material,78207,2026-09-01
69476553856,2026-03-31,Pornography/Obscene Material,SOCIETY,CENTRAL,Pornography/Obscene Material,78207,2026-09-01
64691886053,2025-06-26,Welfare Fraud,PROPERTY,CENTRAL,Fraud Offenses,78207,2026-09-01
65952449217,2025-09-09,Welfare Fraud,PROPERTY,CENTRAL,Fraud Offenses,78207,2026-09-01
51958383669,2023-08-21,Wire Fraud,PROPERTY,CENTRAL,Fraud Offenses,78207,2026-09-01
67191497891,2025-11-04,Wire Fraud,PROPERTY,CENTRAL,Fraud Offenses,78207,2026-09-01
67999549463,2025-12-31,Wire Fraud,PROPERTY,CENTRAL,Fraud Offenses,78207,2026-09-01
51484737770,2023-07-24,Arson,PROPERTY,NORTH,Arson,78209,2026-09-01
63785940997,2025-05-02,Impersonation,PROPERTY,NORTH,Fraud Offenses,78209,2026-09-01
62508015295,2025-01-29,Pornography/Obscene Material,SOCIETY,DOWNTOWN,Pornography/Obscene Material,78209,2026-09-01
50115305933,2023-05-30,Stolen Property Offenses,PROPERTY,NORTH,Stolen Property Offenses,78209,2026-09-01
53755082648,2024-01-12,Stolen Property Offenses,PROPERTY,NORTH,Stolen Property Offenses,78209,2026-09-01
51513693782,2023-07-26,Embezzlement,PROPERTY,CENTRAL,Embezzlement,78210,2026-09-01
49938836047,2023-05-18,Fondling,PERSON,CENTRAL,"Sex Offenses, Forcible",78210,2026-09-01
67192475769,2025-11-04,Pornography/Obscene Material,SOCIETY,EAST,Pornography/Obscene Material,78210,2026-09-01
58490186647,2024-08-21,Sodomy,PERSON,EAST,"Sex Offenses, Forcible",78210,2026-09-01
60847073524,2024-11-18,Arson,PROPERTY,SOUTH,Arson,78211,2026-09-01
47610730597,2023-03-25,Fondling,PERSON,SOUTH,"Sex Offenses, Forcible",78211,2026-09-01
68025530955,2026-01-03,Pornography/Obscene Material,SOCIETY,SOUTH,Pornography/Obscene Material,78211,2026-09-01
66921219086,2025-10-29,Stolen Property Offenses,PROPERTY,SOUTH,Stolen Property Offenses,78211,2026-09-01
52603917506,2023-10-16,Wire Fraud,PROPERTY,SOUTH,Fraud Offenses,78211,2026-09-01
63333191505,2025-03-26,Wire Fraud,PROPERTY,SOUTH,Fraud Offenses,78211,2026-09-01
50042003459,2023-05-21,Fondling,PERSON,CENTRAL,"Sex Offenses, Forcible",78212,2026-09-01
55612625534,2024-04-20,Fondling,PERSON,CENTRAL,"Sex Offenses, Forcible",78212,2026-09-01
61388490027,2024-12-03,Murder & Nonnegligent Manslaughter,PERSON,DOWNTOWN,Homicide Offenses,78212,2026-09-01
52479616266,2023-09-30,Pornography/Obscene Material,SOCIETY,CENTRAL,Pornography/Obscene Material,78212,2026-09-01
67635768587,2025-12-02,Pornography/Obscene Material,SOCIETY,DOWNTOWN,Pornography/Obscene Material,78212,2026-09-01
51529315652,2023-07-27,Animal Cruelty,SOCIETY,CENTRAL,Animal Cruelty,78213,2026-09-01
56072278821,2024-05-14,Arson,PROPERTY,CENTRAL,Arson,78213,2026-09-01
52279984107,2023-09-13,Embezzlement,PROPERTY,CENTRAL,Embezzlement,78213,2026-09-01
62749980094,2025-02-12,Pornography/Obscene Material,SOCIETY,CENTRAL,Pornography/Obscene Material,78213,2026-09-01
63236062583,2025-03-19,Wire Fraud,PROPERTY,NORTH,Fraud Offenses,78213,2026-09-01
53603081099,2024-01-01,Fondling,PERSON,CENTRAL,"Sex Offenses, Forcible",78215,2026-09-01
64686621781,2025-06-25,Arson,PROPERTY,NORTH,Arson,78216,2026-09-01
52470543021,2023-09-29,Embezzlement,PROPERTY,NORTH,Embezzlement,78216,2026-09-01
69556728986,2026-04-05,Fondling,PERSON,NORTH,"Sex Offenses, Forcible",78216,2026-09-01
71888028132,2026-07-28,Kidnapping/Abduction,PERSON,NORTH,Kidnapping/Abduction,78216,2026-09-01
52494200020,2023-10-03,Pornography/Obscene Material,SOCIETY,NORTH,Pornography/Obscene Material,78216,2026-09-01
68624091302,2026-02-19,Pornography/Obscene Material,SOCIETY,NORTH,Pornography/Obscene Material,78216,2026-09-01
70569262980,2026-05-21,Pornography/Obscene Material,SOCIETY,NORTH,Pornography/Obscene Material,78216,2026-09-01
41375587337,2023-02-01,Purse-snatching,PROPERTY,NORTH,Larceny/Theft Offenses,78216,2026-09-01
57465720088,2024-07-08,Sodomy,PERSON,NORTH,"Sex Offenses, Forcible",78216,2026-09-01
64649256322,2025-06-23,Stolen Property Offenses,PROPERTY,NORTH,Stolen Property Offenses,78216,2026-09-01
52225564429,2023-09-08,Wire Fraud,PROPERTY,PRUE,Fraud Offenses,78216,2026-09-01
69576588132,2026-04-07,Wire Fraud,PROPERTY,NORTH,Fraud Offenses,78216,2026-09-01
40916883782,2023-01-19,Pornography/Obscene Material,SOCIETY,NORTH,Pornography/Obscene Material,78217,2026-09-01
64720386303,2025-06-28,Pornography/Obscene Material,SOCIETY,NORTH,Pornography/Obscene Material,78217,2026-09-01
53454629487,2023-12-19,Theft From Coin-Operated Machine or Device,PROPERTY,NORTH,Larceny/Theft Offenses,78217,2026-09-01
52482388963,2023-10-01,Wire Fraud,PROPERTY,NORTH,Fraud Offenses,78217,2026-09-01
53431278207,2023-12-16,Wire Fraud,PROPERTY,NORTH,Fraud Offenses,78217,2026-09-01
68022155117,2026-01-02,Wire Fraud,PROPERTY,NORTH,Fraud Offenses,78217,2026-09-01
53139644536,2023-11-23,Hacking/Computer Invasion,PROPERTY,EAST,Fraud Offenses,78218,2026-09-01
61408578747,2024-12-05,Pornography/Obscene Material,SOCIETY,EAST,Pornography/Obscene Material,78218,2026-09-01
55981275930,2024-05-07,Wire Fraud,PROPERTY,EAST,Fraud Offenses,78218,2026-09-01
70987200857,2026-06-12,Wire Fraud,PROPERTY,EAST,Fraud Offenses,78218,2026-09-01
52242637336,2023-09-10,Animal Cruelty,SOCIETY,EAST,Animal Cruelty,78219,2026-09-01
56552254239,2024-06-03,Arson,PROPERTY,EAST,Arson,78219,2026-09-01
54521365733,2024-02-29,Embezzlement,PROPERTY,EAST,Embezzlement,78219,2026-09-01
57199926777,2024-06-29,Stolen Property Offenses,PROPERTY,EAST,Stolen Property Offenses,78219,2026-09-01
68344470441,2026-01-29,Wire Fraud,PROPERTY,EAST,Fraud Offenses,78219,2026-09-01
51353084130,2023-07-11,Arson,PROPERTY,EAST,Arson,78220,2026-09-01
53458691427,2023-12-19,Arson,PROPERTY,EAST,Arson,78220,2026-09-01
53520718387,2023-12-21,Fondling,PERSON,EAST,"Sex Offenses, Forcible",78220,2026-09-01
61464539111,2024-12-11,Fondling,PERSON,EAST,"Sex Offenses, Forcible",78220,2026-09-01
68722019769,2026-02-26,Fondling,PERSON,SOUTH,"Sex Offenses, Forcible",78221,2026-09-01
67519375757,2025-11-24,Pornography/Obscene Material,SOCIETY,SOUTH,Pornography/Obscene Material,78221,2026-09-01
52774379046,2023-10-24,Stolen Property Offenses,PROPERTY,SOUTH,Stolen Property Offenses,78221,2026-09-01
58232199515,2024-08-07,Animal Cruelty,SOCIETY,EAST,Animal Cruelty,78222,2026-09-01
71723830745,2026-07-18,Pornography/Obscene Material,SOCIETY,EAST,Pornography/Obscene Material,78222,2026-09-01
68611304793,2026-02-18,Embezzlement,PROPERTY,EAST,Embezzlement,78223,2026-09-01
72258330028,2026-08-17,Fondling,PERSON,EAST,"Sex Offenses, Forcible",78223,2026-09-01
68153745125,2026-01-12,Pornography/Obscene Material,SOCIETY,SOUTH,Pornography/Obscene Material,78223,2026-09-01
50028412136,2023-05-20,Sodomy,PERSON,SOUTH,"Sex Offenses, Forcible",78223,2026-09-01
52198571906,2023-09-05,Stolen Property Offenses,PROPERTY,SOUTH,Stolen Property Offenses,78223,2026-09-01
63779576969,2025-05-01,Wire Fraud,PROPERTY,SOUTH,Fraud Offenses,78223,2026-09-01
70638172686,2026-05-23,Wire Fraud,PROPERTY,SOUTH,Fraud Offenses,78223,2026-09-01
49341447993,2023-05-04,Embezzlement,PROPERTY,SOUTH,Embezzlement,78224,2026-09-01
45932248139,2023-03-10,"Human Trafficking, Commercial Sex Acts",PERSON,SOUTH,Human Trafficking,78226,2026-09-01
43549737576,2023-02-26,Wire Fraud,PROPERTY,SOUTH,Fraud Offenses,78226,2026-09-01
53750246693,2024-01-12,Animal Cruelty,SOCIETY,WEST,Animal Cruelty,78227,2026-09-01
44417276242,2023-03-01,Fondling,PERSON,WEST,"Sex Offenses, Forcible",78227,2026-09-01
51654884733,2023-08-01,Fondling,PERSON,WEST,"Sex Offenses, Forcible",78227,2026-09-01
53104019130,2023-11-18,Fondling,PERSON,WEST,"Sex Offenses, Forcible",78228,2026-09-01
41267268343,2023-01-28,Embezzlement,PROPERTY,PRUE,Embezzlement,78229,2026-09-01
68020210084,2026-01-02,Pornography/Obscene Material,SOCIETY,PRUE,Pornography/Obscene Material,78229,2026-09-01
49392397968,2023-05-09,Sodomy,PERSON,PRUE,"Sex Offenses, Forcible",78229,2026-09-01
51785847292,2023-08-10,Sodomy,PERSON,PRUE,"Sex Offenses, Forcible",78229,2026-09-01
67759909007,2025-12-10,Stolen Property Offenses,PROPERTY,PRUE,Stolen Property Offenses,78229,2026-09-01
71863866851,2026-07-26,Impersonation,PROPERTY,PRUE,Fraud Offenses,78230,2026-09-01
66947407006,2025-10-29,Stolen Property Offenses,PROPERTY,PRUE,Stolen Property Offenses,78230,2026-09-01
60109987395,2024-10-18,Embezzlement,PROPERTY,NORTH,Embezzlement,78232,2026-09-01
49399627123,2023-05-10,Prostitution,SOCIETY,NORTH,Prostitution Offenses,78232,2026-09-01
46663679996,2023-03-16,Impersonation,PROPERTY,NORTH,Fraud Offenses,78233,2026-09-01
55838294729,2024-05-03,Welfare Fraud,PROPERTY,NORTH,Fraud Offenses,78233,2026-09-01
50455976904,2023-05-31,Wire Fraud,PROPERTY,SOUTH,Fraud Offenses,78235,2026-09-01
71250813474,2026-07-01,Bribery,PROPERTY,CENTRAL,Bribery,78237,2026-09-01
66729187266,2025-10-15,Fondling,PERSON,WEST,"Sex Offenses, Forcible",78237,2026-09-01
51481601781,2023-07-24,Kidnapping/Abduction,PERSON,WEST,Kidnapping/Abduction,78237,2026-09-01
66290067544,2025-09-29,Pornography/Obscene Material,SOCIETY,WEST,Pornography/Obscene Material,78237,2026-09-01
51354693333,2023-07-10,Sodomy,PERSON,WEST,"Sex Offenses, Forcible",78237,2026-09-01
66830575353,2025-10-21,Stolen Property Offenses,PROPERTY,WEST,Stolen Property Offenses,78237,2026-09-01
64343489891,2025-06-05,Wire Fraud,PROPERTY,WEST,Fraud Offenses,78237,2026-09-01
52865186682,2023-11-01,Murder & Nonnegligent Manslaughter,PERSON,WEST,Homicide Offenses,78238,2026-09-01
71124318359,2026-06-23,Pornography/Obscene Material,SOCIETY,WEST,Pornography/Obscene Material,78238,2026-09-01
67884668013,2025-12-20,Stolen Property Offenses,PROPERTY,WEST,Stolen Property Offenses,78238,2026-09-01
68261433023,2026-01-21,Stolen Property Offenses,PROPERTY,WEST,Stolen Property Offenses,78238,2026-09-01
50932850109,2023-06-03,Extortion/Blackmail,PROPERTY,PRUE,Extortion/Blackmail,78240,2026-09-01
71970481094,2026-08-03,Impersonation,PROPERTY,PRUE,Fraud Offenses,78240,2026-09-01
51892591702,2023-08-14,Pornography/Obscene Material,SOCIETY,PRUE,Pornography/Obscene Material,78240,2026-09-01
52034099625,2023-08-27,Stolen Property Offenses,PROPERTY,PRUE,Stolen Property Offenses,78240,2026-09-01
51534598255,2023-07-28,Wire Fraud,PROPERTY,PRUE,Fraud Offenses,78240,2026-09-01
64043017701,2025-05-19,Fondling,PERSON,SOUTH,"Sex Offenses, Forcible",78242,2026-09-01
51069927972,2023-06-21,Hacking/Computer Invasion,PROPERTY,SOUTH,Fraud Offenses,78242,2026-09-01
52415597119,2023-09-24,Pornography/Obscene Material,SOCIETY,SOUTH,Pornography/Obscene Material,78242,2026-09-01
63654437020,2025-04-21,Fondling,PERSON,WEST,"Sex Offenses, Forcible",78245,2026-09-01
58392701015,2024-08-14,Pornography/Obscene Material,SOCIETY,WEST,Pornography/Obscene Material,78245,2026-09-01
71084945390,2026-06-20,Wire Fraud,PROPERTY,WEST,Fraud Offenses,78245,2026-09-01
56043600738,2024-05-11,Stolen Property Offenses,PROPERTY,NORTH,Stolen Property Offenses,78247,2026-09-01
50972388088,2023-06-08,Wire Fraud,PROPERTY,NORTH,Fraud Offenses,78247,2026-09-01
67891009438,2025-12-21,Wire Fraud,PROPERTY,NORTH,Fraud Offenses,78247,2026-09-01
55677260978,2024-04-25,Wire Fraud,PROPERTY,PRUE,Fraud Offenses,78249,2026-09-01
39789640752,2023-01-06,Fondling,PERSON,PRUE,"Sex Offenses, Forcible",78250,2026-09-01
54640350277,2024-03-09,Impersonation,PROPERTY,PRUE,Fraud Offenses,78250,2026-09-01
54064144174,2024-02-06,Pornography/Obscene Material,SOCIETY,PRUE,Pornography/Obscene Material,78250,2026-09-01
67793076472,2025-12-13,Pornography/Obscene Material,SOCIETY,PRUE,Pornography/Obscene Material,78250,2026-09-01
51929506259,2023-08-17,Sexual Assault With An Object,PERSON,PRUE,"Sex Offenses, Forcible",78250,2026-09-01
53476973493,2023-12-21,Wire Fraud,PROPERTY,PRUE,Fraud Offenses,78250,2026-09-01
53920904108,2024-01-27,Animal Cruelty,SOCIETY,WEST,Animal Cruelty,78251,2026-09-01
63418806137,2025-04-01,Fondling,PERSON,WEST,"Sex Offenses, Forcible",78251,2026-09-01
59958042297,2024-10-08,Wire Fraud,PROPERTY,WEST,Fraud Offenses,78251,2026-09-01
71909419321,2026-07-29,Wire Fraud,PROPERTY,WEST,Fraud Offenses,78251,2026-09-01
51360420325,2023-07-11,Fondling,PERSON,SOUTH,"Sex Offenses, Forcible",78252,2026-09-01
68426249285,2026-02-05,Wire Fraud,PROPERTY,PRUE,Fraud Offenses,78254,2026-09-01
67653647682,2025-12-03,Kidnapping/Abduction,PERSON,PRUE,Kidnapping/Abduction,78256,2026-09-01
40657951817,2023-01-13,Fondling,PERSON,NORTH,"Sex Offenses, Forcible",78258,2026-09-01
68706054385,2026-02-25,Fondling,PERSON,NORTH,"Sex Offenses, Forcible",78258,2026-09-01
52445904614,2023-09-26,Impersonation,PROPERTY,NORTH,Fraud Offenses,78258,2026-09-01
55169504528,2024-04-03,Negligent Manslaughter,PERSON,NORTH,Homicide Offenses,78258,2026-09-01
57497236052,2024-07-08,Wire Fraud,PROPERTY,NORTH,Fraud Offenses,78258,2026-09-01
66097161421,2025-09-17,Fondling,PERSON,NORTH,"Sex Offenses, Forcible",78259,2026-09-01
53733024291,2024-01-11,Wire Fraud,PROPERTY,PRUE,Fraud Offenses,78288,2026-09-01
46562417008,2023-03-15,Fondling,PERSON,SOUTH,"Sex Offenses, Forcible",Out of Jurisdiction,2026-09-01
51456931799,2023-07-21,Fondling,PERSON,CENTRAL,"Sex Offenses, Forcible",Out of Jurisdiction,2026-09-01
69596845302,2026-04-08,Fondling,PERSON,PRUE,"Sex Offenses, Forcible",Out of Jurisdiction,2026-09-01
64156795515,2025-05-27,Pornography/Obscene Material,SOCIETY,SOUTH,Pornography/Obscene Material,Out of Jurisdiction,2026-09-01
67191004137,2025-11-04,Pornography/Obscene Material,SOCIETY,PRUE,Pornography/Obscene Material,Out of Jurisdiction,2026-09-01
48054213223,2023-03-29,Sexual Assault With An Object,PERSON,EAST,"Sex Offenses, Forcible",Out of Jurisdiction,2026-09-01
51707767729,2023-08-05,Sexual Assault With An Object,PERSON,CENTRAL,"Sex Offenses, Forcible",Out of Jurisdiction,2026-09-01
62608035733,2025-02-04,Wire Fraud,PROPERTY,SOUTH,Fraud Offenses,Out of Jurisdiction,2026-09-01
70814344182,2026-06-01,Arson,PROPERTY,WEST,Arson,78201,2026-09-01
69467844809,2026-03-30,Fondling,PERSON,WEST,"Sex Offenses, Forcible",78201,2026-09-01
69162421439,2026-03-10,Hacking/Computer Invasion,PROPERTY,WEST,Fraud Offenses,78201,2026-09-01
63322367952,2025-03-25,Prostitution,SOCIETY,WEST,Prostitution Offenses,78201,2026-09-01
58034581246,2024-08-02,Sodomy,PERSON,WEST,"Sex Offenses, Forcible",78201,2026-09-01
52348108288,2023-09-18,Wire Fraud,PROPERTY,WEST,Fraud Offenses,78201,2026-09-01
45884620780,2023-03-10,Arson,PROPERTY,EAST,Arson,78202,2026-09-01
57608352464,2024-07-14,Murder & Nonnegligent Manslaughter,PERSON,EAST,Homicide Offenses,78202,2026-09-01
42303732287,2023-02-14,Pornography/Obscene Material,SOCIETY,EAST,Pornography/Obscene Material,78202,2026-09-01
54402797705,2024-02-26,Stolen Property Offenses,PROPERTY,EAST,Stolen Property Offenses,78202,2026-09-01
52416502155,2023-09-24,Sodomy,PERSON,EAST,"Sex Offenses, Forcible",78203,2026-09-01
51923251177,2023-08-17,Arson,PROPERTY,CENTRAL,Arson,78204,2026-09-01
60511018886,2024-11-06,Impersonation,PROPERTY,CENTRAL,Fraud Offenses,78204,2026-09-01
53644163624,2024-01-04,Stolen Property Offenses,PROPERTY,CENTRAL,Stolen Property Offenses,78204,2026-09-01
48981784543,2023-04-08,Fondling,PERSON,CENTRAL,"Sex Offenses, Forcible",78205,2026-09-01
51794103276,2023-08-11,Fondling,PERSON,CENTRAL,"Sex Offenses, Forcible",78205,2026-09-01
53601602532,2023-12-31,Fondling,PERSON,CENTRAL,"Sex Offenses, Forcible",78205,2026-09-01
47396026407,2023-03-23,Pocket-picking,PROPERTY,CENTRAL,Larceny/Theft Offenses,78205,2026-09-01
53542449869,2023-12-23,Pocket-picking,PROPERTY,CENTRAL,Larceny/Theft Offenses,78205,2026-09-01
56432680322,2024-05-27,Pocket-picking,PROPERTY,DOWNTOWN,Larceny/Theft Offenses,78205,2026-09-01
71899743446,2026-07-28,Pocket-picking,PROPERTY,DOWNTOWN,Larceny/Theft Offenses,78205,2026-09-01
65357164667,2025-08-07,Animal Cruelty,SOCIETY,DOWNTOWN,Animal Cruelty,78207,2026-09-01
57196110195,2024-06-28,Embezzlement,PROPERTY,CENTRAL,Embezzlement,78207,2026-09-01
69289965955,2026-03-18,Fondling,PERSON,DOWNTOWN,"Sex Offenses, Forcible",78207,2026-09-01
51553037512,2023-07-30,Prostitution,SOCIETY,CENTRAL,Prostitution Offenses,78207,2026-09-01
64308767431,2025-06-04,Prostitution,SOCIETY,CENTRAL,Prostitution Offenses,78207,2026-09-01
52294560471,2023-09-15,Sexual Assault With An Object,PERSON,CENTRAL,"Sex Offenses, Forcible",78207,2026-09-01
56420186427,2024-05-26,Stolen Property Offenses,PROPERTY,CENTRAL,Stolen Property Offenses,78207,2026-09-01
50925071198,2023-06-02,Kidnapping/Abduction,PERSON,NORTH,Kidnapping/Abduction,78209,2026-09-01
49254997608,2023-04-26,Fondling,PERSON,CENTRAL,"Sex Offenses, Forcible",78210,2026-09-01
55173372289,2024-04-04,Murder & Nonnegligent Manslaughter,PERSON,CENTRAL,Homicide Offenses,78210,2026-09-01
67913789834,2025-12-23,Prostitution,SOCIETY,SOUTH,Prostitution Offenses,78210,2026-09-01
49294050497,2023-04-27,Sexual Assault With An Object,PERSON,EAST,"Sex Offenses, Forcible",78210,2026-09-01
42496135409,2023-02-16,Sexual Assault With An Object,PERSON,SOUTH,"Sex Offenses, Forcible",78211,2026-09-01
65106045339,2025-07-24,Stolen Property Offenses,PROPERTY,SOUTH,Stolen Property Offenses,78211,2026-09-01
59986512491,2024-10-09,Fondling,PERSON,DOWNTOWN,"Sex Offenses, Forcible",78212,2026-09-01
53997047703,2024-02-01,Wire Fraud,PROPERTY,CENTRAL,Fraud Offenses,78212,2026-09-01
54405549382,2024-02-26,Arson,PROPERTY,CENTRAL,Arson,78213,2026-09-01
54544466088,2024-03-01,Embezzlement,PROPERTY,CENTRAL,Embezzlement,78213,2026-09-01
51502881442,2023-07-25,Extortion/Blackmail,PROPERTY,NORTH,Extortion/Blackmail,78213,2026-09-01
60020675027,2024-10-12,Pornography/Obscene Material,SOCIETY,NORTH,Pornography/Obscene Material,78213,2026-09-01
51435969142,2023-07-20,Murder & Nonnegligent Manslaughter,PERSON,SOUTH,Homicide Offenses,78214,2026-09-01
53877270262,2024-01-24,Murder & Nonnegligent Manslaughter,PERSON,SOUTH,Homicide Offenses,78214,2026-09-01
54753395906,2024-03-16,Pornography/Obscene Material,SOCIETY,SOUTH,Pornography/Obscene Material,78214,2026-09-01
55012721481,2024-03-27,Stolen Property Offenses,PROPERTY,SOUTH,Stolen Property Offenses,78214,2026-09-01
49244058967,2023-04-24,Wire Fraud,PROPERTY,SOUTH,Fraud Offenses,78214,2026-09-01
65056915380,2025-07-21,Wire Fraud,PROPERTY,SOUTH,Fraud Offenses,78214,2026-09-01
52561876086,2023-10-11,Embezzlement,PROPERTY,CENTRAL,Embezzlement,78215,2026-09-01
58637209939,2024-08-30,Extortion/Blackmail,PROPERTY,NORTH,Extortion/Blackmail,78216,2026-09-01
55854255601,2024-05-05,Murder & Nonnegligent Manslaughter,PERSON,NORTH,Homicide Offenses,78216,2026-09-01
53855223904,2024-01-21,Pornography/Obscene Material,SOCIETY,NORTH,Pornography/Obscene Material,78216,2026-09-01
65607929973,2025-08-26,Pornography/Obscene Material,SOCIETY,NORTH,Pornography/Obscene Material,78216,2026-09-01
67830640219,2025-12-16,Pornography/Obscene Material,SOCIETY,NORTH,Pornography/Obscene Material,78216,2026-09-01
40262481833,2023-01-09,Sodomy,PERSON,NORTH,"Sex Offenses, Forcible",78216,2026-09-01
49335594469,2023-05-03,Theft From Coin-Operated Machine or Device,PROPERTY,NORTH,Larceny/Theft Offenses,78216,2026-09-01
52462075997,2023-09-28,Wire Fraud,PROPERTY,NORTH,Fraud Offenses,78216,2026-09-01
68782389205,2026-03-02,Fondling,PERSON,NORTH,"Sex Offenses, Forcible",78217,2026-09-01
53959367781,2024-01-30,Impersonation,PROPERTY,NORTH,Fraud Offenses,78217,2026-09-01
58683308802,2024-09-02,Hacking/Computer Invasion,PROPERTY,EAST,Fraud Offenses,78218,2026-09-01
47396635114,2023-03-24,Wire Fraud,PROPERTY,EAST,Fraud Offenses,78219,2026-09-01
64520143559,2025-06-14,Arson,PROPERTY,EAST,Arson,78220,2026-09-01
62687719895,2025-02-09,Fondling,PERSON,EAST,"Sex Offenses, Forcible",78220,2026-09-01
71533513470,2026-07-09,Fondling,PERSON,EAST,"Sex Offenses, Forcible",78220,2026-09-01
42888753223,2023-02-20,Embezzlement,PROPERTY,SOUTH,Embezzlement,78221,2026-09-01
58300373583,2024-08-11,Extortion/Blackmail,PROPERTY,EAST,Extortion/Blackmail,78222,2026-09-01
51065069200,2023-06-20,Fondling,PERSON,SOUTH,"Sex Offenses, Forcible",78223,2026-09-01
52111427424,2023-09-01,Fondling,PERSON,EAST,"Sex Offenses, Forcible",78223,2026-09-01
66370777358,2025-10-05,Fondling,PERSON,EAST,"Sex Offenses, Forcible",78223,2026-09-01
70405244473,2026-05-11,Fondling,PERSON,SOUTH,"Sex Offenses, Forcible",78223,2026-09-01
70444245214,2026-05-13,Fondling,PERSON,SOUTH,"Sex Offenses, Forcible",78223,2026-09-01
69559381400,2026-04-05,Pornography/Obscene Material,SOCIETY,SOUTH,Pornography/Obscene Material,78223,2026-09-01
68488998704,2026-02-09,Embezzlement,PROPERTY,SOUTH,Embezzlement,78224,2026-09-01
53564482306,2023-12-27,Pocket-picking,PROPERTY,SOUTH,Larceny/Theft Offenses,78224,2026-09-01
57208946409,2024-06-30,Pornography/Obscene Material,SOCIETY,SOUTH,Pornography/Obscene Material,78224,2026-09-01
43083800469,2023-02-22,Kidnapping/Abduction,PERSON,SOUTH,Kidnapping/Abduction,78225,2026-09-01
72524203229,2026-08-30,Pornography/Obscene Material,SOCIETY,SOUTH,Pornography/Obscene Material,78226,2026-09-01
62414309770,2025-01-23,Fondling,PERSON,WEST,"Sex Offenses, Forcible",78227,2026-09-01
72413575379,2026-08-24,Fondling,PERSON,WEST,"Sex Offenses, Forcible",78227,2026-09-01
71218863041,2026-06-29,Impersonation,PROPERTY,WEST,Fraud Offenses,78227,2026-09-01
57604300619,2024-07-14,Kidnapping/Abduction,PERSON,WEST,Kidnapping/Abduction,78227,2026-09-01
55258252448,2024-04-07,Pornography/Obscene Material,SOCIETY,WEST,Pornography/Obscene Material,78227,2026-09-01
54754405486,2024-03-16,Stolen Property Offenses,PROPERTY,WEST,Stolen Property Offenses,78227,2026-09-01
55214681713,2024-04-05,Stolen Property Offenses,PROPERTY,WEST,Stolen Property Offenses,78227,2026-09-01
69407015321,2026-03-25,Stolen Property Offenses,PROPERTY,WEST,Stolen Property Offenses,78227,2026-09-01
63541062423,2025-04-11,Fondling,PERSON,WEST,"Sex Offenses, Forcible",78228,2026-09-01
42793174525,2023-02-19,Murder & Nonnegligent Manslaughter,PERSON,WEST,Homicide Offenses,78228,2026-09-01
64347324400,2025-06-05,Prostitution,SOCIETY,WEST,Prostitution Offenses,78228,2026-09-01
52724140411,2023-10-21,Sexual Assault With An Object,PERSON,WEST,"Sex Offenses, Forcible",78228,2026-09-01
54971897494,2024-03-23,Sexual Assault With An Object,PERSON,WEST,"Sex Offenses, Forcible",78228,2026-09-01
52975156246,2023-11-09,Sodomy,PERSON,WEST,"Sex Offenses, Forcible",78228,2026-09-01
62803399831,2025-02-15,Wire Fraud,PROPERTY,WEST,Fraud Offenses,78228,2026-09-01
71757906063,2026-07-20,Wire Fraud,PROPERTY,WEST,Fraud Offenses,78228,2026-09-01
39692473316,2023-01-05,Embezzlement,PROPERTY,PRUE,Embezzlement,78229,2026-09-01
49013406499,2023-04-13,Fondling,PERSON,PRUE,"Sex Offenses, Forcible",78229,2026-09-01
53776979098,2024-01-14,Stolen Property Offenses,PROPERTY,PRUE,Stolen Property Offenses,78229,2026-09-01
60819654694,2024-11-14,Stolen Property Offenses,PROPERTY,PRUE,Stolen Property Offenses,78229,2026-09-01
62509651911,2025-01-29,Wire Fraud,PROPERTY,PRUE,Fraud Offenses,78229,2026-09-01
70982516420,2026-06-12,Wire Fraud,PROPERTY,PRUE,Fraud Offenses,78229,2026-09-01
65644020052,2025-08-28,Impersonation,PROPERTY,PRUE,Fraud Offenses,78230,2026-09-01
62937001379,2025-02-27,Prostitution,SOCIETY,PRUE,Prostitution Offenses,78230,2026-09-01
52426718402,2023-09-25,Wire Fraud,PROPERTY,PRUE,Fraud Offenses,78230,2026-09-01
67792722377,2025-12-13,Wire Fraud,PROPERTY,PRUE,Fraud Offenses,78230,2026-09-01
57656077737,2024-07-16,Animal Cruelty,SOCIETY,NORTH,Animal Cruelty,78232,2026-09-01
51448219761,2023-07-20,Impersonation,PROPERTY,PRUE,Fraud Offenses,78232,2026-09-01
72066860716,2026-08-09,Stolen Property Offenses,PROPERTY,NORTH,Stolen Property Offenses,78232,2026-09-01
53229662189,2023-11-27,Fondling,PERSON,WEST,"Sex Offenses, Forcible",78237,2026-09-01
60917087049,2024-11-20,Fondling,PERSON,WEST,"Sex Offenses, Forcible",78237,2026-09-01
52434419324,2023-09-25,Pocket-picking,PROPERTY,WEST,Larceny/Theft Offenses,78237,2026-09-01
53111493408,2023-11-19,Prostitution,SOCIETY,WEST,Prostitution Offenses,78237,2026-09-01
64034313828,2025-05-18,Extortion/Blackmail,PROPERTY,WEST,Extortion/Blackmail,78238,2026-09-01
57039409720,2024-06-23,Pornography/Obscene Material,SOCIETY,WEST,Pornography/Obscene Material,78238,2026-09-01
62404180345,2025-01-22,Stolen Property Offenses,PROPERTY,WEST,Stolen Property Offenses,78238,2026-09-01
52527900213,2023-10-07,Wire Fraud,PROPERTY,WEST,Fraud Offenses,78238,2026-09-01
53576024258,2023-12-28,Impersonation,PROPERTY,PRUE,Fraud Offenses,78240,2026-09-01
52356136830,2023-09-18,Purse-snatching,PROPERTY,PRUE,Larceny/Theft Offenses,78240,2026-09-01
52823660047,2023-10-28,Arson,PROPERTY,SOUTH,Arson,78242,2026-09-01
49241401086,2023-04-24,Stolen Property Offenses,PROPERTY,SOUTH,Stolen Property Offenses,78242,2026-09-01
71731992400,2026-07-19,Stolen Property Offenses,PROPERTY,SOUTH,Stolen Property Offenses,78242,2026-09-01
56805714670,2024-06-11,Theft From Coin-Operated Machine or Device,PROPERTY,EAST,Larceny/Theft Offenses,78244,2026-09-01
58731017404,2024-09-04,Theft From Coin-Operated Machine or Device,PROPERTY,EAST,Larceny/Theft Offenses,78244,2026-09-01
50869064396,2023-06-01,Fondling,PERSON,WEST,"Sex Offenses, Forcible",78245,2026-09-01
52583806421,2023-10-14,Murder & Nonnegligent Manslaughter,PERSON,WEST,Homicide Offenses,78245,2026-09-01
55935435323,2024-05-06,Wire Fraud,PROPERTY,WEST,Fraud Offenses,78245,2026-09-01
64977248725,2025-07-15,Embezzlement,PROPERTY,NORTH,Embezzlement,78247,2026-09-01
67945415136,2025-12-28,Pornography/Obscene Material,SOCIETY,NORTH,Pornography/Obscene Material,78247,2026-09-01
47612169286,2023-03-25,Wire Fraud,PROPERTY,NORTH,Fraud Offenses,78247,2026-09-01
69391341248,2026-03-24,Embezzlement,PROPERTY,PRUE,Embezzlement,78248,2026-09-01
63425747451,2025-04-01,Wire Fraud,PROPERTY,PRUE,Fraud Offenses,78248,2026-09-01
71358921544,2026-07-04,Pornography/Obscene Material,SOCIETY,PRUE,Pornography/Obscene Material,78249,2026-09-01
71006281170,2026-06-14,Wire Fraud,PROPERTY,PRUE,Fraud Offenses,78249,2026-09-01
51340040044,2023-07-08,Fondling,PERSON,PRUE,"Sex Offenses, Forcible",78250,2026-09-01
63555086724,2025-04-13,Fondling,PERSON,PRUE,"Sex Offenses, Forcible",78250,2026-09-01
52474887244,2023-09-30,Pornography/Obscene Material,SOCIETY,PRUE,Pornography/Obscene Material,78250,2026-09-01
62275104722,2025-01-15,Wire Fraud,PROPERTY,PRUE,Fraud Offenses,78250,2026-09-01
70845608294,2026-06-02,Wire Fraud,PROPERTY,PRUE,Fraud Offenses,78250,2026-09-01
70882694597,2026-06-05,Embezzlement,PROPERTY,WEST,Embezzlement,78251,2026-09-01
53573326789,2023-12-28,Theft From Coin-Operated Machine or Device,PROPERTY,PRUE,Larceny/Theft Offenses,78251,2026-09-01
52905957505,2023-11-04,Murder & Nonnegligent Manslaughter,PERSON,SOUTH,Homicide Offenses,78252,2026-09-01
67439715344,2025-11-19,Pornography/Obscene Material,SOCIETY,PRUE,Pornography/Obscene Material,78254,2026-09-01
68505303068,2026-02-10,Stolen Property Offenses,PROPERTY,PRUE,Stolen Property Offenses,78254,2026-09-01
65579583550,2025-08-24,Theft From Coin-Operated Machine or Device,PROPERTY,PRUE,Larceny/Theft Offenses,78254,2026-09-01
53345852015,2023-12-08,Arson,PROPERTY,PRUE,Arson,78255,2026-09-01
72071766054,2026-08-09,Pornography/Obscene Material,SOCIETY,PRUE,Pornography/Obscene Material,78257,2026-09-01
63790082693,2025-05-03,Embezzlement,PROPERTY,NORTH,Embezzlement,78258,2026-09-01
54702762921,2024-03-12,Fondling,PERSON,NORTH,"Sex Offenses, Forcible",78258,2026-09-01
47940343519,2023-03-28,Wire Fraud,PROPERTY,NORTH,Fraud Offenses,78258,2026-09-01
68585173173,2026-02-16,Wire Fraud,PROPERTY,NORTH,Fraud Offenses,78259,2026-09-01
63963467688,2025-05-13,Impersonation,PROPERTY,PRUE,Fraud Offenses,Out of Jurisdiction,2026-09-01
51384059479,2023-07-20,Pornography/Obscene Material,SOCIETY,CENTRAL,Pornography/Obscene Material,78201,2026-09-01
53017642704,2023-11-13,Sexual Assault With An Object,PERSON,CENTRAL,"Sex Offenses, Forcible",78201,2026-09-01
51359536058,2023-07-11,Wire Fraud,PROPERTY,CENTRAL,Fraud Offenses,78201,2026-09-01
62402459215,2025-01-22,Arson,PROPERTY,EAST,Arson,78202,2026-09-01
53812552895,2024-01-16,Theft From Coin-Operated Machine or Device,PROPERTY,EAST,Larceny/Theft Offenses,78202,2026-09-01
63049186135,2025-03-05,Welfare Fraud,PROPERTY,EAST,Fraud Offenses,78202,2026-09-01
52014085568,2023-08-25,Wire Fraud,PROPERTY,EAST,Fraud Offenses,78203,2026-09-01
60867461775,2024-11-18,Extortion/Blackmail,PROPERTY,DOWNTOWN,Extortion/Blackmail,78204,2026-09-01
68594622410,2026-02-17,Fondling,PERSON,DOWNTOWN,"Sex Offenses, Forcible",78204,2026-09-01
62188486426,2025-01-07,Pornography/Obscene Material,SOCIETY,DOWNTOWN,Pornography/Obscene Material,78204,2026-09-01
57860905127,2024-07-22,Pornography/Obscene Material,SOCIETY,DOWNTOWN,Pornography/Obscene Material,78205,2026-09-01
55847571089,2024-05-04,Pocket-picking,PROPERTY,CENTRAL,Larceny/Theft Offenses,78206,2026-09-01
59853036556,2024-10-04,Arson,PROPERTY,CENTRAL,Arson,78207,2026-09-01
55652673907,2024-04-23,Fondling,PERSON,CENTRAL,"Sex Offenses, Forcible",78207,2026-09-01
67060815360,2025-10-30,Fondling,PERSON,CENTRAL,"Sex Offenses, Forcible",78207,2026-09-01
54409348627,2024-05-21,Murder & Nonnegligent Manslaughter,PERSON,CENTRAL,Homicide Offenses,78207,2026-09-01
51025901084,2023-06-15,Pocket-picking,PROPERTY,CENTRAL,Larceny/Theft Offenses,78207,2026-09-01
54709431879,2024-03-17,Pornography/Obscene Material,SOCIETY,CENTRAL,Pornography/Obscene Material,78207,2026-09-01
64402118193,2025-06-08,Prostitution,SOCIETY,CENTRAL,Prostitution Offenses,78207,2026-09-01
68490862826,2026-02-09,Prostitution,SOCIETY,CENTRAL,Prostitution Offenses,78207,2026-09-01
64940469578,2025-07-12,Negligent Manslaughter,PERSON,PRUE,Homicide Offenses,78208,2026-09-01
52973415155,2023-11-09,Sexual Assault With An Object,PERSON,EAST,"Sex Offenses, Forcible",78208,2026-09-01
54344583261,2024-02-24,Fondling,PERSON,NORTH,"Sex Offenses, Forcible",78209,2026-09-01
56073008946,2024-05-14,Pornography/Obscene Material,SOCIETY,NORTH,Pornography/Obscene Material,78209,2026-09-01
56884151131,2024-06-16,Pornography/Obscene Material,SOCIETY,NORTH,Pornography/Obscene Material,78209,2026-09-01
62198208790,2025-01-08,Stolen Property Offenses,PROPERTY,DOWNTOWN,Stolen Property Offenses,78209,2026-09-01
62430341096,2025-01-24,Theft From Coin-Operated Machine or Device,PROPERTY,NORTH,Larceny/Theft Offenses,78209,2026-09-01
68126931176,2026-01-10,Wire Fraud,PROPERTY,NORTH,Fraud Offenses,78209,2026-09-01
40379062070,2023-01-10,Fondling,PERSON,EAST,"Sex Offenses, Forcible",78210,2026-09-01
67425717450,2025-11-19,Kidnapping/Abduction,PERSON,DOWNTOWN,Kidnapping/Abduction,78210,2026-09-01
47944251448,2023-03-28,Prostitution,SOCIETY,SOUTH,Prostitution Offenses,78210,2026-09-01
51278792926,2023-07-05,Prostitution,SOCIETY,SOUTH,Prostitution Offenses,78210,2026-09-01
51166453550,2023-06-30,Sodomy,PERSON,EAST,"Sex Offenses, Forcible",78210,2026-09-01
65473635826,2025-08-15,Stolen Property Offenses,PROPERTY,EAST,Stolen Property Offenses,78210,2026-09-01
42494102143,2023-02-16,Fondling,PERSON,SOUTH,"Sex Offenses, Forcible",78211,2026-09-01
70792531031,2026-05-29,Pornography/Obscene Material,SOCIETY,SOUTH,Pornography/Obscene Material,78211,2026-09-01
49352762654,2023-05-05,Sodomy,PERSON,SOUTH,"Sex Offenses, Forcible",78211,2026-09-01
49603221861,2023-05-12,Kidnapping/Abduction,PERSON,CENTRAL,Kidnapping/Abduction,78212,2026-09-01
60353422174,2024-11-01,Kidnapping/Abduction,PERSON,DOWNTOWN,Kidnapping/Abduction,78212,2026-09-01
58629627373,2024-08-29,Sodomy,PERSON,DOWNTOWN,"Sex Offenses, Forcible",78212,2026-09-01
52219217486,2023-09-07,Pornography/Obscene Material,SOCIETY,NORTH,Pornography/Obscene Material,78213,2026-09-01
69787626121,2026-04-22,Arson,PROPERTY,SOUTH,Arson,78214,2026-09-01
52493739299,2023-10-03,Sexual Assault With An Object,PERSON,SOUTH,"Sex Offenses, Forcible",78214,2026-09-01
53125384144,2023-11-21,Sexual Assault With An Object,PERSON,SOUTH,"Sex Offenses, Forcible",78214,2026-09-01
63568143429,2025-04-13,Stolen Property Offenses,PROPERTY,SOUTH,Stolen Property Offenses,78214,2026-09-01
66164760973,2025-09-21,Theft From Coin-Operated Machine or Device,PROPERTY,SOUTH,Larceny/Theft Offenses,78214,2026-09-01
72437250939,2026-08-25,Pornography/Obscene Material,SOCIETY,DOWNTOWN,Pornography/Obscene Material,78215,2026-09-01
52266590442,2023-09-12,Arson,PROPERTY,NORTH,Arson,78216,2026-09-01
65203664699,2025-07-30,Arson,PROPERTY,NORTH,Arson,78216,2026-09-01
50951177630,2023-06-06,"Human Trafficking, Commercial Sex Acts",PERSON,PRUE,Human Trafficking,78216,2026-09-01
53568213160,2023-12-27,Prostitution,SOCIETY,NORTH,Prostitution Offenses,78216,2026-09-01
42701358421,2023-02-18,Stolen Property Offenses,PROPERTY,NORTH,Stolen Property Offenses,78216,2026-09-01
52594712055,2023-10-15,Stolen Property Offenses,PROPERTY,NORTH,Stolen Property Offenses,78216,2026-09-01
65484735970,2025-08-16,Stolen Property Offenses,PROPERTY,PRUE,Stolen Property Offenses,78216,2026-09-01
49346198748,2023-05-17,Wire Fraud,PROPERTY,NORTH,Fraud Offenses,78216,2026-09-01
62391289987,2025-01-21,Wire Fraud,PROPERTY,NORTH,Fraud Offenses,78216,2026-09-01
66368927004,2025-10-04,Wire Fraud,PROPERTY,NORTH,Fraud Offenses,78216,2026-09-01
51963033353,2023-08-22,Impersonation,PROPERTY,NORTH,Fraud Offenses,78217,2026-09-01
59527933455,2024-09-23,Pornography/Obscene Material,SOCIETY,NORTH,Pornography/Obscene Material,78217,2026-09-01
62037272811,2024-12-28,Stolen Property Offenses,PROPERTY,NORTH,Stolen Property Offenses,78217,2026-09-01
41015277152,2023-01-21,Theft From Coin-Operated Machine or Device,PROPERTY,NORTH,Larceny/Theft Offenses,78217,2026-09-01
51303057193,2023-07-04,Theft From Coin-Operated Machine or Device,PROPERTY,NORTH,Larceny/Theft Offenses,78217,2026-09-01
51516298023,2023-07-26,Theft From Coin-Operated Machine or Device,PROPERTY,NORTH,Larceny/Theft Offenses,78217,2026-09-01
51891588719,2023-08-14,Wire Fraud,PROPERTY,NORTH,Fraud Offenses,78217,2026-09-01
59562146436,2024-09-24,Wire Fraud,PROPERTY,NORTH,Fraud Offenses,78217,2026-09-01
71237292723,2026-06-30,Wire Fraud,PROPERTY,NORTH,Fraud Offenses,78217,2026-09-01
64836362064,2025-07-06,Murder & Nonnegligent Manslaughter,PERSON,EAST,Homicide Offenses,78218,2026-09-01
52288380975,2023-09-14,Wire Fraud,PROPERTY,EAST,Fraud Offenses,78218,2026-09-01
65667409377,2025-08-30,Embezzlement,PROPERTY,EAST,Embezzlement,78219,2026-09-01
64743181140,2025-06-29,Murder & Nonnegligent Manslaughter,PERSON,EAST,Homicide Offenses,78219,2026-09-01
55007365353,2024-03-26,Sodomy,PERSON,EAST,"Sex Offenses, Forcible",78219,2026-09-01
64680530774,2025-06-25,Stolen Property Offenses,PROPERTY,EAST,Stolen Property Offenses,78219,2026-09-01
41153536967,2023-01-24,Fondling,PERSON,EAST,"Sex Offenses, Forcible",78220,2026-09-01
53354442281,2023-12-08,Fondling,PERSON,EAST,"Sex Offenses, Forcible",78220,2026-09-01
41819428922,2023-02-10,Purse-snatching,PROPERTY,EAST,Larceny/Theft Offenses,78220,2026-09-01
52015175539,2023-08-25,Wire Fraud,PROPERTY,EAST,Fraud Offenses,78220,2026-09-01
66182667040,2025-09-22,Embezzlement,PROPERTY,SOUTH,Embezzlement,78221,2026-09-01
42505318471,2023-02-16,Fondling,PERSON,SOUTH,"Sex Offenses, Forcible",78221,2026-09-01
68204292354,2026-01-16,Fondling,PERSON,SOUTH,"Sex Offenses, Forcible",78221,2026-09-01
61879682199,2024-12-17,Pornography/Obscene Material,SOCIETY,SOUTH,Pornography/Obscene Material,78221,2026-09-01
48535583355,2023-04-09,Sexual Assault With An Object,PERSON,SOUTH,"Sex Offenses, Forcible",78221,2026-09-01
46968780365,2023-03-19,Stolen Property Offenses,PROPERTY,SOUTH,Stolen Property Offenses,78221,2026-09-01
67740061445,2025-12-09,Wire Fraud,PROPERTY,EAST,Fraud Offenses,78222,2026-09-01
67600496614,2025-11-29,Fondling,PERSON,EAST,"Sex Offenses, Forcible",78223,2026-09-01
53519731921,2023-12-21,Pornography/Obscene Material,SOCIETY,SOUTH,Pornography/Obscene Material,78223,2026-09-01
67185467209,2025-11-04,Wire Fraud,PROPERTY,SOUTH,Fraud Offenses,78223,2026-09-01
48643205951,2023-04-03,Stolen Property Offenses,PROPERTY,SOUTH,Stolen Property Offenses,78224,2026-09-01
66769395409,2025-10-17,Wire Fraud,PROPERTY,SOUTH,Fraud Offenses,78224,2026-09-01
53087965795,2023-11-16,Fondling,PERSON,WEST,"Sex Offenses, Forcible",78227,2026-09-01
66041200794,2025-09-12,Fondling,PERSON,SOUTH,"Sex Offenses, Forcible",78227,2026-09-01
71712766191,2026-07-17,Impersonation,PROPERTY,WEST,Fraud Offenses,78227,2026-09-01
51169793887,2023-06-30,Pornography/Obscene Material,SOCIETY,SOUTH,Pornography/Obscene Material,78227,2026-09-01
51386815168,2023-07-14,Pornography/Obscene Material,SOCIETY,WEST,Pornography/Obscene Material,78227,2026-09-01
65897887698,2025-09-08,Pornography/Obscene Material,SOCIETY,SOUTH,Pornography/Obscene Material,78227,2026-09-01
53884974842,2024-01-24,Purse-snatching,PROPERTY,WEST,Larceny/Theft Offenses,78227,2026-09-01
52594432222,2023-10-15,Fondling,PERSON,WEST,"Sex Offenses, Forcible",78228,2026-09-01
63590526541,2025-04-15,Fondling,PERSON,WEST,"Sex Offenses, Forcible",78228,2026-09-01
64811583097,2025-07-04,Fondling,PERSON,WEST,"Sex Offenses, Forcible",78228,2026-09-01
56252136302,2024-05-21,Arson,PROPERTY,PRUE,Arson,78230,2026-09-01
58773888695,2024-09-06,Pornography/Obscene Material,SOCIETY,PRUE,Pornography/Obscene Material,78230,2026-09-01
71441614763,2026-07-06,Prostitution,SOCIETY,PRUE,Prostitution Offenses,78230,2026-09-01
67501691535,2025-11-23,Stolen Property Offenses,PROPERTY,PRUE,Stolen Property Offenses,78230,2026-09-01
69481157749,2026-03-31,Extortion/Blackmail,PROPERTY,NORTH,Extortion/Blackmail,78231,2026-09-01
65201667373,2025-07-30,Wire Fraud,PROPERTY,NORTH,Fraud Offenses,78231,2026-09-01
63600361470,2025-04-16,Prostitution,SOCIETY,NORTH,Prostitution Offenses,78232,2026-09-01
51058278855,2023-06-19,Fondling,PERSON,NORTH,"Sex Offenses, Forcible",78233,2026-09-01
63487289637,2025-04-06,"Human Trafficking, Commercial Sex Acts",PERSON,SOUTH,Human Trafficking,78235,2026-09-01
59388828757,2024-09-19,Stolen Property Offenses,PROPERTY,SOUTH,Stolen Property Offenses,78237,2026-09-01
59616974899,2024-09-25,Stolen Property Offenses,PROPERTY,WEST,Stolen Property Offenses,78237,2026-09-01
71041343279,2026-06-17,Animal Cruelty,SOCIETY,WEST,Animal Cruelty,78238,2026-09-01
53092351848,2023-11-17,Impersonation,PROPERTY,WEST,Fraud Offenses,78238,2026-09-01
55212241767,2024-04-05,Sexual Assault With An Object,PERSON,WEST,"Sex Offenses, Forcible",78238,2026-09-01
47609059974,2023-03-25,Stolen Property Offenses,PROPERTY,WEST,Stolen Property Offenses,78238,2026-09-01
50094012555,2023-05-27,Wire Fraud,PROPERTY,WEST,Fraud Offenses,78238,2026-09-01
53078158326,2023-11-15,Wire Fraud,PROPERTY,WEST,Fraud Offenses,78238,2026-09-01
53622087068,2024-01-03,Wire Fraud,PROPERTY,WEST,Fraud Offenses,78238,2026-09-01
70995178758,2026-06-13,Wire Fraud,PROPERTY,WEST,Fraud Offenses,78238,2026-09-01
38715353739,2023-03-02,Arson,PROPERTY,PRUE,Arson,78240,2026-09-01
53239918406,2023-11-28,Fondling,PERSON,PRUE,"Sex Offenses, Forcible",78240,2026-09-01
52605258893,2023-10-16,Stolen Property Offenses,PROPERTY,PRUE,Stolen Property Offenses,78240,2026-09-01
63986203511,2025-05-15,Wire Fraud,PROPERTY,SOUTH,Fraud Offenses,78242,2026-09-01
68038987203,2026-01-04,Negligent Manslaughter,PERSON,EAST,Homicide Offenses,78244,2026-09-01
51378701424,2023-07-13,Welfare Fraud,PROPERTY,EAST,Fraud Offenses,78244,2026-09-01
54106463307,2024-02-09,Fondling,PERSON,WEST,"Sex Offenses, Forcible",78245,2026-09-01
59430856752,2024-09-21,Kidnapping/Abduction,PERSON,WEST,Kidnapping/Abduction,78245,2026-09-01
41287763729,2023-01-29,Pornography/Obscene Material,SOCIETY,WEST,Pornography/Obscene Material,78245,2026-09-01
69529842490,2026-04-03,Pornography/Obscene Material,SOCIETY,WEST,Pornography/Obscene Material,78245,2026-09-01
60206484470,2024-10-25,Extortion/Blackmail,PROPERTY,NORTH,Extortion/Blackmail,78247,2026-09-01
66384594523,2025-10-06,Fondling,PERSON,NORTH,"Sex Offenses, Forcible",78247,2026-09-01
52862378497,2023-11-01,Wire Fraud,PROPERTY,NORTH,Fraud Offenses,78247,2026-09-01
58301014945,2024-08-11,Wire Fraud,PROPERTY,NORTH,Fraud Offenses,78247,2026-09-01
72198037333,2026-08-13,Wire Fraud,PROPERTY,NORTH,Fraud Offenses,78247,2026-09-01
52047458817,2023-08-28,Wire Fraud,PROPERTY,PRUE,Fraud Offenses,78248,2026-09-01
66353457682,2025-10-08,Arson,PROPERTY,PRUE,Arson,78249,2026-09-01
50933472399,2023-06-03,Extortion/Blackmail,PROPERTY,PRUE,Extortion/Blackmail,78249,2026-09-01
55600361981,2024-04-19,Extortion/Blackmail,PROPERTY,PRUE,Extortion/Blackmail,78249,2026-09-01
60977353444,2024-11-24,Extortion/Blackmail,PROPERTY,PRUE,Extortion/Blackmail,78249,2026-09-01
72432472789,2026-08-26,Pornography/Obscene Material,SOCIETY,PRUE,Pornography/Obscene Material,78249,2026-09-01
52864084174,2023-11-01,Stolen Property Offenses,PROPERTY,PRUE,Stolen Property Offenses,78249,2026-09-01
52929234199,2023-11-07,Stolen Property Offenses,PROPERTY,PRUE,Stolen Property Offenses,78249,2026-09-01
49211650262,2023-04-20,Embezzlement,PROPERTY,PRUE,Embezzlement,78250,2026-09-01
53121986066,2023-11-20,Hacking/Computer Invasion,PROPERTY,PRUE,Fraud Offenses,78250,2026-09-01
42189119323,2023-02-13,Embezzlement,PROPERTY,WEST,Embezzlement,78251,2026-09-01
60958102828,2024-11-22,Embezzlement,PROPERTY,WEST,Embezzlement,78251,2026-09-01
66893243028,2025-10-27,Fondling,PERSON,WEST,"Sex Offenses, Forcible",78251,2026-09-01
57970860162,2024-07-30,Kidnapping/Abduction,PERSON,WEST,Kidnapping/Abduction,78251,2026-09-01
51055265960,2023-06-18,Sexual Assault With An Object,PERSON,WEST,"Sex Offenses, Forcible",78251,2026-09-01
50979651368,2023-06-09,Wire Fraud,PROPERTY,WEST,Fraud Offenses,78251,2026-09-01
63778112775,2025-05-01,Wire Fraud,PROPERTY,WEST,Fraud Offenses,78251,2026-09-01
60038530320,2024-10-14,Embezzlement,PROPERTY,WEST,Embezzlement,78253,2026-09-01
34208617937,2026-06-29,Kidnapping/Abduction,PERSON,PRUE,Kidnapping/Abduction,78254,2026-09-01
71974806704,2026-08-04,Pornography/Obscene Material,SOCIETY,PRUE,Pornography/Obscene Material,78254,2026-09-01
57217802505,2024-07-01,Extortion/Blackmail,PROPERTY,NORTH,Extortion/Blackmail,78258,2026-09-01
64668428391,2025-06-24,Wire Fraud,PROPERTY,NORTH,Fraud Offenses,78258,2026-09-01
65007533856,2025-07-18,Wire Fraud,PROPERTY,NORTH,Fraud Offenses,78258,2026-09-01
67449360199,2025-11-20,Wire Fraud,PROPERTY,NORTH,Fraud Offenses,78258,2026-09-01
65004936135,2025-07-17,Pornography/Obscene Material,SOCIETY,NORTH,Pornography/Obscene Material,78259,2026-09-01
68334502256,2026-01-28,Wire Fraud,PROPERTY,NORTH,Fraud Offenses,78259,2026-09-01
51000724723,2023-06-12,Pornography/Obscene Material,SOCIETY,NORTH,Pornography/Obscene Material,78260,2026-09-01
51127095527,2023-06-27,Pornography/Obscene Material,SOCIETY,NORTH,Pornography/Obscene Material,78260,2026-09-01
53304646898,2023-12-05,Arson,PROPERTY,SOUTH,Arson,Out of Jurisdiction,2026-09-01
58289079373,2024-08-10,Animal Cruelty,SOCIETY,CENTRAL,Animal Cruelty,78201,2026-09-01
52074179401,2023-08-30,Fondling,PERSON,WEST,"Sex Offenses, Forcible",78201,2026-09-01
53550903356,2023-12-24,Fondling,PERSON,WEST,"Sex Offenses, Forcible",78201,2026-09-01
59918163846,2024-10-06,Fondling,PERSON,CENTRAL,"Sex Offenses, Forcible",78201,2026-09-01
62857523451,2025-02-20,Fondling,PERSON,WEST,"Sex Offenses, Forcible",78201,2026-09-01
51312090145,2023-07-05,Pornography/Obscene Material,SOCIETY,CENTRAL,Pornography/Obscene Material,78201,2026-09-01
66350950170,2025-10-02,Stolen Property Offenses,PROPERTY,CENTRAL,Stolen Property Offenses,78201,2026-09-01
67318528753,2025-11-12,Pocket-picking,PROPERTY,EAST,Larceny/Theft Offenses,78202,2026-09-01
55985415281,2024-05-07,Welfare Fraud,PROPERTY,EAST,Fraud Offenses,78203,2026-09-01
57182869374,2024-06-27,Embezzlement,PROPERTY,CENTRAL,Embezzlement,78205,2026-09-01
70914250127,2026-06-07,Fondling,PERSON,DOWNTOWN,"Sex Offenses, Forcible",78205,2026-09-01
45102441936,2023-03-06,Pocket-picking,PROPERTY,CENTRAL,Larceny/Theft Offenses,78205,2026-09-01
51330278682,2023-07-07,Sexual Assault With An Object,PERSON,CENTRAL,"Sex Offenses, Forcible",78205,2026-09-01
71776539596,2026-07-21,Embezzlement,PROPERTY,CENTRAL,Embezzlement,78207,2026-09-01
66365465510,2025-10-04,Fondling,PERSON,CENTRAL,"Sex Offenses, Forcible",78207,2026-09-01
48995575272,2023-04-10,"Human Trafficking, Commercial Sex Acts",PERSON,CENTRAL,Human Trafficking,78207,2026-09-01
69509022727,2026-04-02,Kidnapping/Abduction,PERSON,CENTRAL,Kidnapping/Abduction,78207,2026-09-01
52018442823,2023-08-25,Murder & Nonnegligent Manslaughter,PERSON,CENTRAL,Homicide Offenses,78207,2026-09-01
41289081586,2023-01-29,Pocket-picking,PROPERTY,CENTRAL,Larceny/Theft Offenses,78207,2026-09-01
65014626807,2025-07-18,Pornography/Obscene Material,SOCIETY,CENTRAL,Pornography/Obscene Material,78207,2026-09-01
71726467152,2026-07-18,Prostitution,SOCIETY,CENTRAL,Prostitution Offenses,78207,2026-09-01
57631892323,2024-07-15,Purse-snatching,PROPERTY,CENTRAL,Larceny/Theft Offenses,78207,2026-09-01
50988486612,2023-06-10,Sexual Assault With An Object,PERSON,CENTRAL,"Sex Offenses, Forcible",78207,2026-09-01
51763752838,2023-08-10,Sexual Assault With An Object,PERSON,CENTRAL,"Sex Offenses, Forcible",78207,2026-09-01
50987851547,2023-06-10,Welfare Fraud,PROPERTY,CENTRAL,Fraud Offenses,78207,2026-09-01
56440678251,2024-05-28,Welfare Fraud,PROPERTY,CENTRAL,Fraud Offenses,78207,2026-09-01
52235581471,2023-09-09,Pornography/Obscene Material,SOCIETY,NORTH,Pornography/Obscene Material,78209,2026-09-01
72197614914,2026-08-13,Stolen Property Offenses,PROPERTY,NORTH,Stolen Property Offenses,78209,2026-09-01
41047937503,2023-01-22,Wire Fraud,PROPERTY,NORTH,Fraud Offenses,78209,2026-09-01
56432213096,2024-05-27,Wire Fraud,PROPERTY,NORTH,Fraud Offenses,78209,2026-09-01
50041215849,2023-05-21,Stolen Property Offenses,PROPERTY,EAST,Stolen Property Offenses,78210,2026-09-01
67904411204,2025-12-23,Stolen Property Offenses,PROPERTY,EAST,Stolen Property Offenses,78210,2026-09-01
62858006408,2025-02-20,Wire Fraud,PROPERTY,EAST,Fraud Offenses,78210,2026-09-01
62953634266,2025-02-28,Arson,PROPERTY,SOUTH,Arson,78211,2026-09-01
57433250615,2024-07-06,Pornography/Obscene Material,SOCIETY,SOUTH,Pornography/Obscene Material,78211,2026-09-01
52603971187,2023-10-16,Stolen Property Offenses,PROPERTY,SOUTH,Stolen Property Offenses,78211,2026-09-01
57871330164,2024-07-22,Welfare Fraud,PROPERTY,SOUTH,Fraud Offenses,78211,2026-09-01
64667170567,2025-06-24,Fondling,PERSON,DOWNTOWN,"Sex Offenses, Forcible",78212,2026-09-01
62416346408,2025-01-23,Stolen Property Offenses,PROPERTY,DOWNTOWN,Stolen Property Offenses,78212,2026-09-01
63681041278,2025-04-24,Wire Fraud,PROPERTY,CENTRAL,Fraud Offenses,78212,2026-09-01
58497796362,2024-08-22,Prostitution,SOCIETY,CENTRAL,Prostitution Offenses,78213,2026-09-01
52506329992,2023-10-04,Sodomy,PERSON,CENTRAL,"Sex Offenses, Forcible",78213,2026-09-01
46239348710,2023-03-12,Stolen Property Offenses,PROPERTY,CENTRAL,Stolen Property Offenses,78213,2026-09-01
71817251833,2026-07-25,Arson,PROPERTY,SOUTH,Arson,78214,2026-09-01
62252107532,2025-01-13,Fondling,PERSON,SOUTH,"Sex Offenses, Forcible",78214,2026-09-01
71949024827,2026-08-01,Impersonation,PROPERTY,SOUTH,Fraud Offenses,78214,2026-09-01
64324688538,2025-06-04,Wire Fraud,PROPERTY,SOUTH,Fraud Offenses,78214,2026-09-01
65175807196,2025-07-28,Animal Cruelty,SOCIETY,DOWNTOWN,Animal Cruelty,78215,2026-09-01
61985558122,2024-12-23,Pornography/Obscene Material,SOCIETY,DOWNTOWN,Pornography/Obscene Material,78215,2026-09-01
57965221354,2024-07-29,Theft From Coin-Operated Machine or Device,PROPERTY,DOWNTOWN,Larceny/Theft Offenses,78215,2026-09-01
54321366630,2024-02-22,Embezzlement,PROPERTY,NORTH,Embezzlement,78216,2026-09-01
53804675038,2024-01-15,Fondling,PERSON,NORTH,"Sex Offenses, Forcible",78216,2026-09-01
51525720206,2023-07-27,Hacking/Computer Invasion,PROPERTY,NORTH,Fraud Offenses,78216,2026-09-01
56582404666,2024-06-05,Murder & Nonnegligent Manslaughter,PERSON,PRUE,Homicide Offenses,78216,2026-09-01
54852051062,2024-03-19,Prostitution,SOCIETY,NORTH,Prostitution Offenses,78216,2026-09-01
68561737344,2026-02-14,Stolen Property Offenses,PROPERTY,NORTH,Stolen Property Offenses,78216,2026-09-01
53240898078,2023-12-11,Arson,PROPERTY,EAST,Arson,78217,2026-09-01
62153441542,2025-01-05,Arson,PROPERTY,NORTH,Arson,78217,2026-09-01
68022748585,2026-01-02,Extortion/Blackmail,PROPERTY,NORTH,Extortion/Blackmail,78217,2026-09-01
39380527755,2023-01-03,Hacking/Computer Invasion,PROPERTY,NORTH,Fraud Offenses,78217,2026-09-01
65484968488,2025-08-24,Pornography/Obscene Material,SOCIETY,NORTH,Pornography/Obscene Material,78217,2026-09-01
52824160293,2023-10-28,Sexual Assault With An Object,PERSON,NORTH,"Sex Offenses, Forcible",78217,2026-09-01
69463891599,2026-03-30,Wire Fraud,PROPERTY,NORTH,Fraud Offenses,78217,2026-09-01
69671112066,2026-04-14,Wire Fraud,PROPERTY,NORTH,Fraud Offenses,78217,2026-09-01
53562757544,2024-01-14,Arson,PROPERTY,EAST,Arson,78218,2026-09-01
49600424094,2023-05-12,Impersonation,PROPERTY,EAST,Fraud Offenses,78218,2026-09-01
42401396245,2023-02-15,Stolen Property Offenses,PROPERTY,EAST,Stolen Property Offenses,78218,2026-09-01
61371703695,2024-12-01,Fondling,PERSON,EAST,"Sex Offenses, Forcible",78219,2026-09-01
58872853756,2024-09-08,Pornography/Obscene Material,SOCIETY,EAST,Pornography/Obscene Material,78219,2026-09-01
69315645649,2026-03-20,Wire Fraud,PROPERTY,EAST,Fraud Offenses,78219,2026-09-01
62535361659,2025-01-31,Embezzlement,PROPERTY,EAST,Embezzlement,78220,2026-09-01
48751939330,2023-04-04,Fondling,PERSON,EAST,"Sex Offenses, Forcible",78220,2026-09-01
62355046222,2025-01-20,Fondling,PERSON,EAST,"Sex Offenses, Forcible",78220,2026-09-01
51655963929,2023-08-01,Wire Fraud,PROPERTY,EAST,Fraud Offenses,78220,2026-09-01
55838275701,2024-05-03,Fondling,PERSON,SOUTH,"Sex Offenses, Forcible",78221,2026-09-01
70378221237,2026-05-10,Fondling,PERSON,SOUTH,"Sex Offenses, Forcible",78221,2026-09-01
66052565972,2025-09-13,Stolen Property Offenses,PROPERTY,SOUTH,Stolen Property Offenses,78221,2026-09-01
54889399449,2024-03-20,Wire Fraud,PROPERTY,SOUTH,Fraud Offenses,78221,2026-09-01
65083549500,2025-07-23,Arson,PROPERTY,EAST,Arson,78222,2026-09-01
54273625260,2024-02-19,Murder & Nonnegligent Manslaughter,PERSON,EAST,Homicide Offenses,78222,2026-09-01
53314607748,2023-12-06,Fondling,PERSON,EAST,"Sex Offenses, Forcible",78223,2026-09-01
60256143667,2024-10-29,Pornography/Obscene Material,SOCIETY,SOUTH,Pornography/Obscene Material,78223,2026-09-01
61801203807,2024-12-14,Pornography/Obscene Material,SOCIETY,SOUTH,Pornography/Obscene Material,78223,2026-09-01
52016613908,2023-08-25,Embezzlement,PROPERTY,SOUTH,Embezzlement,78224,2026-09-01
53853602768,2024-01-21,Fondling,PERSON,SOUTH,"Sex Offenses, Forcible",78224,2026-09-01
69763036305,2026-04-20,Pornography/Obscene Material,SOCIETY,SOUTH,Pornography/Obscene Material,78224,2026-09-01
50050311692,2023-05-22,Wire Fraud,PROPERTY,SOUTH,Fraud Offenses,78225,2026-09-01
49603710841,2023-05-13,Fondling,PERSON,SOUTH,"Sex Offenses, Forcible",78227,2026-09-01
62251571084,2025-01-13,Pornography/Obscene Material,SOCIETY,WEST,Pornography/Obscene Material,78227,2026-09-01
51408119360,2023-07-20,Stolen Property Offenses,PROPERTY,WEST,Stolen Property Offenses,78227,2026-09-01
60368815535,2024-11-02,Stolen Property Offenses,PROPERTY,SOUTH,Stolen Property Offenses,78227,2026-09-01
71243453681,2026-07-01,Wire Fraud,PROPERTY,SOUTH,Fraud Offenses,78227,2026-09-01
49020484337,2023-04-14,Fondling,PERSON,WEST,"Sex Offenses, Forcible",78228,2026-09-01
59402264458,2024-09-20,Pocket-picking,PROPERTY,WEST,Larceny/Theft Offenses,78228,2026-09-01
63500089478,2025-04-07,Pornography/Obscene Material,SOCIETY,WEST,Pornography/Obscene Material,78228,2026-09-01
67336932492,2025-11-12,Stolen Property Offenses,PROPERTY,WEST,Stolen Property Offenses,78228,2026-09-01
52919646588,2023-11-06,Welfare Fraud,PROPERTY,WEST,Fraud Offenses,78228,2026-09-01
64309304981,2025-06-03,Wire Fraud,PROPERTY,WEST,Fraud Offenses,78228,2026-09-01
52090665405,2023-09-01,Embezzlement,PROPERTY,PRUE,Embezzlement,78229,2026-09-01
54401469641,2024-02-26,Fondling,PERSON,PRUE,"Sex Offenses, Forcible",78229,2026-09-01
62522505490,2025-01-30,Impersonation,PROPERTY,PRUE,Fraud Offenses,78229,2026-09-01
68092620147,2026-01-08,Pornography/Obscene Material,SOCIETY,PRUE,Pornography/Obscene Material,78229,2026-09-01
46126380808,2023-03-11,Sexual Assault With An Object,PERSON,PRUE,"Sex Offenses, Forcible",78229,2026-09-01
52830584805,2023-10-29,Sexual Assault With An Object,PERSON,PRUE,"Sex Offenses, Forcible",78229,2026-09-01
65463855209,2025-08-14,Stolen Property Offenses,PROPERTY,PRUE,Stolen Property Offenses,78229,2026-09-01
51930848725,2023-08-17,Pornography/Obscene Material,SOCIETY,PRUE,Pornography/Obscene Material,78230,2026-09-01
62574129797,2025-02-02,Pornography/Obscene Material,SOCIETY,PRUE,Pornography/Obscene Material,78230,2026-09-01
61380510836,2024-12-02,Prostitution,SOCIETY,PRUE,Prostitution Offenses,78230,2026-09-01
61447624540,2024-12-09,Prostitution,SOCIETY,PRUE,Prostitution Offenses,78230,2026-09-01
67875703862,2025-12-19,Stolen Property Offenses,PROPERTY,PRUE,Stolen Property Offenses,78230,2026-09-01
60544669710,2024-11-06,Wire Fraud,PROPERTY,NORTH,Fraud Offenses,78231,2026-09-01
70925071797,2026-06-08,Fondling,PERSON,NORTH,"Sex Offenses, Forcible",78232,2026-09-01
58024204083,2024-08-02,Pornography/Obscene Material,SOCIETY,NORTH,Pornography/Obscene Material,78232,2026-09-01
55473287314,2024-04-15,Wire Fraud,PROPERTY,NORTH,Fraud Offenses,78232,2026-09-01
63131121187,2025-03-10,Embezzlement,PROPERTY,NORTH,Embezzlement,78233,2026-09-01
40685884986,2023-01-14,Murder & Nonnegligent Manslaughter,PERSON,NORTH,Homicide Offenses,78233,2026-09-01
62586200785,2025-02-03,Pornography/Obscene Material,SOCIETY,NORTH,Pornography/Obscene Material,78233,2026-09-01
68584011987,2026-02-16,Wire Fraud,PROPERTY,NORTH,Fraud Offenses,78233,2026-09-01
72246909698,2026-08-17,Stolen Property Offenses,PROPERTY,WEST,Stolen Property Offenses,78237,2026-09-01
57226645828,2024-07-01,Animal Cruelty,SOCIETY,WEST,Animal Cruelty,78238,2026-09-01
42606539652,2023-02-17,Embezzlement,PROPERTY,PRUE,Embezzlement,78238,2026-09-01
55791137997,2024-05-03,Fondling,PERSON,WEST,"Sex Offenses, Forcible",78238,2026-09-01
68165970638,2026-01-13,Fondling,PERSON,WEST,"Sex Offenses, Forcible",78238,2026-09-01
54838256233,2024-03-18,Sodomy,PERSON,PRUE,"Sex Offenses, Forcible",78238,2026-09-01
63651986885,2025-04-21,Wire Fraud,PROPERTY,WEST,Fraud Offenses,78238,2026-09-01
64686532620,2025-06-25,Pornography/Obscene Material,SOCIETY,NORTH,Pornography/Obscene Material,78239,2026-09-01
72292018373,2026-08-18,Pornography/Obscene Material,SOCIETY,NORTH,Pornography/Obscene Material,78239,2026-09-01
55095913194,2024-03-30,Embezzlement,PROPERTY,PRUE,Embezzlement,78240,2026-09-01
53131106611,2023-11-22,Fondling,PERSON,PRUE,"Sex Offenses, Forcible",78240,2026-09-01
42972672537,2023-02-21,Pornography/Obscene Material,SOCIETY,PRUE,Pornography/Obscene Material,78240,2026-09-01
71891193096,2026-07-28,Impersonation,PROPERTY,EAST,Fraud Offenses,78244,2026-09-01
54114384264,2024-02-09,Pocket-picking,PROPERTY,EAST,Larceny/Theft Offenses,78244,2026-09-01
53082606770,2023-11-16,Embezzlement,PROPERTY,WEST,Embezzlement,78245,2026-09-01
68183208630,2026-01-15,Wire Fraud,PROPERTY,WEST,Fraud Offenses,78245,2026-09-01
62584474356,2025-02-03,Fondling,PERSON,NORTH,"Sex Offenses, Forcible",78247,2026-09-01
64540870008,2025-06-16,Fondling,PERSON,NORTH,"Sex Offenses, Forcible",78247,2026-09-01
63874087374,2025-05-07,Impersonation,PROPERTY,NORTH,Fraud Offenses,78247,2026-09-01
43178110514,2023-02-23,Sexual Assault With An Object,PERSON,NORTH,"Sex Offenses, Forcible",78247,2026-09-01
55208473480,2024-04-05,Sexual Assault With An Object,PERSON,NORTH,"Sex Offenses, Forcible",78247,2026-09-01
69264758577,2026-03-17,Stolen Property Offenses,PROPERTY,NORTH,Stolen Property Offenses,78247,2026-09-01
54963721168,2024-03-22,Wire Fraud,PROPERTY,PRUE,Fraud Offenses,78248,2026-09-01
70826497684,2026-06-01,Impersonation,PROPERTY,PRUE,Fraud Offenses,78249,2026-09-01
68627367144,2026-02-19,Pornography/Obscene Material,SOCIETY,PRUE,Pornography/Obscene Material,78249,2026-09-01
41210760595,2023-01-26,Purse-snatching,PROPERTY,PRUE,Larceny/Theft Offenses,78249,2026-09-01
58142262111,2024-08-06,Wire Fraud,PROPERTY,PRUE,Fraud Offenses,78249,2026-09-01
65052726690,2025-07-21,Wire Fraud,PROPERTY,PRUE,Fraud Offenses,78249,2026-09-01
63871264895,2025-05-07,Wire Fraud,PROPERTY,PRUE,Fraud Offenses,78250,2026-09-01
58470079222,2024-08-20,Pornography/Obscene Material,SOCIETY,WEST,Pornography/Obscene Material,78251,2026-09-01
67361009427,2025-11-14,Pornography/Obscene Material,SOCIETY,WEST,Pornography/Obscene Material,78251,2026-09-01
44619549889,2023-03-02,Sexual Assault With An Object,PERSON,WEST,"Sex Offenses, Forcible",78251,2026-09-01
63985009274,2025-05-15,Wire Fraud,PROPERTY,PRUE,Fraud Offenses,78251,2026-09-01
46750182432,2023-03-17,Sexual Assault With An Object,PERSON,WEST,"Sex Offenses, Forcible",78253,2026-09-01
57280676627,2024-07-02,Fondling,PERSON,PRUE,"Sex Offenses, Forcible",78254,2026-09-01
53152338554,2023-11-25,Fondling,PERSON,PRUE,"Sex Offenses, Forcible",78255,2026-09-01
71151689857,2026-06-24,Impersonation,PROPERTY,NORTH,Fraud Offenses,78258,2026-09-01
54067539552,2024-02-06,Fondling,PERSON,NORTH,"Sex Offenses, Forcible",Out of Jurisdiction,2026-09-01
58292616532,2024-08-10,Pornography/Obscene Material,SOCIETY,SOUTH,Pornography/Obscene Material,Out of Jurisdiction,2026-09-01
65708777842,2025-09-03,Pornography/Obscene Material,SOCIETY,PRUE,Pornography/Obscene Material,Out of Jurisdiction,2026-09-01
70805335275,2026-05-31,Animal Cruelty,SOCIETY,CENTRAL,Animal Cruelty,78201,2026-09-01
53615867990,2024-01-02,Fondling,PERSON,WEST,"Sex Offenses, Forcible",78201,2026-09-01
59368545767,2024-09-17,Prostitution,SOCIETY,CENTRAL,Prostitution Offenses,78201,2026-09-01
62866048809,2025-02-21,Theft From Coin-Operated Machine or Device,PROPERTY,CENTRAL,Larceny/Theft Offenses,78201,2026-09-01
65561085946,2025-08-22,Wire Fraud,PROPERTY,WEST,Fraud Offenses,78201,2026-09-01
71003698775,2026-06-15,Kidnapping/Abduction,PERSON,EAST,Kidnapping/Abduction,78203,2026-09-01
54713187477,2024-03-13,Sodomy,PERSON,EAST,"Sex Offenses, Forcible",78203,2026-09-01
50962652539,2023-06-07,Welfare Fraud,PROPERTY,CENTRAL,Fraud Offenses,78204,2026-09-01
49002624152,2023-04-11,Fondling,PERSON,CENTRAL,"Sex Offenses, Forcible",78205,2026-09-01
58118728573,2024-08-04,Fondling,PERSON,DOWNTOWN,"Sex Offenses, Forcible",78205,2026-09-01
58445129591,2024-08-17,Pornography/Obscene Material,SOCIETY,DOWNTOWN,Pornography/Obscene Material,78205,2026-09-01
54031886054,2024-02-04,Sodomy,PERSON,CENTRAL,"Sex Offenses, Forcible",78205,2026-09-01
57194466912,2024-06-28,Fondling,PERSON,CENTRAL,"Sex Offenses, Forcible",78207,2026-09-01
53356354702,2023-12-08,Pornography/Obscene Material,SOCIETY,CENTRAL,Pornography/Obscene Material,78207,2026-09-01
66735806131,2025-10-16,Pornography/Obscene Material,SOCIETY,CENTRAL,Pornography/Obscene Material,78207,2026-09-01
64665528370,2025-06-24,Prostitution,SOCIETY,CENTRAL,Prostitution Offenses,78207,2026-09-01
65507712733,2025-08-18,Prostitution,SOCIETY,CENTRAL,Prostitution Offenses,78207,2026-09-01
67634056050,2025-12-02,Prostitution,SOCIETY,CENTRAL,Prostitution Offenses,78207,2026-09-01
52825320623,2023-10-28,Stolen Property Offenses,PROPERTY,CENTRAL,Stolen Property Offenses,78207,2026-09-01
57180887051,2024-06-27,Stolen Property Offenses,PROPERTY,CENTRAL,Stolen Property Offenses,78207,2026-09-01
65099922081,2025-07-24,Wire Fraud,PROPERTY,DOWNTOWN,Fraud Offenses,78207,2026-09-01
48972886275,2023-04-07,Murder & Nonnegligent Manslaughter,PERSON,EAST,Homicide Offenses,78208,2026-09-01
60041547219,2024-10-14,Murder & Nonnegligent Manslaughter,PERSON,DOWNTOWN,Homicide Offenses,78208,2026-09-01
52288972204,2023-09-14,Embezzlement,PROPERTY,NORTH,Embezzlement,78209,2026-09-01
53829121085,2024-01-18,Embezzlement,PROPERTY,NORTH,Embezzlement,78209,2026-09-01
47396187909,2023-03-23,Fondling,PERSON,SOUTH,"Sex Offenses, Forcible",78210,2026-09-01
72506845565,2026-08-29,Fondling,PERSON,EAST,"Sex Offenses, Forcible",78210,2026-09-01
59871627634,2024-10-04,Murder & Nonnegligent Manslaughter,PERSON,DOWNTOWN,Homicide Offenses,78210,2026-09-01
59754665207,2024-09-30,Sodomy,PERSON,CENTRAL,"Sex Offenses, Forcible",78210,2026-09-01
49100373041,2023-04-17,Animal Cruelty,SOCIETY,SOUTH,Animal Cruelty,78211,2026-09-01
67831059903,2025-12-16,Animal Cruelty,SOCIETY,SOUTH,Animal Cruelty,78211,2026-09-01
51508087105,2023-07-25,Embezzlement,PROPERTY,SOUTH,Embezzlement,78211,2026-09-01
68325038613,2026-01-27,Fondling,PERSON,SOUTH,"Sex Offenses, Forcible",78211,2026-09-01
67945952152,2025-12-27,Kidnapping/Abduction,PERSON,SOUTH,Kidnapping/Abduction,78211,2026-09-01
52910400197,2024-01-01,Murder & Nonnegligent Manslaughter,PERSON,SOUTH,Homicide Offenses,78211,2026-09-01
50110954201,2023-06-08,Pornography/Obscene Material,SOCIETY,SOUTH,Pornography/Obscene Material,78211,2026-09-01
66380196654,2025-10-06,Pornography/Obscene Material,SOCIETY,SOUTH,Pornography/Obscene Material,78211,2026-09-01
41468777177,2023-02-04,Stolen Property Offenses,PROPERTY,SOUTH,Stolen Property Offenses,78211,2026-09-01
56927897391,2024-06-20,Wire Fraud,PROPERTY,SOUTH,Fraud Offenses,78211,2026-09-01
57907341284,2024-07-26,Animal Cruelty,SOCIETY,CENTRAL,Animal Cruelty,78212,2026-09-01
53661832500,2024-01-06,Fondling,PERSON,CENTRAL,"Sex Offenses, Forcible",78212,2026-09-01
62448219134,2025-01-26,Pocket-picking,PROPERTY,DOWNTOWN,Larceny/Theft Offenses,78212,2026-09-01
63526747431,2025-04-10,Pocket-picking,PROPERTY,DOWNTOWN,Larceny/Theft Offenses,78212,2026-09-01
54318954067,2024-02-22,Murder & Nonnegligent Manslaughter,PERSON,CENTRAL,Homicide Offenses,78213,2026-09-01
66571748615,2025-10-09,Pornography/Obscene Material,SOCIETY,CENTRAL,Pornography/Obscene Material,78213,2026-09-01
68705481455,2026-02-25,Pornography/Obscene Material,SOCIETY,CENTRAL,Pornography/Obscene Material,78213,2026-09-01
58089840852,2024-08-03,Prostitution,SOCIETY,NORTH,Prostitution Offenses,78213,2026-09-01
67623070443,2025-12-01,Wire Fraud,PROPERTY,NORTH,Fraud Offenses,78213,2026-09-01
50933934027,2023-06-03,Wire Fraud,PROPERTY,SOUTH,Fraud Offenses,78214,2026-09-01
52256934897,2023-09-11,Wire Fraud,PROPERTY,SOUTH,Fraud Offenses,78214,2026-09-01
49923685034,2023-05-18,Murder & Nonnegligent Manslaughter,PERSON,EAST,Homicide Offenses,78215,2026-09-01
58613038984,2024-08-28,Embezzlement,PROPERTY,NORTH,Embezzlement,78216,2026-09-01
43544059307,2023-02-26,Kidnapping/Abduction,PERSON,NORTH,Kidnapping/Abduction,78216,2026-09-01
52201022518,2023-09-05,Pornography/Obscene Material,SOCIETY,NORTH,Pornography/Obscene Material,78216,2026-09-01
68723329284,2026-02-26,Pornography/Obscene Material,SOCIETY,NORTH,Pornography/Obscene Material,78216,2026-09-01
54345240768,2024-02-24,Prostitution,SOCIETY,NORTH,Prostitution Offenses,78216,2026-09-01
56061704092,2024-05-13,Theft From Coin-Operated Machine or Device,PROPERTY,NORTH,Larceny/Theft Offenses,78216,2026-09-01
51980323938,2023-08-23,Wire Fraud,PROPERTY,NORTH,Fraud Offenses,78216,2026-09-01
16282531823,2023-02-23,Murder & Nonnegligent Manslaughter,PERSON,NORTH,Homicide Offenses,78217,2026-09-01
54165949225,2024-02-15,Purse-snatching,PROPERTY,NORTH,Larceny/Theft Offenses,78217,2026-09-01
45198585864,2023-03-07,Sexual Assault With An Object,PERSON,NORTH,"Sex Offenses, Forcible",78217,2026-09-01
50982357152,2023-06-10,Welfare Fraud,PROPERTY,NORTH,Fraud Offenses,78217,2026-09-01
69468865605,2026-03-30,Fondling,PERSON,EAST,"Sex Offenses, Forcible",78218,2026-09-01
68220270025,2026-01-18,Purse-snatching,PROPERTY,EAST,Larceny/Theft Offenses,78218,2026-09-01
56455353132,2024-05-29,Sexual Assault With An Object,PERSON,EAST,"Sex Offenses, Forcible",78218,2026-09-01
58076864589,2024-08-03,Stolen Property Offenses,PROPERTY,EAST,Stolen Property Offenses,78218,2026-09-01
52855576784,2023-10-31,Wire Fraud,PROPERTY,EAST,Fraud Offenses,78218,2026-09-01
47826693093,2023-03-27,Embezzlement,PROPERTY,EAST,Embezzlement,78219,2026-09-01
46462414022,2023-03-14,Pornography/Obscene Material,SOCIETY,EAST,Pornography/Obscene Material,78219,2026-09-01
70390228693,2026-05-10,Wire Fraud,PROPERTY,EAST,Fraud Offenses,78219,2026-09-01
53907920310,2024-01-26,Pornography/Obscene Material,SOCIETY,EAST,Pornography/Obscene Material,78220,2026-09-01
56304026587,2024-05-23,Fondling,PERSON,SOUTH,"Sex Offenses, Forcible",78221,2026-09-01
66381634909,2025-10-06,Fondling,PERSON,SOUTH,"Sex Offenses, Forcible",78221,2026-09-01
71600279689,2026-07-12,Fondling,PERSON,SOUTH,"Sex Offenses, Forcible",78221,2026-09-01
51908153908,2023-08-15,Impersonation,PROPERTY,SOUTH,Fraud Offenses,78221,2026-09-01
55853103172,2024-05-05,Negligent Manslaughter,PERSON,SOUTH,Homicide Offenses,78221,2026-09-01
57656271888,2024-07-16,Pornography/Obscene Material,SOCIETY,SOUTH,Pornography/Obscene Material,78221,2026-09-01
66732234102,2025-10-16,Pornography/Obscene Material,SOCIETY,SOUTH,Pornography/Obscene Material,78221,2026-09-01
53917135500,2024-01-26,Sexual Assault With An Object,PERSON,SOUTH,"Sex Offenses, Forcible",78221,2026-09-01
53137156361,2023-11-22,Sodomy,PERSON,EAST,"Sex Offenses, Forcible",78222,2026-09-01
55431361391,2024-04-12,Stolen Property Offenses,PROPERTY,EAST,Stolen Property Offenses,78222,2026-09-01
52283669560,2023-09-13,Pornography/Obscene Material,SOCIETY,EAST,Pornography/Obscene Material,78223,2026-09-01
55169002692,2024-04-03,Stolen Property Offenses,PROPERTY,SOUTH,Stolen Property Offenses,78223,2026-09-01
54623906875,2024-03-07,Theft From Coin-Operated Machine or Device,PROPERTY,SOUTH,Larceny/Theft Offenses,78223,2026-09-01
68272515253,2026-01-22,Embezzlement,PROPERTY,SOUTH,Embezzlement,78224,2026-09-01
66898156213,2025-10-27,Fondling,PERSON,SOUTH,"Sex Offenses, Forcible",78224,2026-09-01
64764797257,2025-06-30,Fondling,PERSON,SOUTH,"Sex Offenses, Forcible",78225,2026-09-01
51135061419,2023-06-27,Animal Cruelty,SOCIETY,WEST,Animal Cruelty,78227,2026-09-01
51709978748,2023-08-05,Sexual Assault With An Object,PERSON,WEST,"Sex Offenses, Forcible",78227,2026-09-01
60224922842,2024-10-27,Stolen Property Offenses,PROPERTY,SOUTH,Stolen Property Offenses,78227,2026-09-01
62513655154,2025-01-29,Theft From Coin-Operated Machine or Device,PROPERTY,WEST,Larceny/Theft Offenses,78227,2026-09-01
53579735732,2023-12-29,Assisting or Promoting Prostitution,SOCIETY,WEST,Prostitution Offenses,78228,2026-09-01
68076446917,2026-01-10,Embezzlement,PROPERTY,WEST,Embezzlement,78228,2026-09-01
54592301202,2024-03-06,Extortion/Blackmail,PROPERTY,WEST,Extortion/Blackmail,78228,2026-09-01
63644242907,2025-04-21,Kidnapping/Abduction,PERSON,WEST,Kidnapping/Abduction,78228,2026-09-01
68398208814,2026-02-03,Murder & Nonnegligent Manslaughter,PERSON,WEST,Homicide Offenses,78228,2026-09-01
66085963939,2025-09-16,Pocket-picking,PROPERTY,WEST,Larceny/Theft Offenses,78228,2026-09-01
65004571403,2025-07-17,Pornography/Obscene Material,SOCIETY,WEST,Pornography/Obscene Material,78228,2026-09-01
50050076934,2023-05-22,Sodomy,PERSON,WEST,"Sex Offenses, Forcible",78228,2026-09-01
67956756430,2025-12-27,Stolen Property Offenses,PROPERTY,WEST,Stolen Property Offenses,78228,2026-09-01
68320555734,2026-01-27,Stolen Property Offenses,PROPERTY,WEST,Stolen Property Offenses,78228,2026-09-01
65670054429,2025-08-31,Negligent Manslaughter,PERSON,PRUE,Homicide Offenses,78229,2026-09-01
66368773047,2025-10-04,Animal Cruelty,SOCIETY,PRUE,Animal Cruelty,78230,2026-09-01
53803429599,2024-01-15,Extortion/Blackmail,PROPERTY,PRUE,Extortion/Blackmail,78230,2026-09-01
56072223037,2024-05-14,Pornography/Obscene Material,SOCIETY,PRUE,Pornography/Obscene Material,78230,2026-09-01
60989162900,2024-11-25,Prostitution,SOCIETY,PRUE,Prostitution Offenses,78230,2026-09-01
67985206962,2025-12-30,Wire Fraud,PROPERTY,PRUE,Fraud Offenses,78230,2026-09-01
64404855612,2025-06-08,Pornography/Obscene Material,SOCIETY,PRUE,Pornography/Obscene Material,78231,2026-09-01
60133584203,2024-10-19,Pornography/Obscene Material,SOCIETY,NORTH,Pornography/Obscene Material,78232,2026-09-01
66851234899,2025-10-23,Pornography/Obscene Material,SOCIETY,NORTH,Pornography/Obscene Material,78233,2026-09-01
49318984796,2023-05-01,Sexual Assault With An Object,PERSON,NORTH,"Sex Offenses, Forcible",78233,2026-09-01
68380685544,2026-02-02,Arson,PROPERTY,WEST,Arson,78237,2026-09-01
60743083073,2024-11-08,Welfare Fraud,PROPERTY,WEST,Fraud Offenses,78237,2026-09-01
55670728109,2024-04-25,Fondling,PERSON,WEST,"Sex Offenses, Forcible",78238,2026-09-01
65053095254,2025-07-21,Impersonation,PROPERTY,PRUE,Fraud Offenses,78238,2026-09-01
48536051720,2023-04-02,Wire Fraud,PROPERTY,WEST,Fraud Offenses,78238,2026-09-01
63951858980,2025-05-12,Wire Fraud,PROPERTY,WEST,Fraud Offenses,78238,2026-09-01
57876861861,2024-07-23,Theft From Coin-Operated Machine or Device,PROPERTY,EAST,Larceny/Theft Offenses,78239,2026-09-01
48320576532,2023-03-31,Embezzlement,PROPERTY,PRUE,Embezzlement,78240,2026-09-01
51821824123,2023-08-13,Extortion/Blackmail,PROPERTY,PRUE,Extortion/Blackmail,78240,2026-09-01
68034679049,2026-01-03,Kidnapping/Abduction,PERSON,PRUE,Kidnapping/Abduction,78240,2026-09-01
67129313669,2025-11-01,Pornography/Obscene Material,SOCIETY,PRUE,Pornography/Obscene Material,78240,2026-09-01
69164709585,2026-03-10,Pornography/Obscene Material,SOCIETY,PRUE,Pornography/Obscene Material,78240,2026-09-01
69451235779,2026-03-29,Pornography/Obscene Material,SOCIETY,PRUE,Pornography/Obscene Material,78240,2026-09-01
68059503647,2026-01-05,Stolen Property Offenses,PROPERTY,PRUE,Stolen Property Offenses,78240,2026-09-01
51315354490,2023-07-05,Wire Fraud,PROPERTY,PRUE,Fraud Offenses,78240,2026-09-01
58290982435,2024-08-10,Wire Fraud,PROPERTY,PRUE,Fraud Offenses,78240,2026-09-01
67448784206,2025-11-20,Wire Fraud,PROPERTY,PRUE,Fraud Offenses,78240,2026-09-01
52282426175,2023-09-13,Stolen Property Offenses,PROPERTY,SOUTH,Stolen Property Offenses,78242,2026-09-01
69611853596,2026-04-09,Wire Fraud,PROPERTY,SOUTH,Fraud Offenses,78242,2026-09-01
59987481344,2024-10-09,Fondling,PERSON,EAST,"Sex Offenses, Forcible",78244,2026-09-01
59704855999,2024-09-29,Pornography/Obscene Material,SOCIETY,WEST,Pornography/Obscene Material,78245,2026-09-01
68152939154,2026-01-12,Wire Fraud,PROPERTY,WEST,Fraud Offenses,78245,2026-09-01
68325736252,2026-01-27,Pornography/Obscene Material,SOCIETY,NORTH,Pornography/Obscene Material,78247,2026-09-01
69512668138,2026-04-02,Pornography/Obscene Material,SOCIETY,NORTH,Pornography/Obscene Material,78247,2026-09-01
51399559758,2023-07-16,Sodomy,PERSON,NORTH,"Sex Offenses, Forcible",78247,2026-09-01
63674893494,2025-04-23,Wire Fraud,PROPERTY,NORTH,Fraud Offenses,78247,2026-09-01
71124558473,2026-06-23,Wire Fraud,PROPERTY,NORTH,Fraud Offenses,78247,2026-09-01
71251949152,2026-07-01,Wire Fraud,PROPERTY,NORTH,Fraud Offenses,78247,2026-09-01
69738684920,2026-04-18,Pornography/Obscene Material,SOCIETY,PRUE,Pornography/Obscene Material,78248,2026-09-01
47828938120,2023-03-27,Wire Fraud,PROPERTY,PRUE,Fraud Offenses,78248,2026-09-01
49035937601,2023-04-16,Pocket-picking,PROPERTY,PRUE,Larceny/Theft Offenses,78249,2026-09-01
53000608457,2023-11-11,Stolen Property Offenses,PROPERTY,PRUE,Stolen Property Offenses,78249,2026-09-01
71690373991,2026-07-16,Stolen Property Offenses,PROPERTY,PRUE,Stolen Property Offenses,78249,2026-09-01
55839348825,2024-05-03,Wire Fraud,PROPERTY,PRUE,Fraud Offenses,78249,2026-09-01
53561026653,2023-12-26,Fondling,PERSON,PRUE,"Sex Offenses, Forcible",78250,2026-09-01
51277863951,2023-07-01,Pornography/Obscene Material,SOCIETY,PRUE,Pornography/Obscene Material,78250,2026-09-01
71237335383,2026-06-30,Wire Fraud,PROPERTY,PRUE,Fraud Offenses,78250,2026-09-01
60808134979,2024-11-12,Embezzlement,PROPERTY,WEST,Embezzlement,78251,2026-09-01
54573131058,2024-03-04,Extortion/Blackmail,PROPERTY,WEST,Extortion/Blackmail,78251,2026-09-01
58753283643,2024-09-05,Extortion/Blackmail,PROPERTY,WEST,Extortion/Blackmail,78251,2026-09-01
63286675338,2025-03-22,Extortion/Blackmail,PROPERTY,WEST,Extortion/Blackmail,78251,2026-09-01
54101748887,2024-02-08,Pornography/Obscene Material,SOCIETY,WEST,Pornography/Obscene Material,78251,2026-09-01
57173067257,2024-06-26,Pornography/Obscene Material,SOCIETY,WEST,Pornography/Obscene Material,78251,2026-09-01
59358248122,2024-09-17,Pornography/Obscene Material,SOCIETY,WEST,Pornography/Obscene Material,78251,2026-09-01
62468063414,2025-01-27,Pornography/Obscene Material,SOCIETY,WEST,Pornography/Obscene Material,78251,2026-09-01
64047738189,2025-05-20,Pornography/Obscene Material,SOCIETY,WEST,Pornography/Obscene Material,78251,2026-09-01
65056359616,2025-07-21,Pornography/Obscene Material,SOCIETY,WEST,Pornography/Obscene Material,78251,2026-09-01
57156812853,2024-06-25,Wire Fraud,PROPERTY,WEST,Fraud Offenses,78251,2026-09-01
63499876350,2025-04-07,Wire Fraud,PROPERTY,WEST,Fraud Offenses,78251,2026-09-01
59860094399,2024-10-07,Wire Fraud,PROPERTY,SOUTH,Fraud Offenses,78252,2026-09-01
67394622413,2025-11-16,Pocket-picking,PROPERTY,WEST,Larceny/Theft Offenses,78253,2026-09-01
48982944583,2023-04-08,Animal Cruelty,SOCIETY,PRUE,Animal Cruelty,78254,2026-09-01
52455235643,2023-09-27,Embezzlement,PROPERTY,PRUE,Embezzlement,78256,2026-09-01
69194110737,2026-03-12,Fondling,PERSON,PRUE,"Sex Offenses, Forcible",78256,2026-09-01
59394337638,2024-09-19,Wire Fraud,PROPERTY,PRUE,Fraud Offenses,78257,2026-09-01
71146812552,2026-06-24,Welfare Fraud,PROPERTY,NORTH,Fraud Offenses,78258,2026-09-01
55190383385,2024-04-04,Wire Fraud,PROPERTY,NORTH,Fraud Offenses,78259,2026-09-01
68569101184,2026-02-15,Wire Fraud,PROPERTY,SOUTH,Fraud Offenses,78264,2026-09-01
57467210819,2024-07-09,Arson,PROPERTY,EAST,Arson,Out of Jurisdiction,2026-09-01
53402082124,2023-12-14,Murder & Nonnegligent Manslaughter,PERSON,CENTRAL,Homicide Offenses,78201,2026-09-01
68611846211,2026-02-18,Stolen Property Offenses,PROPERTY,EAST,Stolen Property Offenses,78202,2026-09-01
50973375197,2023-06-08,Wire Fraud,PROPERTY,EAST,Fraud Offenses,78202,2026-09-01
52284504854,2023-09-14,Wire Fraud,PROPERTY,EAST,Fraud Offenses,78202,2026-09-01
58703908576,2024-09-03,Pocket-picking,PROPERTY,EAST,Larceny/Theft Offenses,78203,2026-09-01
52842441422,2023-10-30,Fondling,PERSON,CENTRAL,"Sex Offenses, Forcible",78205,2026-09-01
69678755637,2026-04-14,Purse-snatching,PROPERTY,DOWNTOWN,Larceny/Theft Offenses,78205,2026-09-01
55537067294,2024-04-17,Sodomy,PERSON,CENTRAL,"Sex Offenses, Forcible",78205,2026-09-01
55767281463,2024-05-02,Sodomy,PERSON,EAST,"Sex Offenses, Forcible",78205,2026-09-01
64849030614,2025-07-07,Arson,PROPERTY,CENTRAL,Arson,78207,2026-09-01
55617061802,2024-04-21,Fondling,PERSON,CENTRAL,"Sex Offenses, Forcible",78207,2026-09-01
63499786957,2025-04-07,Fondling,PERSON,CENTRAL,"Sex Offenses, Forcible",78207,2026-09-01
53979243245,2024-01-31,Pornography/Obscene Material,SOCIETY,CENTRAL,Pornography/Obscene Material,78207,2026-09-01
71262414068,2026-07-02,Pornography/Obscene Material,SOCIETY,CENTRAL,Pornography/Obscene Material,78207,2026-09-01
62941031766,2025-02-27,Prostitution,SOCIETY,CENTRAL,Prostitution Offenses,78207,2026-09-01
55670821351,2024-04-25,Sexual Assault With An Object,PERSON,CENTRAL,"Sex Offenses, Forcible",78207,2026-09-01
57760483895,2024-07-18,Welfare Fraud,PROPERTY,WEST,Fraud Offenses,78207,2026-09-01
67816922940,2025-12-15,Welfare Fraud,PROPERTY,CENTRAL,Fraud Offenses,78207,2026-09-01
64693904870,2025-06-26,Pornography/Obscene Material,SOCIETY,EAST,Pornography/Obscene Material,78208,2026-09-01
41265690772,2023-01-28,Fondling,PERSON,NORTH,"Sex Offenses, Forcible",78209,2026-09-01
64116054236,2025-05-25,"Human Trafficking, Commercial Sex Acts",PERSON,NORTH,Human Trafficking,78209,2026-09-01
42890615929,2023-02-20,Arson,PROPERTY,SOUTH,Arson,78210,2026-09-01
53180501673,2023-11-26,Impersonation,PROPERTY,EAST,Fraud Offenses,78210,2026-09-01
51946784287,2023-08-19,Kidnapping/Abduction,PERSON,EAST,Kidnapping/Abduction,78210,2026-09-01
51054800971,2023-06-18,Stolen Property Offenses,PROPERTY,EAST,Stolen Property Offenses,78210,2026-09-01
67844850912,2025-12-18,Stolen Property Offenses,PROPERTY,EAST,Stolen Property Offenses,78210,2026-09-01
64923182595,2025-07-11,Wire Fraud,PROPERTY,EAST,Fraud Offenses,78210,2026-09-01
68008381531,2026-01-01,Embezzlement,PROPERTY,SOUTH,Embezzlement,78211,2026-09-01
51054859149,2023-06-18,Extortion/Blackmail,PROPERTY,SOUTH,Extortion/Blackmail,78211,2026-09-01
57210221076,2024-06-30,Pornography/Obscene Material,SOCIETY,SOUTH,Pornography/Obscene Material,78211,2026-09-01
49299838140,2023-04-28,Stolen Property Offenses,PROPERTY,SOUTH,Stolen Property Offenses,78211,2026-09-01
58123506450,2024-08-04,Extortion/Blackmail,PROPERTY,DOWNTOWN,Extortion/Blackmail,78212,2026-09-01
57226930322,2024-07-01,Murder & Nonnegligent Manslaughter,PERSON,DOWNTOWN,Homicide Offenses,78212,2026-09-01
52544981959,2023-10-09,Purse-snatching,PROPERTY,CENTRAL,Larceny/Theft Offenses,78212,2026-09-01
71442190703,2026-07-06,Embezzlement,PROPERTY,NORTH,Embezzlement,78213,2026-09-01
54021734505,2024-02-03,Pornography/Obscene Material,SOCIETY,NORTH,Pornography/Obscene Material,78213,2026-09-01
62401748594,2025-01-22,Arson,PROPERTY,SOUTH,Arson,78214,2026-09-01
54289163967,2024-02-20,Fondling,PERSON,SOUTH,"Sex Offenses, Forcible",78214,2026-09-01
47277337196,2023-03-22,Kidnapping/Abduction,PERSON,SOUTH,Kidnapping/Abduction,78214,2026-09-01
56068775256,2024-05-14,Stolen Property Offenses,PROPERTY,SOUTH,Stolen Property Offenses,78214,2026-09-01
68760315820,2026-03-01,Stolen Property Offenses,PROPERTY,SOUTH,Stolen Property Offenses,78214,2026-09-01
51937044175,2023-08-18,Wire Fraud,PROPERTY,SOUTH,Fraud Offenses,78214,2026-09-01
58767928916,2024-09-05,Pocket-picking,PROPERTY,DOWNTOWN,Larceny/Theft Offenses,78215,2026-09-01
58707387892,2024-09-03,Pornography/Obscene Material,SOCIETY,DOWNTOWN,Pornography/Obscene Material,78215,2026-09-01
53592886884,2023-12-30,Prostitution,SOCIETY,NORTH,Prostitution Offenses,78216,2026-09-01
53247907516,2023-11-29,Wire Fraud,PROPERTY,NORTH,Fraud Offenses,78216,2026-09-01
63672725828,2025-04-23,Wire Fraud,PROPERTY,NORTH,Fraud Offenses,78216,2026-09-01
53830312923,2024-01-18,Fondling,PERSON,NORTH,"Sex Offenses, Forcible",78217,2026-09-01
72246455540,2026-08-17,Pornography/Obscene Material,SOCIETY,NORTH,Pornography/Obscene Material,78217,2026-09-01
68071438982,2026-01-06,Prostitution,SOCIETY,EAST,Prostitution Offenses,78217,2026-09-01
60813014597,2024-11-13,Wire Fraud,PROPERTY,NORTH,Fraud Offenses,78217,2026-09-01
71925102378,2026-07-30,Wire Fraud,PROPERTY,NORTH,Fraud Offenses,78217,2026-09-01
63680065252,2025-04-24,Embezzlement,PROPERTY,EAST,Embezzlement,78218,2026-09-01
45337605331,2023-03-08,Fondling,PERSON,EAST,"Sex Offenses, Forcible",78218,2026-09-01
65096293586,2025-07-24,Wire Fraud,PROPERTY,EAST,Fraud Offenses,78218,2026-09-01
63588316296,2025-04-15,Embezzlement,PROPERTY,EAST,Embezzlement,78219,2026-09-01
54229362043,2024-02-17,Pornography/Obscene Material,SOCIETY,EAST,Pornography/Obscene Material,78219,2026-09-01
52622187218,2023-10-17,Stolen Property Offenses,PROPERTY,EAST,Stolen Property Offenses,78219,2026-09-01
52838807640,2023-10-30,Theft From Coin-Operated Machine or Device,PROPERTY,EAST,Larceny/Theft Offenses,78219,2026-09-01
50450900198,2023-05-31,Fondling,PERSON,EAST,"Sex Offenses, Forcible",78220,2026-09-01
72449492452,2026-08-26,Fondling,PERSON,EAST,"Sex Offenses, Forcible",78220,2026-09-01
40801599090,2023-01-17,Kidnapping/Abduction,PERSON,EAST,Kidnapping/Abduction,78220,2026-09-01
52219058074,2023-09-07,Kidnapping/Abduction,PERSON,EAST,Kidnapping/Abduction,78220,2026-09-01
63592327480,2025-04-16,Animal Cruelty,SOCIETY,SOUTH,Animal Cruelty,78221,2026-09-01
61400507182,2024-12-04,Fondling,PERSON,SOUTH,"Sex Offenses, Forcible",78221,2026-09-01
62220267974,2025-01-10,Gambling Equipment Violation,SOCIETY,SOUTH,Gambling Offenses,78221,2026-09-01
49017648969,2023-04-13,"Human Trafficking, Commercial Sex Acts",PERSON,SOUTH,Human Trafficking,78221,2026-09-01
61804551756,2024-12-14,Kidnapping/Abduction,PERSON,SOUTH,Kidnapping/Abduction,78221,2026-09-01
57216300828,2024-06-30,Negligent Manslaughter,PERSON,SOUTH,Homicide Offenses,78221,2026-09-01
62750356412,2025-02-12,Wire Fraud,PROPERTY,SOUTH,Fraud Offenses,78221,2026-09-01
70357147164,2026-05-08,Wire Fraud,PROPERTY,SOUTH,Fraud Offenses,78221,2026-09-01
57375617029,2024-07-04,Animal Cruelty,SOCIETY,EAST,Animal Cruelty,78222,2026-09-01
58014806790,2024-08-02,Wire Fraud,PROPERTY,EAST,Fraud Offenses,78222,2026-09-01
49255691011,2023-04-26,Embezzlement,PROPERTY,EAST,Embezzlement,78223,2026-09-01
40317824973,2023-01-09,Fondling,PERSON,SOUTH,"Sex Offenses, Forcible",78223,2026-09-01
62824606578,2025-02-17,Pornography/Obscene Material,SOCIETY,SOUTH,Pornography/Obscene Material,78223,2026-09-01
71615797040,2026-07-13,Stolen Property Offenses,PROPERTY,EAST,Stolen Property Offenses,78223,2026-09-01
55161350863,2024-04-03,Theft From Coin-Operated Machine or Device,PROPERTY,EAST,Larceny/Theft Offenses,78223,2026-09-01
66104677967,2025-09-18,Welfare Fraud,PROPERTY,EAST,Fraud Offenses,78223,2026-09-01
65808271392,2025-09-07,Wire Fraud,PROPERTY,SOUTH,Fraud Offenses,78224,2026-09-01
62908754183,2025-02-25,Murder & Nonnegligent Manslaughter,PERSON,SOUTH,Homicide Offenses,78225,2026-09-01
58015833814,2024-08-02,Pornography/Obscene Material,SOCIETY,SOUTH,Pornography/Obscene Material,78225,2026-09-01
66338979610,2025-10-01,Stolen Property Offenses,PROPERTY,SOUTH,Stolen Property Offenses,78225,2026-09-01
70871125083,2026-06-04,Fondling,PERSON,SOUTH,"Sex Offenses, Forcible",78226,2026-09-01
67406151219,2025-11-17,Fondling,PERSON,WEST,"Sex Offenses, Forcible",78227,2026-09-01
60211546960,2024-10-25,Negligent Manslaughter,PERSON,SOUTH,Homicide Offenses,78227,2026-09-01
67406451128,2025-11-17,Pornography/Obscene Material,SOCIETY,WEST,Pornography/Obscene Material,78227,2026-09-01
54290049100,2024-02-20,Sexual Assault With An Object,PERSON,WEST,"Sex Offenses, Forcible",78227,2026-09-01
52187265737,2023-09-04,Stolen Property Offenses,PROPERTY,WEST,Stolen Property Offenses,78227,2026-09-01
63068571045,2025-03-06,Stolen Property Offenses,PROPERTY,WEST,Stolen Property Offenses,78227,2026-09-01
68274241254,2026-01-22,Stolen Property Offenses,PROPERTY,SOUTH,Stolen Property Offenses,78227,2026-09-01
54162186669,2024-02-14,Sodomy,PERSON,WEST,"Sex Offenses, Forcible",78228,2026-09-01
71948770321,2026-08-01,Wire Fraud,PROPERTY,WEST,Fraud Offenses,78228,2026-09-01
62967845259,2025-03-02,Fondling,PERSON,PRUE,"Sex Offenses, Forcible",78229,2026-09-01
57032059970,2024-06-23,Murder & Nonnegligent Manslaughter,PERSON,PRUE,Homicide Offenses,78229,2026-09-01
56621430155,2024-06-08,Pornography/Obscene Material,SOCIETY,PRUE,Pornography/Obscene Material,78229,2026-09-01
49285216366,2023-04-27,Pornography/Obscene Material,SOCIETY,PRUE,Pornography/Obscene Material,78230,2026-09-01
67915388065,2025-12-23,Purse-snatching,PROPERTY,PRUE,Larceny/Theft Offenses,78230,2026-09-01
58913047863,2024-09-10,Stolen Property Offenses,PROPERTY,PRUE,Stolen Property Offenses,78230,2026-09-01
54084934024,2024-02-07,Wire Fraud,PROPERTY,NORTH,Fraud Offenses,78232,2026-09-01
54729727519,2024-03-14,Wire Fraud,PROPERTY,NORTH,Fraud Offenses,78232,2026-09-01
53087373210,2023-11-16,Sodomy,PERSON,NORTH,"Sex Offenses, Forcible",78233,2026-09-01
65160117240,2025-07-27,Wire Fraud,PROPERTY,NORTH,Fraud Offenses,78233,2026-09-01
55076822087,2024-03-29,Arson,PROPERTY,WEST,Arson,78237,2026-09-01
63984606531,2025-05-15,Arson,PROPERTY,WEST,Arson,78237,2026-09-01
64806276493,2025-07-03,Embezzlement,PROPERTY,CENTRAL,Embezzlement,78237,2026-09-01
71826754828,2026-07-23,Embezzlement,PROPERTY,WEST,Embezzlement,78237,2026-09-01
72006595495,2026-08-05,Fondling,PERSON,WEST,"Sex Offenses, Forcible",78237,2026-09-01
56892375713,2024-06-17,Pocket-picking,PROPERTY,WEST,Larceny/Theft Offenses,78237,2026-09-01
52862309322,2023-11-01,Wire Fraud,PROPERTY,WEST,Fraud Offenses,78238,2026-09-01
66875474267,2025-10-25,Kidnapping/Abduction,PERSON,PRUE,Kidnapping/Abduction,78240,2026-09-01
52531440488,2023-10-07,Pornography/Obscene Material,SOCIETY,PRUE,Pornography/Obscene Material,78240,2026-09-01
56616346166,2024-06-07,Pornography/Obscene Material,SOCIETY,PRUE,Pornography/Obscene Material,78240,2026-09-01
63136144485,2025-03-11,Pornography/Obscene Material,SOCIETY,PRUE,Pornography/Obscene Material,78240,2026-09-01
40871338099,2023-01-18,Sodomy,PERSON,PRUE,"Sex Offenses, Forcible",78240,2026-09-01
45518475361,2023-03-09,Wire Fraud,PROPERTY,SOUTH,Fraud Offenses,78242,2026-09-01
52004921543,2023-08-24,Wire Fraud,PROPERTY,SOUTH,Fraud Offenses,78242,2026-09-01
65368356443,2025-08-08,Wire Fraud,PROPERTY,SOUTH,Fraud Offenses,78242,2026-09-01
54415859619,2024-02-27,Sodomy,PERSON,EAST,"Sex Offenses, Forcible",78244,2026-09-01
48319418471,2023-03-31,Pornography/Obscene Material,SOCIETY,WEST,Pornography/Obscene Material,78245,2026-09-01
68795070609,2026-03-03,Impersonation,PROPERTY,NORTH,Fraud Offenses,78247,2026-09-01
66385273169,2025-10-06,Pornography/Obscene Material,SOCIETY,NORTH,Pornography/Obscene Material,78247,2026-09-01
54738628014,2024-03-15,Wire Fraud,PROPERTY,NORTH,Fraud Offenses,78247,2026-09-01
66134715009,2025-09-19,Wire Fraud,PROPERTY,PRUE,Fraud Offenses,78248,2026-09-01
60228316048,2024-10-27,Embezzlement,PROPERTY,PRUE,Embezzlement,78249,2026-09-01
53468521073,2023-12-20,Fondling,PERSON,PRUE,"Sex Offenses, Forcible",78249,2026-09-01
71252248781,2026-07-01,Impersonation,PROPERTY,PRUE,Fraud Offenses,78249,2026-09-01
69858006029,2026-04-27,Pornography/Obscene Material,SOCIETY,PRUE,Pornography/Obscene Material,78249,2026-09-01
61407791370,2024-12-05,Wire Fraud,PROPERTY,PRUE,Fraud Offenses,78249,2026-09-01
63468959856,2025-04-04,Fondling,PERSON,PRUE,"Sex Offenses, Forcible",78250,2026-09-01
67437044695,2025-11-19,Impersonation,PROPERTY,PRUE,Fraud Offenses,78250,2026-09-01
50975047645,2023-06-09,Sexual Assault With An Object,PERSON,PRUE,"Sex Offenses, Forcible",78250,2026-09-01
63497531042,2025-04-07,Fondling,PERSON,WEST,"Sex Offenses, Forcible",78251,2026-09-01
63604088727,2025-04-16,Fondling,PERSON,WEST,"Sex Offenses, Forcible",78251,2026-09-01
63371854574,2025-03-28,Stolen Property Offenses,PROPERTY,WEST,Stolen Property Offenses,78251,2026-09-01
65107681158,2025-07-24,Wire Fraud,PROPERTY,WEST,Fraud Offenses,78254,2026-09-01
49007654062,2023-04-12,Embezzlement,PROPERTY,PRUE,Embezzlement,78255,2026-09-01
52817988327,2023-10-27,Wire Fraud,PROPERTY,PRUE,Fraud Offenses,78257,2026-09-01
58336814185,2024-08-13,Animal Cruelty,SOCIETY,NORTH,Animal Cruelty,78258,2026-09-01
66075408046,2025-09-15,Embezzlement,PROPERTY,PRUE,Embezzlement,78258,2026-09-01
55981281291,2024-05-07,Pocket-picking,PROPERTY,NORTH,Larceny/Theft Offenses,78258,2026-09-01
56006309137,2024-05-09,Wire Fraud,PROPERTY,NORTH,Fraud Offenses,78258,2026-09-01
70970975553,2026-06-11,Wire Fraud,PROPERTY,NORTH,Fraud Offenses,78259,2026-09-01
64974909184,2025-07-15,Hacking/Computer Invasion,PROPERTY,NORTH,Fraud Offenses,78260,2026-09-01
63815534248,2025-05-04,Kidnapping/Abduction,PERSON,NORTH,Kidnapping/Abduction,78266,2026-09-01
67743125837,2025-12-09,Animal Cruelty,SOCIETY,EAST,Animal Cruelty,Out of Jurisdiction,2026-09-01
54574855875,2024-03-04,Prostitution,SOCIETY,NORTH,Prostitution Offenses,Out of Jurisdiction,2026-09-01
54973019050,2024-03-23,Wire Fraud,PROPERTY,SOUTH,Fraud Offenses,Out of Jurisdiction,2026-09-01
60605755745,2024-11-07,Wire Fraud,PROPERTY,EAST,Fraud Offenses,Out of Jurisdiction,2026-09-01
61440818157,2024-12-09,Murder & Nonnegligent Manslaughter,PERSON,CENTRAL,Homicide Offenses,78201,2026-09-01
56884333980,2024-06-16,Pornography/Obscene Material,SOCIETY,WEST,Pornography/Obscene Material,78201,2026-09-01
55876894638,2024-05-05,Prostitution,SOCIETY,WEST,Prostitution Offenses,78201,2026-09-01
63161085158,2025-03-12,Prostitution,SOCIETY,WEST,Prostitution Offenses,78201,2026-09-01
48642191819,2023-04-03,Sodomy,PERSON,WEST,"Sex Offenses, Forcible",78201,2026-09-01
49029803146,2023-04-15,Theft From Coin-Operated Machine or Device,PROPERTY,WEST,Larceny/Theft Offenses,78201,2026-09-01
49210462264,2023-04-20,Wire Fraud,PROPERTY,WEST,Fraud Offenses,78201,2026-09-01
53251226842,2023-11-29,Wire Fraud,PROPERTY,WEST,Fraud Offenses,78201,2026-09-01
48321816083,2023-04-01,Animal Cruelty,SOCIETY,CENTRAL,Animal Cruelty,78205,2026-09-01
50971396367,2023-06-08,Embezzlement,PROPERTY,CENTRAL,Embezzlement,78205,2026-09-01
70840586544,2026-06-02,Fondling,PERSON,DOWNTOWN,"Sex Offenses, Forcible",78205,2026-09-01
57215902825,2024-06-30,Purse-snatching,PROPERTY,DOWNTOWN,Larceny/Theft Offenses,78205,2026-09-01
51111335388,2023-06-25,Sodomy,PERSON,CENTRAL,"Sex Offenses, Forcible",78205,2026-09-01
62007328047,2024-12-25,Theft From Coin-Operated Machine or Device,PROPERTY,DOWNTOWN,Larceny/Theft Offenses,78205,2026-09-01
45294385710,2023-03-08,Fondling,PERSON,CENTRAL,"Sex Offenses, Forcible",78207,2026-09-01
62081445287,2025-01-01,Murder & Nonnegligent Manslaughter,PERSON,CENTRAL,Homicide Offenses,78207,2026-09-01
55471799669,2024-04-15,Prostitution,SOCIETY,CENTRAL,Prostitution Offenses,78207,2026-09-01
63413079701,2025-03-31,Prostitution,SOCIETY,CENTRAL,Prostitution Offenses,78207,2026-09-01
56052742572,2024-05-12,Sodomy,PERSON,CENTRAL,"Sex Offenses, Forcible",78207,2026-09-01
53578076212,2023-12-28,Stolen Property Offenses,PROPERTY,CENTRAL,Stolen Property Offenses,78207,2026-09-01
52200518551,2023-09-05,Wire Fraud,PROPERTY,CENTRAL,Fraud Offenses,78207,2026-09-01
63700341004,2025-04-26,Wire Fraud,PROPERTY,CENTRAL,Fraud Offenses,78207,2026-09-01
66222417998,2025-09-24,Wire Fraud,PROPERTY,CENTRAL,Fraud Offenses,78207,2026-09-01
52212343983,2023-09-07,Extortion/Blackmail,PROPERTY,NORTH,Extortion/Blackmail,78209,2026-09-01
62952300677,2025-02-28,Stolen Property Offenses,PROPERTY,EAST,Stolen Property Offenses,78210,2026-09-01
48999854099,2023-04-11,Stolen Property Offenses,PROPERTY,SOUTH,Stolen Property Offenses,78211,2026-09-01
51113016502,2023-06-25,Animal Cruelty,SOCIETY,CENTRAL,Animal Cruelty,78212,2026-09-01
72382337833,2026-08-22,Arson,PROPERTY,DOWNTOWN,Arson,78212,2026-09-01
60010875428,2024-10-11,Fondling,PERSON,CENTRAL,"Sex Offenses, Forcible",78212,2026-09-01
70492561920,2026-05-16,Stolen Property Offenses,PROPERTY,CENTRAL,Stolen Property Offenses,78212,2026-09-01
58809034201,2024-09-07,Theft From Coin-Operated Machine or Device,PROPERTY,DOWNTOWN,Larceny/Theft Offenses,78212,2026-09-01
63652353601,2025-04-21,Welfare Fraud,PROPERTY,DOWNTOWN,Fraud Offenses,78212,2026-09-01
71289469624,2026-07-03,Wire Fraud,PROPERTY,DOWNTOWN,Fraud Offenses,78212,2026-09-01
57631703426,2024-07-15,Kidnapping/Abduction,PERSON,NORTH,Kidnapping/Abduction,78213,2026-09-01
60185396270,2024-10-23,Purse-snatching,PROPERTY,SOUTH,Larceny/Theft Offenses,78214,2026-09-01
59855291494,2024-10-03,Impersonation,PROPERTY,NORTH,Fraud Offenses,78216,2026-09-01
65800930519,2025-09-07,Pornography/Obscene Material,SOCIETY,NORTH,Pornography/Obscene Material,78216,2026-09-01
72099978311,2026-08-11,Pornography/Obscene Material,SOCIETY,NORTH,Pornography/Obscene Material,78216,2026-09-01
56645585249,2024-06-09,Prostitution,SOCIETY,NORTH,Prostitution Offenses,78216,2026-09-01
49919829036,2023-05-17,Purchasing Prostitution,SOCIETY,NORTH,Prostitution Offenses,78216,2026-09-01
52507223199,2023-10-04,Welfare Fraud,PROPERTY,NORTH,Fraud Offenses,78216,2026-09-01
53628324729,2024-01-04,Assisting or Promoting Prostitution,SOCIETY,NORTH,Prostitution Offenses,78217,2026-09-01
65146820847,2025-07-26,Stolen Property Offenses,PROPERTY,NORTH,Stolen Property Offenses,78217,2026-09-01
60077827732,2024-10-16,Impersonation,PROPERTY,EAST,Fraud Offenses,78218,2026-09-01
54345553188,2024-02-24,Stolen Property Offenses,PROPERTY,EAST,Stolen Property Offenses,78218,2026-09-01
50971545060,2023-06-08,Embezzlement,PROPERTY,EAST,Embezzlement,78219,2026-09-01
44963708298,2023-03-05,Stolen Property Offenses,PROPERTY,EAST,Stolen Property Offenses,78219,2026-09-01
55571750848,2024-04-18,Wire Fraud,PROPERTY,EAST,Fraud Offenses,78219,2026-09-01
51331243511,2023-07-07,Impersonation,PROPERTY,EAST,Fraud Offenses,78220,2026-09-01
71649933345,2026-07-15,Impersonation,PROPERTY,EAST,Fraud Offenses,78220,2026-09-01
53883795254,2024-01-24,Pornography/Obscene Material,SOCIETY,SOUTH,Pornography/Obscene Material,78221,2026-09-01
71104329669,2026-06-22,Pornography/Obscene Material,SOCIETY,SOUTH,Pornography/Obscene Material,78221,2026-09-01
56046625952,2024-05-12,Stolen Property Offenses,PROPERTY,SOUTH,Stolen Property Offenses,78221,2026-09-01
60312957804,2024-10-31,Stolen Property Offenses,PROPERTY,DOWNTOWN,Stolen Property Offenses,78221,2026-09-01
71938720418,2026-07-31,Wire Fraud,PROPERTY,SOUTH,Fraud Offenses,78221,2026-09-01
72495103199,2026-08-28,Wire Fraud,PROPERTY,SOUTH,Fraud Offenses,78221,2026-09-01
66263410339,2025-09-26,Embezzlement,PROPERTY,EAST,Embezzlement,78223,2026-09-01
55730374963,2024-04-29,Purse-snatching,PROPERTY,SOUTH,Larceny/Theft Offenses,78223,2026-09-01
68485897107,2026-02-09,Welfare Fraud,PROPERTY,EAST,Fraud Offenses,78223,2026-09-01
71117021561,2026-06-23,Welfare Fraud,PROPERTY,SOUTH,Fraud Offenses,78223,2026-09-01
49337199028,2023-05-09,Wire Fraud,PROPERTY,SOUTH,Fraud Offenses,78223,2026-09-01
53388412252,2023-12-12,Wire Fraud,PROPERTY,SOUTH,Fraud Offenses,78223,2026-09-01
56916384221,2024-06-19,Pornography/Obscene Material,SOCIETY,SOUTH,Pornography/Obscene Material,78224,2026-09-01
69511477994,2026-04-02,Stolen Property Offenses,PROPERTY,SOUTH,Stolen Property Offenses,78224,2026-09-01
68133744387,2026-01-11,Welfare Fraud,PROPERTY,SOUTH,Fraud Offenses,78224,2026-09-01
56858199968,2024-06-13,Wire Fraud,PROPERTY,SOUTH,Fraud Offenses,78224,2026-09-01
57660693985,2024-07-16,Wire Fraud,PROPERTY,SOUTH,Fraud Offenses,78224,2026-09-01
51001062804,2023-06-12,Wire Fraud,PROPERTY,SOUTH,Fraud Offenses,78226,2026-09-01
53622734484,2024-01-03,Wire Fraud,PROPERTY,SOUTH,Fraud Offenses,78226,2026-09-01
56046351382,2024-05-12,Arson,PROPERTY,WEST,Arson,78227,2026-09-01
63130658349,2025-03-10,Impersonation,PROPERTY,WEST,Fraud Offenses,78227,2026-09-01
48751868226,2023-04-04,Murder & Nonnegligent Manslaughter,PERSON,WEST,Homicide Offenses,78227,2026-09-01
55706747876,2024-04-28,Pornography/Obscene Material,SOCIETY,WEST,Pornography/Obscene Material,78227,2026-09-01
53023470244,2023-11-14,Fondling,PERSON,WEST,"Sex Offenses, Forcible",78228,2026-09-01
64429015383,2025-06-09,Fondling,PERSON,WEST,"Sex Offenses, Forcible",78228,2026-09-01
53088801126,2023-11-16,Pornography/Obscene Material,SOCIETY,WEST,Pornography/Obscene Material,78228,2026-09-01
42400537779,2023-02-15,Sexual Assault With An Object,PERSON,CENTRAL,"Sex Offenses, Forcible",78228,2026-09-01
51539487371,2023-07-29,Stolen Property Offenses,PROPERTY,WEST,Stolen Property Offenses,78228,2026-09-01
51716869435,2023-08-06,Stolen Property Offenses,PROPERTY,WEST,Stolen Property Offenses,78228,2026-09-01
52633337986,2023-10-19,Arson,PROPERTY,PRUE,Arson,78229,2026-09-01
68008280631,2026-01-01,Fondling,PERSON,PRUE,"Sex Offenses, Forcible",78229,2026-09-01
71925640118,2026-07-30,Stolen Property Offenses,PROPERTY,PRUE,Stolen Property Offenses,78229,2026-09-01
61382385208,2024-12-03,Extortion/Blackmail,PROPERTY,PRUE,Extortion/Blackmail,78230,2026-09-01
64768391044,2025-06-30,Extortion/Blackmail,PROPERTY,PRUE,Extortion/Blackmail,78230,2026-09-01
53326736918,2023-12-07,Pocket-picking,PROPERTY,PRUE,Larceny/Theft Offenses,78230,2026-09-01
57871173593,2024-07-22,Pornography/Obscene Material,SOCIETY,PRUE,Pornography/Obscene Material,78230,2026-09-01
60048034320,2024-10-15,Prostitution,SOCIETY,PRUE,Prostitution Offenses,78230,2026-09-01
60180531266,2024-10-23,Prostitution,SOCIETY,PRUE,Prostitution Offenses,78230,2026-09-01
51936837016,2023-08-18,Fondling,PERSON,PRUE,"Sex Offenses, Forcible",78231,2026-09-01
55024285858,2024-03-27,Sexual Assault With An Object,PERSON,PRUE,"Sex Offenses, Forcible",78231,2026-09-01
49768891055,2023-05-14,Pocket-picking,PROPERTY,NORTH,Larceny/Theft Offenses,78232,2026-09-01
67850698186,2025-12-18,Prostitution,SOCIETY,NORTH,Prostitution Offenses,78232,2026-09-01
69160740592,2026-03-10,Prostitution,SOCIETY,NORTH,Prostitution Offenses,78232,2026-09-01
70953548559,2026-06-10,Pornography/Obscene Material,SOCIETY,NORTH,Pornography/Obscene Material,78233,2026-09-01
70816440982,2026-05-31,Extortion/Blackmail,PROPERTY,WEST,Extortion/Blackmail,78237,2026-09-01
59379078063,2024-09-18,Sodomy,PERSON,WEST,"Sex Offenses, Forcible",78237,2026-09-01
54362066585,2024-02-24,Wire Fraud,PROPERTY,WEST,Fraud Offenses,78237,2026-09-01
60361424823,2024-11-02,Bribery,PROPERTY,WEST,Bribery,78238,2026-09-01
62488879944,2025-01-28,Pornography/Obscene Material,SOCIETY,WEST,Pornography/Obscene Material,78238,2026-09-01
52808826810,2023-10-26,Sodomy,PERSON,WEST,"Sex Offenses, Forcible",78238,2026-09-01
61988802194,2024-12-24,Pornography/Obscene Material,SOCIETY,EAST,Pornography/Obscene Material,78239,2026-09-01
51449443903,2023-07-21,Wire Fraud,PROPERTY,NORTH,Fraud Offenses,78239,2026-09-01
69989741203,2026-04-29,Kidnapping/Abduction,PERSON,PRUE,Kidnapping/Abduction,78240,2026-09-01
60250848938,2024-10-29,Pornography/Obscene Material,SOCIETY,PRUE,Pornography/Obscene Material,78240,2026-09-01
42290831652,2023-02-14,Wire Fraud,PROPERTY,PRUE,Fraud Offenses,78240,2026-09-01
69478440388,2026-03-31,Wire Fraud,PROPERTY,EAST,Fraud Offenses,78244,2026-09-01
51054230225,2023-06-18,Pornography/Obscene Material,SOCIETY,WEST,Pornography/Obscene Material,78245,2026-09-01
72042062848,2026-08-07,Pornography/Obscene Material,SOCIETY,WEST,Pornography/Obscene Material,78245,2026-09-01
68106832221,2026-01-08,Wire Fraud,PROPERTY,WEST,Fraud Offenses,78245,2026-09-01
64540410506,2025-06-16,Fondling,PERSON,NORTH,"Sex Offenses, Forcible",78247,2026-09-01
67659032276,2025-12-03,Pornography/Obscene Material,SOCIETY,NORTH,Pornography/Obscene Material,78247,2026-09-01
51652329293,2023-08-01,Sexual Assault With An Object,PERSON,PRUE,"Sex Offenses, Forcible",78248,2026-09-01
65358865472,2025-08-07,Wire Fraud,PROPERTY,PRUE,Fraud Offenses,78248,2026-09-01
48053937298,2023-03-29,Embezzlement,PROPERTY,PRUE,Embezzlement,78249,2026-09-01
52568454038,2023-10-12,Pornography/Obscene Material,SOCIETY,PRUE,Pornography/Obscene Material,78249,2026-09-01
53993645256,2024-02-01,Wire Fraud,PROPERTY,PRUE,Fraud Offenses,78249,2026-09-01
58587558538,2024-08-28,Wire Fraud,PROPERTY,PRUE,Fraud Offenses,78249,2026-09-01
72356539852,2026-08-20,Impersonation,PROPERTY,PRUE,Fraud Offenses,78250,2026-09-01
49335779233,2023-05-03,Sodomy,PERSON,PRUE,"Sex Offenses, Forcible",78250,2026-09-01
56008687791,2024-05-09,Wire Fraud,PROPERTY,PRUE,Fraud Offenses,78250,2026-09-01
65710642110,2025-09-03,Wire Fraud,PROPERTY,PRUE,Fraud Offenses,78250,2026-09-01
46337958736,2023-03-13,Embezzlement,PROPERTY,WEST,Embezzlement,78251,2026-09-01
58574087727,2024-08-26,Pocket-picking,PROPERTY,WEST,Larceny/Theft Offenses,78251,2026-09-01
58121108349,2024-08-04,Sodomy,PERSON,WEST,"Sex Offenses, Forcible",78251,2026-09-01
65456146381,2025-08-14,Theft From Coin-Operated Machine or Device,PROPERTY,PRUE,Larceny/Theft Offenses,78251,2026-09-01
67531777304,2025-11-25,Welfare Fraud,PROPERTY,WEST,Fraud Offenses,78251,2026-09-01
71130039589,2026-06-23,Extortion/Blackmail,PROPERTY,SOUTH,Extortion/Blackmail,78252,2026-09-01
50791070951,2023-05-31,Hacking/Computer Invasion,PROPERTY,SOUTH,Fraud Offenses,78252,2026-09-01
55543176886,2024-04-18,Murder & Nonnegligent Manslaughter,PERSON,PRUE,Homicide Offenses,78254,2026-09-01
62519800187,2025-01-30,Theft From Coin-Operated Machine or Device,PROPERTY,PRUE,Larceny/Theft Offenses,78254,2026-09-01
49945459252,2023-05-19,Extortion/Blackmail,PROPERTY,PRUE,Extortion/Blackmail,78256,2026-09-01
69629733994,2026-04-10,Fondling,PERSON,PRUE,"Sex Offenses, Forcible",78256,2026-09-01
56178371183,2024-05-19,Wire Fraud,PROPERTY,PRUE,Fraud Offenses,78256,2026-09-01
64930516159,2025-07-12,Fondling,PERSON,PRUE,"Sex Offenses, Forcible",78257,2026-09-01
70920344298,2026-06-08,Pocket-picking,PROPERTY,NORTH,Larceny/Theft Offenses,78258,2026-09-01
70895017024,2026-06-06,Wire Fraud,PROPERTY,NORTH,Fraud Offenses,78259,2026-09-01
53324723956,2023-12-07,Fondling,PERSON,EAST,"Sex Offenses, Forcible",Out of Jurisdiction,2026-09-01
61873599086,2024-12-16,Fondling,PERSON,PRUE,"Sex Offenses, Forcible",Out of Jurisdiction,2026-09-01
56186761352,2024-05-19,Pornography/Obscene Material,SOCIETY,SOUTH,Pornography/Obscene Material,Out of Jurisdiction,2026-09-01
51711751687,2023-08-06,Sodomy,PERSON,PRUE,"Sex Offenses, Forcible",Out of Jurisdiction,2026-09-01
72060038992,2026-08-09,Fondling,PERSON,WEST,"Sex Offenses, Forcible",78201,2026-09-01
67734151125,2025-12-09,Murder & Nonnegligent Manslaughter,PERSON,CENTRAL,Homicide Offenses,78201,2026-09-01
57850374836,2024-07-22,Pocket-picking,PROPERTY,WEST,Larceny/Theft Offenses,78201,2026-09-01
58132498804,2024-08-05,Prostitution,SOCIETY,CENTRAL,Prostitution Offenses,78201,2026-09-01
52258603508,2023-09-11,Wire Fraud,PROPERTY,CENTRAL,Fraud Offenses,78201,2026-09-01
69708234576,2026-04-16,Theft From Coin-Operated Machine or Device,PROPERTY,EAST,Larceny/Theft Offenses,78202,2026-09-01
66323692627,2025-10-23,Arson,PROPERTY,EAST,Arson,78203,2026-09-01
52827725010,2023-10-29,Pocket-picking,PROPERTY,CENTRAL,Larceny/Theft Offenses,78205,2026-09-01
53003065925,2023-11-11,Pocket-picking,PROPERTY,CENTRAL,Larceny/Theft Offenses,78205,2026-09-01
53682341675,2024-01-22,Arson,PROPERTY,CENTRAL,Arson,78207,2026-09-01
41465376898,2023-02-04,Embezzlement,PROPERTY,CENTRAL,Embezzlement,78207,2026-09-01
55763401173,2024-05-02,Fondling,PERSON,CENTRAL,"Sex Offenses, Forcible",78207,2026-09-01
60402626537,2024-11-05,"Human Trafficking, Commercial Sex Acts",PERSON,CENTRAL,Human Trafficking,78207,2026-09-01
69696061306,2026-04-18,Kidnapping/Abduction,PERSON,CENTRAL,Kidnapping/Abduction,78207,2026-09-01
62243882703,2025-01-12,Murder & Nonnegligent Manslaughter,PERSON,CENTRAL,Homicide Offenses,78207,2026-09-01
42190041934,2023-02-13,Pornography/Obscene Material,SOCIETY,CENTRAL,Pornography/Obscene Material,78207,2026-09-01
70845893459,2026-06-02,Pornography/Obscene Material,SOCIETY,DOWNTOWN,Pornography/Obscene Material,78207,2026-09-01
47829898937,2023-03-27,Purse-snatching,PROPERTY,CENTRAL,Larceny/Theft Offenses,78207,2026-09-01
52467378506,2023-09-29,Sexual Assault With An Object,PERSON,CENTRAL,"Sex Offenses, Forcible",78207,2026-09-01
52215163711,2023-09-07,Welfare Fraud,PROPERTY,CENTRAL,Fraud Offenses,78207,2026-09-01
52180206592,2023-09-06,Wire Fraud,PROPERTY,CENTRAL,Fraud Offenses,78207,2026-09-01
62164905063,2025-01-06,Wire Fraud,PROPERTY,CENTRAL,Fraud Offenses,78207,2026-09-01
65724920005,2025-09-04,Embezzlement,PROPERTY,NORTH,Embezzlement,78209,2026-09-01
61842142884,2024-12-15,Kidnapping/Abduction,PERSON,EAST,Kidnapping/Abduction,78210,2026-09-01
55457255531,2024-04-14,Pornography/Obscene Material,SOCIETY,EAST,Pornography/Obscene Material,78210,2026-09-01
68670103067,2026-02-23,Pornography/Obscene Material,SOCIETY,EAST,Pornography/Obscene Material,78210,2026-09-01
56876084834,2024-06-15,Fondling,PERSON,SOUTH,"Sex Offenses, Forcible",78211,2026-09-01
39356345818,2023-01-02,Sodomy,PERSON,SOUTH,"Sex Offenses, Forcible",78211,2026-09-01
57584272278,2024-07-13,Stolen Property Offenses,PROPERTY,SOUTH,Stolen Property Offenses,78211,2026-09-01
55991299782,2024-05-08,Wire Fraud,PROPERTY,SOUTH,Fraud Offenses,78211,2026-09-01
63920164438,2025-05-09,Wire Fraud,PROPERTY,SOUTH,Fraud Offenses,78211,2026-09-01
55740852154,2024-04-30,Fondling,PERSON,CENTRAL,"Sex Offenses, Forcible",78212,2026-09-01
63390148419,2025-03-29,Arson,PROPERTY,CENTRAL,Arson,78213,2026-09-01
57024552054,2024-06-22,Fondling,PERSON,NORTH,"Sex Offenses, Forcible",78213,2026-09-01
59875822645,2024-10-05,Murder & Nonnegligent Manslaughter,PERSON,NORTH,Homicide Offenses,78213,2026-09-01
50002066009,2023-05-19,Sexual Assault With An Object,PERSON,CENTRAL,"Sex Offenses, Forcible",78213,2026-09-01
67745949763,2025-12-09,Welfare Fraud,PROPERTY,NORTH,Fraud Offenses,78213,2026-09-01
49013723469,2023-04-13,Fondling,PERSON,SOUTH,"Sex Offenses, Forcible",78214,2026-09-01
68149216808,2026-01-12,Pornography/Obscene Material,SOCIETY,SOUTH,Pornography/Obscene Material,78214,2026-09-01
68394636707,2026-02-03,Pornography/Obscene Material,SOCIETY,SOUTH,Pornography/Obscene Material,78214,2026-09-01
53257165572,2023-11-30,Embezzlement,PROPERTY,NORTH,Embezzlement,78216,2026-09-01
51076329721,2023-06-21,Prostitution,SOCIETY,NORTH,Prostitution Offenses,78216,2026-09-01
57977446798,2024-07-30,Prostitution,SOCIETY,NORTH,Prostitution Offenses,78216,2026-09-01
62459810102,2025-01-27,Prostitution,SOCIETY,NORTH,Prostitution Offenses,78216,2026-09-01
43084968376,2023-02-22,Stolen Property Offenses,PROPERTY,NORTH,Stolen Property Offenses,78216,2026-09-01
53576698425,2023-12-28,Stolen Property Offenses,PROPERTY,NORTH,Stolen Property Offenses,78216,2026-09-01
53155687616,2023-11-25,Wire Fraud,PROPERTY,NORTH,Fraud Offenses,78216,2026-09-01
68243562139,2026-01-20,Arson,PROPERTY,NORTH,Arson,78217,2026-09-01
50028603441,2023-05-20,Embezzlement,PROPERTY,NORTH,Embezzlement,78217,2026-09-01
51129707259,2023-06-27,Embezzlement,PROPERTY,NORTH,Embezzlement,78217,2026-09-01
65718487034,2025-09-04,Embezzlement,PROPERTY,NORTH,Embezzlement,78217,2026-09-01
69708261576,2026-04-16,Operating/Promoting/Assisting Gambling,SOCIETY,NORTH,Gambling Offenses,78217,2026-09-01
58912359066,2024-09-10,Theft From Coin-Operated Machine or Device,PROPERTY,NORTH,Larceny/Theft Offenses,78217,2026-09-01
50095369896,2023-05-27,Fondling,PERSON,EAST,"Sex Offenses, Forcible",78218,2026-09-01
49391381560,2023-05-09,Kidnapping/Abduction,PERSON,EAST,Kidnapping/Abduction,78218,2026-09-01
66228553592,2025-09-25,Murder & Nonnegligent Manslaughter,PERSON,EAST,Homicide Offenses,78218,2026-09-01
63581991899,2025-04-14,Prostitution,SOCIETY,EAST,Prostitution Offenses,78219,2026-09-01
54714729728,2024-03-14,Murder & Nonnegligent Manslaughter,PERSON,SOUTH,Homicide Offenses,78221,2026-09-01
60528767079,2024-11-06,Pornography/Obscene Material,SOCIETY,SOUTH,Pornography/Obscene Material,78221,2026-09-01
65082831273,2025-07-23,Animal Cruelty,SOCIETY,EAST,Animal Cruelty,78222,2026-09-01
55872442322,2024-05-06,Welfare Fraud,PROPERTY,EAST,Fraud Offenses,78222,2026-09-01
72193141193,2026-08-13,Wire Fraud,PROPERTY,EAST,Fraud Offenses,78222,2026-09-01
52226886607,2023-09-08,Embezzlement,PROPERTY,SOUTH,Embezzlement,78223,2026-09-01
52457130792,2023-09-28,Fondling,PERSON,EAST,"Sex Offenses, Forcible",78223,2026-09-01
61391849571,2024-12-03,Fondling,PERSON,SOUTH,"Sex Offenses, Forcible",78223,2026-09-01
62663974856,2025-02-07,Kidnapping/Abduction,PERSON,EAST,Kidnapping/Abduction,78223,2026-09-01
54576361216,2024-03-04,Pornography/Obscene Material,SOCIETY,EAST,Pornography/Obscene Material,78223,2026-09-01
66634906657,2025-10-10,Pornography/Obscene Material,SOCIETY,EAST,Pornography/Obscene Material,78223,2026-09-01
61210123715,2024-11-30,Stolen Property Offenses,PROPERTY,EAST,Stolen Property Offenses,78223,2026-09-01
54406648942,2024-02-27,Wire Fraud,PROPERTY,SOUTH,Fraud Offenses,78223,2026-09-01
59893496756,2024-10-05,Wire Fraud,PROPERTY,SOUTH,Fraud Offenses,78223,2026-09-01
68396689391,2026-02-03,Embezzlement,PROPERTY,SOUTH,Embezzlement,78224,2026-09-01
69422829350,2026-03-26,Pornography/Obscene Material,SOCIETY,SOUTH,Pornography/Obscene Material,78224,2026-09-01
51026699564,2023-06-15,Sodomy,PERSON,SOUTH,"Sex Offenses, Forcible",78224,2026-09-01
68550817350,2026-02-14,Animal Cruelty,SOCIETY,SOUTH,Animal Cruelty,78226,2026-09-01
72471825478,2026-08-27,Wire Fraud,PROPERTY,SOUTH,Fraud Offenses,78226,2026-09-01
70320369454,2026-05-06,Murder & Nonnegligent Manslaughter,PERSON,SOUTH,Homicide Offenses,78227,2026-09-01
54973886380,2024-03-23,Pornography/Obscene Material,SOCIETY,SOUTH,Pornography/Obscene Material,78227,2026-09-01
48053926384,2023-03-29,Sexual Assault With An Object,PERSON,WEST,"Sex Offenses, Forcible",78227,2026-09-01
53838196913,2024-01-19,Sexual Assault With An Object,PERSON,WEST,"Sex Offenses, Forcible",78227,2026-09-01
54630442390,2024-03-08,Fondling,PERSON,WEST,"Sex Offenses, Forcible",78228,2026-09-01
56224400526,2024-05-20,Fondling,PERSON,WEST,"Sex Offenses, Forcible",78228,2026-09-01
61951509541,2024-12-21,Fondling,PERSON,WEST,"Sex Offenses, Forcible",78228,2026-09-01
70801755506,2026-05-30,Fondling,PERSON,WEST,"Sex Offenses, Forcible",78228,2026-09-01
56434605023,2024-05-28,Pornography/Obscene Material,SOCIETY,WEST,Pornography/Obscene Material,78228,2026-09-01
69624207657,2026-04-10,Pornography/Obscene Material,SOCIETY,WEST,Pornography/Obscene Material,78228,2026-09-01
63471067424,2025-04-04,Wire Fraud,PROPERTY,WEST,Fraud Offenses,78228,2026-09-01
63777473006,2025-05-01,Wire Fraud,PROPERTY,WEST,Fraud Offenses,78228,2026-09-01
68673481969,2026-02-23,Embezzlement,PROPERTY,PRUE,Embezzlement,78229,2026-09-01
65105429171,2025-07-24,Pornography/Obscene Material,SOCIETY,PRUE,Pornography/Obscene Material,78229,2026-09-01
68105388989,2026-01-08,Pornography/Obscene Material,SOCIETY,PRUE,Pornography/Obscene Material,78229,2026-09-01
52525726145,2023-10-06,Prostitution,SOCIETY,PRUE,Prostitution Offenses,78229,2026-09-01
68047959076,2026-01-04,Wire Fraud,PROPERTY,PRUE,Fraud Offenses,78229,2026-09-01
46564398345,2023-03-15,Fondling,PERSON,PRUE,"Sex Offenses, Forcible",78230,2026-09-01
40871412884,2023-01-18,Wire Fraud,PROPERTY,PRUE,Fraud Offenses,78230,2026-09-01
42497330457,2023-02-16,Fondling,PERSON,NORTH,"Sex Offenses, Forcible",78232,2026-09-01
68289333749,2026-01-23,Pornography/Obscene Material,SOCIETY,NORTH,Pornography/Obscene Material,78232,2026-09-01
54763687301,2024-03-17,Animal Cruelty,SOCIETY,NORTH,Animal Cruelty,78233,2026-09-01
71195716089,2026-06-27,Pornography/Obscene Material,SOCIETY,NORTH,Pornography/Obscene Material,78233,2026-09-01
44994459007,2023-03-05,Animal Cruelty,SOCIETY,WEST,Animal Cruelty,78237,2026-09-01
63207942698,2025-04-29,Arson,PROPERTY,SOUTH,Arson,78237,2026-09-01
57596185716,2024-07-14,Pocket-picking,PROPERTY,WEST,Larceny/Theft Offenses,78237,2026-09-01
53378610200,2023-12-11,Pornography/Obscene Material,SOCIETY,WEST,Pornography/Obscene Material,78237,2026-09-01
49028421511,2023-04-15,Wire Fraud,PROPERTY,WEST,Fraud Offenses,78237,2026-09-01
64782104819,2025-07-01,Embezzlement,PROPERTY,WEST,Embezzlement,78238,2026-09-01
41414234989,2023-02-02,Fondling,PERSON,WEST,"Sex Offenses, Forcible",78238,2026-09-01
42795286953,2023-02-19,Sodomy,PERSON,WEST,"Sex Offenses, Forcible",78238,2026-09-01
60075548867,2024-10-16,Wire Fraud,PROPERTY,WEST,Fraud Offenses,78238,2026-09-01
68675197988,2026-02-23,Wire Fraud,PROPERTY,PRUE,Fraud Offenses,78238,2026-09-01
54601539066,2024-03-06,Embezzlement,PROPERTY,PRUE,Embezzlement,78240,2026-09-01
53678017888,2024-01-08,Kidnapping/Abduction,PERSON,PRUE,Kidnapping/Abduction,78240,2026-09-01
52537174574,2023-10-08,Pornography/Obscene Material,SOCIETY,PRUE,Pornography/Obscene Material,78240,2026-09-01
51045904956,2023-06-17,Wire Fraud,PROPERTY,PRUE,Fraud Offenses,78240,2026-09-01
64647290473,2025-06-23,Wire Fraud,PROPERTY,SOUTH,Fraud Offenses,78242,2026-09-01
70323348658,2026-05-06,Wire Fraud,PROPERTY,EAST,Fraud Offenses,78244,2026-09-01
43276312686,2023-02-24,"Human Trafficking, Commercial Sex Acts",PERSON,WEST,Human Trafficking,78245,2026-09-01
62126873603,2025-01-03,Murder & Nonnegligent Manslaughter,PERSON,WEST,Homicide Offenses,78245,2026-09-01
49292985238,2023-04-27,Wire Fraud,PROPERTY,WEST,Fraud Offenses,78245,2026-09-01
52179895767,2023-09-03,Fondling,PERSON,NORTH,"Sex Offenses, Forcible",78247,2026-09-01
62748704566,2025-02-12,Fondling,PERSON,NORTH,"Sex Offenses, Forcible",78247,2026-09-01
60696279313,2024-11-08,Wire Fraud,PROPERTY,NORTH,Fraud Offenses,78247,2026-09-01
65736317425,2025-09-05,Arson,PROPERTY,PRUE,Arson,78249,2026-09-01
65050238069,2025-07-21,Embezzlement,PROPERTY,PRUE,Embezzlement,78249,2026-09-01
61421703218,2024-12-06,Stolen Property Offenses,PROPERTY,PRUE,Stolen Property Offenses,78249,2026-09-01
52026274335,2023-08-26,Wire Fraud,PROPERTY,PRUE,Fraud Offenses,78249,2026-09-01
62468970012,2025-01-27,Wire Fraud,PROPERTY,PRUE,Fraud Offenses,78249,2026-09-01
71054455803,2026-06-18,Impersonation,PROPERTY,PRUE,Fraud Offenses,78250,2026-09-01
52515638661,2023-10-05,Wire Fraud,PROPERTY,PRUE,Fraud Offenses,78250,2026-09-01
64065605547,2025-05-21,Wire Fraud,PROPERTY,PRUE,Fraud Offenses,78250,2026-09-01
54996195237,2024-03-25,Fondling,PERSON,WEST,"Sex Offenses, Forcible",78251,2026-09-01
40319599768,2023-01-09,Fondling,PERSON,SOUTH,"Sex Offenses, Forcible",78252,2026-09-01
64023920904,2025-05-17,Murder & Nonnegligent Manslaughter,PERSON,PRUE,Homicide Offenses,78254,2026-09-01
71372147256,2026-07-05,Arson,PROPERTY,PRUE,Arson,78256,2026-09-01
52572927474,2023-10-12,Pornography/Obscene Material,SOCIETY,PRUE,Pornography/Obscene Material,78256,2026-09-01
68152025564,2026-01-12,Theft From Coin-Operated Machine or Device,PROPERTY,PRUE,Larceny/Theft Offenses,78257,2026-09-01
65722320981,2025-09-04,Wire Fraud,PROPERTY,NORTH,Fraud Offenses,78258,2026-09-01
50078132430,2023-05-25,Wire Fraud,PROPERTY,PRUE,Fraud Offenses,Out of Jurisdiction,2026-09-01
69210729776,2026-03-13,Wire Fraud,PROPERTY,EAST,Fraud Offenses,Out of Jurisdiction,2026-09-01
66376762430,2025-10-05,Arson,PROPERTY,DOWNTOWN,Arson,78201,2026-09-01
67291933783,2025-11-13,Arson,PROPERTY,WEST,Arson,78201,2026-09-01
55133239986,2024-04-01,Fondling,PERSON,WEST,"Sex Offenses, Forcible",78201,2026-09-01
68659816312,2026-02-22,Kidnapping/Abduction,PERSON,DOWNTOWN,Kidnapping/Abduction,78201,2026-09-01
55443047348,2024-04-13,Pocket-picking,PROPERTY,CENTRAL,Larceny/Theft Offenses,78201,2026-09-01
53016106056,2023-11-13,Pornography/Obscene Material,SOCIETY,WEST,Pornography/Obscene Material,78201,2026-09-01
51666927908,2023-08-02,Prostitution,SOCIETY,CENTRAL,Prostitution Offenses,78201,2026-09-01
66022691497,2025-09-11,Pornography/Obscene Material,SOCIETY,EAST,Pornography/Obscene Material,78202,2026-09-01
53458531211,2023-12-19,Sodomy,PERSON,EAST,"Sex Offenses, Forcible",78202,2026-09-01
58102990786,2024-08-03,Wire Fraud,PROPERTY,EAST,Fraud Offenses,78202,2026-09-01
62772608059,2025-02-14,Wire Fraud,PROPERTY,EAST,Fraud Offenses,78202,2026-09-01
55285821668,2024-04-08,Embezzlement,PROPERTY,CENTRAL,Embezzlement,78205,2026-09-01
52546432322,2023-10-09,Pornography/Obscene Material,SOCIETY,CENTRAL,Pornography/Obscene Material,78205,2026-09-01
66868793447,2025-10-24,Arson,PROPERTY,CENTRAL,Arson,78207,2026-09-01
52638720744,2023-10-19,Fondling,PERSON,CENTRAL,"Sex Offenses, Forcible",78207,2026-09-01
65201837531,2025-07-30,Fondling,PERSON,CENTRAL,"Sex Offenses, Forcible",78207,2026-09-01
65628296820,2025-08-28,Fondling,PERSON,CENTRAL,"Sex Offenses, Forcible",78207,2026-09-01
52217736336,2023-09-07,Impersonation,PROPERTY,CENTRAL,Fraud Offenses,78207,2026-09-01
53570088819,2023-12-27,Murder & Nonnegligent Manslaughter,PERSON,CENTRAL,Homicide Offenses,78207,2026-09-01
51963389139,2023-08-27,Negligent Manslaughter,PERSON,CENTRAL,Homicide Offenses,78207,2026-09-01
56094106894,2024-05-16,Pocket-picking,PROPERTY,CENTRAL,Larceny/Theft Offenses,78207,2026-09-01
64780203321,2025-07-01,Prostitution,SOCIETY,CENTRAL,Prostitution Offenses,78207,2026-09-01
65622957529,2025-08-27,Prostitution,SOCIETY,DOWNTOWN,Prostitution Offenses,78207,2026-09-01
58502999469,2024-08-23,Stolen Property Offenses,PROPERTY,EAST,Stolen Property Offenses,78208,2026-09-01
50086969698,2023-05-26,Extortion/Blackmail,PROPERTY,EAST,Extortion/Blackmail,78209,2026-09-01
71740244719,2026-07-19,Fondling,PERSON,NORTH,"Sex Offenses, Forcible",78209,2026-09-01
54635471465,2024-03-09,Pornography/Obscene Material,SOCIETY,SOUTH,Pornography/Obscene Material,78210,2026-09-01
67768690008,2025-12-11,Animal Cruelty,SOCIETY,SOUTH,Animal Cruelty,78211,2026-09-01
46233271180,2023-03-12,Hacking/Computer Invasion,PROPERTY,SOUTH,Fraud Offenses,78211,2026-09-01
51073229202,2023-06-21,Pornography/Obscene Material,SOCIETY,SOUTH,Pornography/Obscene Material,78211,2026-09-01
59270132089,2024-09-15,Pornography/Obscene Material,SOCIETY,SOUTH,Pornography/Obscene Material,78211,2026-09-01
39357342854,2023-01-02,Sodomy,PERSON,SOUTH,"Sex Offenses, Forcible",78211,2026-09-01
62939055622,2025-02-27,Fondling,PERSON,DOWNTOWN,"Sex Offenses, Forcible",78212,2026-09-01
54851158266,2024-03-19,Sexual Assault With An Object,PERSON,CENTRAL,"Sex Offenses, Forcible",78212,2026-09-01
53265144672,2023-11-30,Sodomy,PERSON,CENTRAL,"Sex Offenses, Forcible",78212,2026-09-01
56097002142,2024-05-16,Sodomy,PERSON,CENTRAL,"Sex Offenses, Forcible",78212,2026-09-01
62695583665,2025-02-09,Stolen Property Offenses,PROPERTY,DOWNTOWN,Stolen Property Offenses,78212,2026-09-01
64584822484,2025-06-20,Stolen Property Offenses,PROPERTY,DOWNTOWN,Stolen Property Offenses,78212,2026-09-01
66182443131,2025-09-22,Welfare Fraud,PROPERTY,DOWNTOWN,Fraud Offenses,78212,2026-09-01
63218274335,2025-03-17,Wire Fraud,PROPERTY,CENTRAL,Fraud Offenses,78212,2026-09-01
64165088307,2025-05-28,Wire Fraud,PROPERTY,DOWNTOWN,Fraud Offenses,78212,2026-09-01
66163505307,2025-09-21,Wire Fraud,PROPERTY,CENTRAL,Fraud Offenses,78212,2026-09-01
52941988894,2023-11-08,Impersonation,PROPERTY,NORTH,Fraud Offenses,78213,2026-09-01
51034840016,2023-06-16,Wire Fraud,PROPERTY,NORTH,Fraud Offenses,78213,2026-09-01
49342686146,2023-05-04,Fondling,PERSON,SOUTH,"Sex Offenses, Forcible",78214,2026-09-01
54818516609,2024-03-18,Fondling,PERSON,SOUTH,"Sex Offenses, Forcible",78214,2026-09-01
64867130055,2025-07-08,Pocket-picking,PROPERTY,SOUTH,Larceny/Theft Offenses,78214,2026-09-01
52578771012,2023-10-13,Sodomy,PERSON,SOUTH,"Sex Offenses, Forcible",78214,2026-09-01
67903527077,2025-12-22,Stolen Property Offenses,PROPERTY,SOUTH,Stolen Property Offenses,78214,2026-09-01
62860369344,2025-02-20,Theft From Coin-Operated Machine or Device,PROPERTY,SOUTH,Larceny/Theft Offenses,78214,2026-09-01
67785713020,2025-12-13,Arson,PROPERTY,NORTH,Arson,78216,2026-09-01
69966488358,2026-04-29,Pornography/Obscene Material,SOCIETY,NORTH,Pornography/Obscene Material,78216,2026-09-01
68286188541,2026-01-23,Stolen Property Offenses,PROPERTY,NORTH,Stolen Property Offenses,78216,2026-09-01
57979242429,2024-07-30,Animal Cruelty,SOCIETY,NORTH,Animal Cruelty,78217,2026-09-01
70444836065,2026-05-14,Extortion/Blackmail,PROPERTY,NORTH,Extortion/Blackmail,78217,2026-09-01
64513286713,2025-06-14,Murder & Nonnegligent Manslaughter,PERSON,NORTH,Homicide Offenses,78217,2026-09-01
51963033353,2023-08-22,Pornography/Obscene Material,SOCIETY,NORTH,Pornography/Obscene Material,78217,2026-09-01
64149525465,2025-05-27,Wire Fraud,PROPERTY,NORTH,Fraud Offenses,78217,2026-09-01
53438504854,2023-12-17,Embezzlement,PROPERTY,EAST,Embezzlement,78218,2026-09-01
60206656315,2024-10-25,Pornography/Obscene Material,SOCIETY,EAST,Pornography/Obscene Material,78218,2026-09-01
54965012450,2024-03-22,Sodomy,PERSON,EAST,"Sex Offenses, Forcible",78218,2026-09-01
43512768272,2023-02-26,Wire Fraud,PROPERTY,EAST,Fraud Offenses,78218,2026-09-01
54139273366,2024-02-12,Wire Fraud,PROPERTY,EAST,Fraud Offenses,78218,2026-09-01
67916975746,2025-12-23,Animal Cruelty,SOCIETY,EAST,Animal Cruelty,78219,2026-09-01
39328800877,2023-01-01,Arson,PROPERTY,EAST,Arson,78219,2026-09-01
68600396060,2026-02-18,Bribery,PROPERTY,EAST,Bribery,78219,2026-09-01
45290900248,2023-03-08,Animal Cruelty,SOCIETY,EAST,Animal Cruelty,78220,2026-09-01
68428523588,2026-02-05,Wire Fraud,PROPERTY,EAST,Fraud Offenses,78220,2026-09-01
72507907525,2026-08-29,Pornography/Obscene Material,SOCIETY,SOUTH,Pornography/Obscene Material,78221,2026-09-01
60031098213,2024-10-13,Wire Fraud,PROPERTY,SOUTH,Fraud Offenses,78221,2026-09-01
63583348016,2025-04-15,Wire Fraud,PROPERTY,SOUTH,Fraud Offenses,78221,2026-09-01
65508563943,2025-08-18,Fondling,PERSON,EAST,"Sex Offenses, Forcible",78222,2026-09-01
54727467321,2024-03-14,Theft From Coin-Operated Machine or Device,PROPERTY,EAST,Larceny/Theft Offenses,78222,2026-09-01
71878286296,2026-07-27,Pornography/Obscene Material,SOCIETY,EAST,Pornography/Obscene Material,78223,2026-09-01
71634279355,2026-07-14,Stolen Property Offenses,PROPERTY,SOUTH,Stolen Property Offenses,78223,2026-09-01
51664416890,2023-08-02,Wire Fraud,PROPERTY,SOUTH,Fraud Offenses,78223,2026-09-01
57584710466,2024-07-13,Kidnapping/Abduction,PERSON,SOUTH,Kidnapping/Abduction,78224,2026-09-01
61716195657,2024-12-13,Pornography/Obscene Material,SOCIETY,SOUTH,Pornography/Obscene Material,78224,2026-09-01
62212466523,2025-01-09,Prostitution,SOCIETY,SOUTH,Prostitution Offenses,78224,2026-09-01
67551544798,2025-11-26,Stolen Property Offenses,PROPERTY,SOUTH,Stolen Property Offenses,78224,2026-09-01
53771415503,2024-01-13,Wire Fraud,PROPERTY,SOUTH,Fraud Offenses,78224,2026-09-01
64355284976,2025-06-06,Pornography/Obscene Material,SOCIETY,SOUTH,Pornography/Obscene Material,78226,2026-09-01
41525976910,2023-02-07,Fondling,PERSON,SOUTH,"Sex Offenses, Forcible",78227,2026-09-01
70821120050,2026-06-01,Fondling,PERSON,WEST,"Sex Offenses, Forcible",78227,2026-09-01
67898090786,2025-12-22,Impersonation,PROPERTY,WEST,Fraud Offenses,78227,2026-09-01
64607639948,2025-06-22,Kidnapping/Abduction,PERSON,WEST,Kidnapping/Abduction,78227,2026-09-01
58334983720,2024-08-13,Pornography/Obscene Material,SOCIETY,WEST,Pornography/Obscene Material,78227,2026-09-01
63248884981,2025-03-19,Pornography/Obscene Material,SOCIETY,WEST,Pornography/Obscene Material,78227,2026-09-01
60039624825,2024-10-14,Welfare Fraud,PROPERTY,WEST,Fraud Offenses,78227,2026-09-01
61026973755,2024-11-28,Kidnapping/Abduction,PERSON,WEST,Kidnapping/Abduction,78228,2026-09-01
53446720397,2023-12-18,Welfare Fraud,PROPERTY,WEST,Fraud Offenses,78228,2026-09-01
53567845514,2023-12-27,Arson,PROPERTY,PRUE,Arson,78229,2026-09-01
63889267303,2025-05-08,Fondling,PERSON,PRUE,"Sex Offenses, Forcible",78229,2026-09-01
64139300215,2025-05-26,Pornography/Obscene Material,SOCIETY,PRUE,Pornography/Obscene Material,78230,2026-09-01
52301316429,2023-09-15,Wire Fraud,PROPERTY,PRUE,Fraud Offenses,78230,2026-09-01
55008863676,2024-03-26,Wire Fraud,PROPERTY,PRUE,Fraud Offenses,78230,2026-09-01
66784558879,2025-10-18,Wire Fraud,PROPERTY,PRUE,Fraud Offenses,78230,2026-09-01
52272345738,2023-09-12,Sexual Assault With An Object,PERSON,NORTH,"Sex Offenses, Forcible",78231,2026-09-01
56099885799,2024-05-16,Extortion/Blackmail,PROPERTY,SOUTH,Extortion/Blackmail,78233,2026-09-01
64327162468,2025-06-04,Pornography/Obscene Material,SOCIETY,NORTH,Pornography/Obscene Material,78233,2026-09-01
57659232647,2024-07-16,Wire Fraud,PROPERTY,NORTH,Fraud Offenses,78233,2026-09-01
70472672473,2026-05-15,Operating/Promoting/Assisting Gambling,SOCIETY,WEST,Gambling Offenses,78237,2026-09-01
57843444235,2024-07-22,Pocket-picking,PROPERTY,WEST,Larceny/Theft Offenses,78237,2026-09-01
55165286006,2024-04-03,Prostitution,SOCIETY,WEST,Prostitution Offenses,78237,2026-09-01
66325819523,2025-09-30,Wire Fraud,PROPERTY,CENTRAL,Fraud Offenses,78237,2026-09-01
53290182201,2023-12-03,Pocket-picking,PROPERTY,WEST,Larceny/Theft Offenses,78238,2026-09-01
72536795415,2026-08-31,Pornography/Obscene Material,SOCIETY,WEST,Pornography/Obscene Material,78238,2026-09-01
41516014799,2023-02-06,Purse-snatching,PROPERTY,WEST,Larceny/Theft Offenses,78238,2026-09-01
58005378632,2024-08-01,Stolen Property Offenses,PROPERTY,WEST,Stolen Property Offenses,78238,2026-09-01
69799756246,2026-04-22,Wire Fraud,PROPERTY,NORTH,Fraud Offenses,78239,2026-09-01
63066582427,2025-03-06,Pocket-picking,PROPERTY,PRUE,Larceny/Theft Offenses,78240,2026-09-01
55679703168,2024-04-25,Pornography/Obscene Material,SOCIETY,PRUE,Pornography/Obscene Material,78240,2026-09-01
60919599532,2024-11-20,Welfare Fraud,PROPERTY,PRUE,Fraud Offenses,78240,2026-09-01
70922130530,2026-06-08,Welfare Fraud,PROPERTY,PRUE,Fraud Offenses,78240,2026-09-01
50967359255,2023-06-08,Fondling,PERSON,SOUTH,"Sex Offenses, Forcible",78242,2026-09-01
69305401777,2026-03-19,Wire Fraud,PROPERTY,EAST,Fraud Offenses,78244,2026-09-01
62352782562,2025-01-19,Pornography/Obscene Material,SOCIETY,WEST,Pornography/Obscene Material,78245,2026-09-01
61937127819,2024-12-20,Arson,PROPERTY,NORTH,Arson,78247,2026-09-01
65574358678,2025-08-23,Pocket-picking,PROPERTY,NORTH,Larceny/Theft Offenses,78247,2026-09-01
50988374544,2023-06-10,Wire Fraud,PROPERTY,NORTH,Fraud Offenses,78247,2026-09-01
57903462458,2024-07-25,Wire Fraud,PROPERTY,NORTH,Fraud Offenses,78247,2026-09-01
54270929053,2024-02-19,Wire Fraud,PROPERTY,PRUE,Fraud Offenses,78248,2026-09-01
67588237470,2025-11-28,Animal Cruelty,SOCIETY,PRUE,Animal Cruelty,78249,2026-09-01
69423397263,2026-03-26,Fondling,PERSON,PRUE,"Sex Offenses, Forcible",78249,2026-09-01
60868763514,2024-11-19,Pornography/Obscene Material,SOCIETY,PRUE,Pornography/Obscene Material,78249,2026-09-01
49290382522,2023-04-27,Purse-snatching,PROPERTY,PRUE,Larceny/Theft Offenses,78249,2026-09-01
60382690132,2024-11-04,Stolen Property Offenses,PROPERTY,PRUE,Stolen Property Offenses,78249,2026-09-01
51701900911,2023-08-04,Arson,PROPERTY,WEST,Arson,78251,2026-09-01
51359325100,2023-07-11,Embezzlement,PROPERTY,PRUE,Embezzlement,78251,2026-09-01
53839691271,2024-01-19,Murder & Nonnegligent Manslaughter,PERSON,WEST,Homicide Offenses,78251,2026-09-01
68573626845,2026-02-15,Pornography/Obscene Material,SOCIETY,WEST,Pornography/Obscene Material,78251,2026-09-01
70749321506,2026-05-26,Pornography/Obscene Material,SOCIETY,WEST,Pornography/Obscene Material,78251,2026-09-01
48535421568,2023-04-02,Sexual Assault With An Object,PERSON,WEST,"Sex Offenses, Forcible",78251,2026-09-01
43370185954,2023-02-25,Wire Fraud,PROPERTY,WEST,Fraud Offenses,78251,2026-09-01
69664584564,2026-04-13,"Human Trafficking, Commercial Sex Acts",PERSON,PRUE,Human Trafficking,78254,2026-09-01
64981185889,2025-07-16,Wire Fraud,PROPERTY,WEST,Fraud Offenses,78254,2026-09-01
53008544687,2023-11-12,Wire Fraud,PROPERTY,PRUE,Fraud Offenses,78256,2026-09-01
55457670099,2024-04-14,Wire Fraud,PROPERTY,PRUE,Fraud Offenses,78256,2026-09-01
68430264291,2026-02-05,Wire Fraud,PROPERTY,PRUE,Fraud Offenses,78257,2026-09-01
59997354530,2024-10-10,Embezzlement,PROPERTY,NORTH,Embezzlement,78258,2026-09-01
54171280477,2024-02-15,Impersonation,PROPERTY,NORTH,Fraud Offenses,78258,2026-09-01
72370559883,2026-08-22,Pornography/Obscene Material,SOCIETY,NORTH,Pornography/Obscene Material,78258,2026-09-01
56439882303,2024-05-28,Wire Fraud,PROPERTY,NORTH,Fraud Offenses,78258,2026-09-01
66570407050,2025-10-09,Stolen Property Offenses,PROPERTY,SOUTH,Stolen Property Offenses,Out of Jurisdiction,2026-09-01
52299978884,2023-09-15,Fondling,PERSON,WEST,"Sex Offenses, Forcible",78201,2026-09-01
58338036310,2024-08-13,Prostitution,SOCIETY,CENTRAL,Prostitution Offenses,78201,2026-09-01
69269765688,2026-03-17,Prostitution,SOCIETY,CENTRAL,Prostitution Offenses,78201,2026-09-01
50109061584,2023-05-29,Welfare Fraud,PROPERTY,WEST,Fraud Offenses,78201,2026-09-01
61419547866,2024-12-06,Wire Fraud,PROPERTY,WEST,Fraud Offenses,78201,2026-09-01
50788090883,2023-05-31,Purchasing Prostitution,SOCIETY,EAST,Prostitution Offenses,78202,2026-09-01
55839213987,2024-05-03,Welfare Fraud,PROPERTY,EAST,Fraud Offenses,78202,2026-09-01
57851831837,2024-07-25,Arson,PROPERTY,EAST,Arson,78203,2026-09-01
61880601438,2024-12-17,Fondling,PERSON,EAST,"Sex Offenses, Forcible",78203,2026-09-01
55133377293,2024-04-01,Fondling,PERSON,CENTRAL,"Sex Offenses, Forcible",78204,2026-09-01
68542562127,2026-02-13,Fondling,PERSON,DOWNTOWN,"Sex Offenses, Forcible",78204,2026-09-01
65040406951,2025-07-20,Stolen Property Offenses,PROPERTY,SOUTH,Stolen Property Offenses,78204,2026-09-01
65484567660,2025-08-16,Fondling,PERSON,DOWNTOWN,"Sex Offenses, Forcible",78205,2026-09-01
53679413176,2024-01-18,Arson,PROPERTY,CENTRAL,Arson,78207,2026-09-01
54605116429,2024-03-06,Fondling,PERSON,CENTRAL,"Sex Offenses, Forcible",78207,2026-09-01
60978233226,2024-11-24,Fondling,PERSON,CENTRAL,"Sex Offenses, Forcible",78207,2026-09-01
50961676484,2023-06-07,Pornography/Obscene Material,SOCIETY,CENTRAL,Pornography/Obscene Material,78207,2026-09-01
66302164026,2025-09-29,Prostitution,SOCIETY,CENTRAL,Prostitution Offenses,78207,2026-09-01
52110460846,2023-09-01,Sexual Assault With An Object,PERSON,CENTRAL,"Sex Offenses, Forcible",78207,2026-09-01
55166203091,2024-04-03,Sodomy,PERSON,CENTRAL,"Sex Offenses, Forcible",78207,2026-09-01
53016796904,2023-11-13,Stolen Property Offenses,PROPERTY,CENTRAL,Stolen Property Offenses,78207,2026-09-01
53268831042,2023-12-01,Stolen Property Offenses,PROPERTY,CENTRAL,Stolen Property Offenses,78207,2026-09-01
69651363840,2026-04-12,Theft From Coin-Operated Machine or Device,PROPERTY,CENTRAL,Larceny/Theft Offenses,78207,2026-09-01
58658783575,2024-08-30,Pocket-picking,PROPERTY,NORTH,Larceny/Theft Offenses,78209,2026-09-01
68546232798,2026-02-13,Pocket-picking,PROPERTY,EAST,Larceny/Theft Offenses,78210,2026-09-01
64606356729,2025-06-21,Pornography/Obscene Material,SOCIETY,EAST,Pornography/Obscene Material,78210,2026-09-01
49256431888,2023-04-26,Wire Fraud,PROPERTY,SOUTH,Fraud Offenses,78210,2026-09-01
68534819548,2026-02-12,Wire Fraud,PROPERTY,EAST,Fraud Offenses,78210,2026-09-01
67099975530,2025-10-31,Embezzlement,PROPERTY,SOUTH,Embezzlement,78211,2026-09-01
59617810853,2024-09-25,Fondling,PERSON,SOUTH,"Sex Offenses, Forcible",78211,2026-09-01
60865744846,2024-11-18,Pornography/Obscene Material,SOCIETY,SOUTH,Pornography/Obscene Material,78211,2026-09-01
72388699424,2026-08-23,Wire Fraud,PROPERTY,SOUTH,Fraud Offenses,78211,2026-09-01
67856813495,2025-12-18,Kidnapping/Abduction,PERSON,DOWNTOWN,Kidnapping/Abduction,78212,2026-09-01
52236356976,2023-09-09,Pocket-picking,PROPERTY,CENTRAL,Larceny/Theft Offenses,78212,2026-09-01
60309416262,2024-10-30,Stolen Property Offenses,PROPERTY,CENTRAL,Stolen Property Offenses,78212,2026-09-01
70897867379,2026-06-06,Animal Cruelty,SOCIETY,CENTRAL,Animal Cruelty,78213,2026-09-01
50043944768,2023-05-22,Murder & Nonnegligent Manslaughter,PERSON,NORTH,Homicide Offenses,78213,2026-09-01
57614499749,2024-07-14,Stolen Property Offenses,PROPERTY,CENTRAL,Stolen Property Offenses,78213,2026-09-01
47282292345,2023-04-16,Sodomy,PERSON,SOUTH,"Sex Offenses, Forcible",78214,2026-09-01
52187908948,2023-09-04,Fondling,PERSON,NORTH,"Sex Offenses, Forcible",78216,2026-09-01
49993021144,2023-05-19,Pornography/Obscene Material,SOCIETY,NORTH,Pornography/Obscene Material,78216,2026-09-01
49920605930,2023-05-17,Prostitution,SOCIETY,NORTH,Prostitution Offenses,78216,2026-09-01
58631626996,2024-08-29,Prostitution,SOCIETY,NORTH,Prostitution Offenses,78216,2026-09-01
62914420608,2025-02-25,Prostitution,SOCIETY,NORTH,Prostitution Offenses,78216,2026-09-01
63917890539,2025-05-09,Stolen Property Offenses,PROPERTY,NORTH,Stolen Property Offenses,78216,2026-09-01
68381923910,2026-02-02,Stolen Property Offenses,PROPERTY,NORTH,Stolen Property Offenses,78216,2026-09-01
51319409331,2023-07-06,Wire Fraud,PROPERTY,NORTH,Fraud Offenses,78216,2026-09-01
56112200246,2024-05-17,Wire Fraud,PROPERTY,NORTH,Fraud Offenses,78216,2026-09-01
42988194480,2023-02-21,Embezzlement,PROPERTY,NORTH,Embezzlement,78217,2026-09-01
60229410104,2024-10-28,Pornography/Obscene Material,SOCIETY,NORTH,Pornography/Obscene Material,78217,2026-09-01
70439402694,2026-05-13,Pornography/Obscene Material,SOCIETY,NORTH,Pornography/Obscene Material,78217,2026-09-01
70884252770,2026-06-05,Stolen Property Offenses,PROPERTY,NORTH,Stolen Property Offenses,78217,2026-09-01
62666707391,2025-02-07,Wire Fraud,PROPERTY,NORTH,Fraud Offenses,78217,2026-09-01
63731858809,2025-04-29,Wire Fraud,PROPERTY,NORTH,Fraud Offenses,78217,2026-09-01
42603881444,2023-02-17,Fondling,PERSON,EAST,"Sex Offenses, Forcible",78218,2026-09-01
55304788744,2024-04-09,Pornography/Obscene Material,SOCIETY,NORTH,Pornography/Obscene Material,78218,2026-09-01
64552959837,2025-06-17,Pornography/Obscene Material,SOCIETY,EAST,Pornography/Obscene Material,78218,2026-09-01
48160253111,2023-03-30,Sodomy,PERSON,EAST,"Sex Offenses, Forcible",78218,2026-09-01
56874573923,2024-06-15,Stolen Property Offenses,PROPERTY,EAST,Stolen Property Offenses,78218,2026-09-01
58308102463,2024-08-12,Theft From Coin-Operated Machine or Device,PROPERTY,EAST,Larceny/Theft Offenses,78218,2026-09-01
70402919125,2026-05-11,Welfare Fraud,PROPERTY,EAST,Fraud Offenses,78218,2026-09-01
62186565133,2025-01-11,Wire Fraud,PROPERTY,EAST,Fraud Offenses,78218,2026-09-01
52207877662,2023-09-06,Fondling,PERSON,EAST,"Sex Offenses, Forcible",78219,2026-09-01
54210681361,2024-02-26,Arson,PROPERTY,EAST,Arson,78220,2026-09-01
63479781609,2025-04-05,Fondling,PERSON,EAST,"Sex Offenses, Forcible",78220,2026-09-01
46664152820,2023-03-16,Sodomy,PERSON,EAST,"Sex Offenses, Forcible",78220,2026-09-01
68007780479,2026-01-01,Fondling,PERSON,EAST,"Sex Offenses, Forcible",78222,2026-09-01
59883391653,2024-10-05,Impersonation,PROPERTY,EAST,Fraud Offenses,78222,2026-09-01
72057376909,2026-08-08,Pornography/Obscene Material,SOCIETY,EAST,Pornography/Obscene Material,78222,2026-09-01
69630720846,2026-04-10,Wire Fraud,PROPERTY,EAST,Fraud Offenses,78222,2026-09-01
54703171547,2024-03-13,Fondling,PERSON,EAST,"Sex Offenses, Forcible",78223,2026-09-01
65352313148,2025-08-07,Fondling,PERSON,EAST,"Sex Offenses, Forcible",78223,2026-09-01
43870883197,2023-02-27,Stolen Property Offenses,PROPERTY,SOUTH,Stolen Property Offenses,78223,2026-09-01
47387934564,2023-03-23,Stolen Property Offenses,PROPERTY,EAST,Stolen Property Offenses,78223,2026-09-01
60259558690,2024-10-29,Stolen Property Offenses,PROPERTY,EAST,Stolen Property Offenses,78223,2026-09-01
68218320066,2026-01-18,Wire Fraud,PROPERTY,EAST,Fraud Offenses,78223,2026-09-01
52771347250,2023-10-23,Embezzlement,PROPERTY,SOUTH,Embezzlement,78224,2026-09-01
55077115752,2024-03-29,Embezzlement,PROPERTY,SOUTH,Embezzlement,78224,2026-09-01
59617662078,2024-09-25,Embezzlement,PROPERTY,SOUTH,Embezzlement,78224,2026-09-01
54753003608,2024-03-16,Fondling,PERSON,SOUTH,"Sex Offenses, Forcible",78224,2026-09-01
63815561404,2025-05-04,Fondling,PERSON,SOUTH,"Sex Offenses, Forcible",78224,2026-09-01
54743849216,2024-03-15,Pornography/Obscene Material,SOCIETY,SOUTH,Pornography/Obscene Material,78224,2026-09-01
54250982903,2024-02-18,Wire Fraud,PROPERTY,SOUTH,Fraud Offenses,78224,2026-09-01
50978005704,2023-06-09,Fondling,PERSON,SOUTH,"Sex Offenses, Forcible",78225,2026-09-01
52110604749,2023-09-01,Pornography/Obscene Material,SOCIETY,SOUTH,Pornography/Obscene Material,78225,2026-09-01
66883240030,2025-10-26,Pornography/Obscene Material,SOCIETY,SOUTH,Pornography/Obscene Material,78226,2026-09-01
63260092479,2025-03-20,Hacking/Computer Invasion,PROPERTY,WEST,Fraud Offenses,78227,2026-09-01
60133598129,2024-10-19,Kidnapping/Abduction,PERSON,WEST,Kidnapping/Abduction,78227,2026-09-01
40541369444,2023-01-11,Sexual Assault With An Object,PERSON,WEST,"Sex Offenses, Forcible",78227,2026-09-01
56868122888,2024-06-14,Stolen Property Offenses,PROPERTY,WEST,Stolen Property Offenses,78227,2026-09-01
41235846724,2023-01-27,Wire Fraud,PROPERTY,WEST,Fraud Offenses,78227,2026-09-01
69120533899,2026-03-08,Pornography/Obscene Material,SOCIETY,WEST,Pornography/Obscene Material,78228,2026-09-01
58293155691,2024-08-11,Stolen Property Offenses,PROPERTY,WEST,Stolen Property Offenses,78228,2026-09-01
58646963920,2024-08-30,Stolen Property Offenses,PROPERTY,WEST,Stolen Property Offenses,78228,2026-09-01
54642791632,2024-03-10,Wire Fraud,PROPERTY,WEST,Fraud Offenses,78228,2026-09-01
52465812839,2023-09-29,Embezzlement,PROPERTY,PRUE,Embezzlement,78229,2026-09-01
49352796670,2023-05-05,Fondling,PERSON,PRUE,"Sex Offenses, Forcible",78229,2026-09-01
64097567835,2025-05-23,Fondling,PERSON,PRUE,"Sex Offenses, Forcible",78229,2026-09-01
61969236638,2024-12-22,Pornography/Obscene Material,SOCIETY,PRUE,Pornography/Obscene Material,78229,2026-09-01
64046659337,2025-05-19,Wire Fraud,PROPERTY,PRUE,Fraud Offenses,78229,2026-09-01
57467796008,2024-07-08,Assisting or Promoting Prostitution,SOCIETY,PRUE,Prostitution Offenses,78230,2026-09-01
53660078183,2024-01-06,Embezzlement,PROPERTY,PRUE,Embezzlement,78230,2026-09-01
56403315591,2024-05-24,Embezzlement,PROPERTY,PRUE,Embezzlement,78230,2026-09-01
59728339504,2024-09-30,Murder & Nonnegligent Manslaughter,PERSON,PRUE,Homicide Offenses,78230,2026-09-01
70767097013,2026-05-27,Pocket-picking,PROPERTY,PRUE,Larceny/Theft Offenses,78230,2026-09-01
68059900071,2026-01-05,Wire Fraud,PROPERTY,PRUE,Fraud Offenses,78230,2026-09-01
55242745677,2024-04-06,"Human Trafficking, Commercial Sex Acts",PERSON,NORTH,Human Trafficking,78232,2026-09-01
57803221034,2024-07-20,Pornography/Obscene Material,SOCIETY,NORTH,Pornography/Obscene Material,78232,2026-09-01
62374486034,2025-01-20,Pornography/Obscene Material,SOCIETY,NORTH,Pornography/Obscene Material,78233,2026-09-01
63532445839,2025-04-10,Purse-snatching,PROPERTY,NORTH,Larceny/Theft Offenses,78233,2026-09-01
49001182756,2023-04-11,Stolen Property Offenses,PROPERTY,NORTH,Stolen Property Offenses,78233,2026-09-01
54589883455,2024-03-05,Theft From Coin-Operated Machine or Device,PROPERTY,NORTH,Larceny/Theft Offenses,78233,2026-09-01
51788814186,2023-08-10,Wire Fraud,PROPERTY,NORTH,Fraud Offenses,78233,2026-09-01
39474034346,2023-01-04,Fondling,PERSON,SOUTH,"Sex Offenses, Forcible",78235,2026-09-01
55611451079,2024-04-20,Embezzlement,PROPERTY,WEST,Embezzlement,78237,2026-09-01
52057458717,2023-08-29,Fondling,PERSON,WEST,"Sex Offenses, Forcible",78237,2026-09-01
55131902299,2024-04-01,Pornography/Obscene Material,SOCIETY,CENTRAL,Pornography/Obscene Material,78237,2026-09-01
43854999218,2023-02-27,Wire Fraud,PROPERTY,WEST,Fraud Offenses,78237,2026-09-01
54564683334,2024-03-03,Animal Cruelty,SOCIETY,WEST,Animal Cruelty,78238,2026-09-01
61434512859,2024-12-08,Embezzlement,PROPERTY,PRUE,Embezzlement,78238,2026-09-01
54130421107,2024-02-11,Fondling,PERSON,WEST,"Sex Offenses, Forcible",78238,2026-09-01
68675590557,2026-02-23,Fondling,PERSON,PRUE,"Sex Offenses, Forcible",78240,2026-09-01
69798811994,2026-04-22,Fondling,PERSON,PRUE,"Sex Offenses, Forcible",78240,2026-09-01
70748860934,2026-05-26,Pornography/Obscene Material,SOCIETY,PRUE,Pornography/Obscene Material,78240,2026-09-01
63488986557,2025-04-06,Animal Cruelty,SOCIETY,SOUTH,Animal Cruelty,78242,2026-09-01
62513286645,2025-01-29,Kidnapping/Abduction,PERSON,SOUTH,Kidnapping/Abduction,78242,2026-09-01
52906731486,2023-11-04,Sexual Assault With An Object,PERSON,SOUTH,"Sex Offenses, Forcible",78242,2026-09-01
47610330051,2023-03-25,Hacking/Computer Invasion,PROPERTY,EAST,Fraud Offenses,78244,2026-09-01
60170553807,2024-10-22,Animal Cruelty,SOCIETY,WEST,Animal Cruelty,78245,2026-09-01
55169203865,2024-04-03,Fondling,PERSON,WEST,"Sex Offenses, Forcible",78245,2026-09-01
63312290492,2025-03-24,Impersonation,PROPERTY,WEST,Fraud Offenses,78245,2026-09-01
66397846645,2025-10-07,Wire Fraud,PROPERTY,WEST,Fraud Offenses,78245,2026-09-01
52210540982,2023-09-06,Embezzlement,PROPERTY,NORTH,Embezzlement,78247,2026-09-01
51536608857,2023-07-28,Fondling,PERSON,NORTH,"Sex Offenses, Forcible",78247,2026-09-01
66337880778,2025-10-01,Fondling,PERSON,NORTH,"Sex Offenses, Forcible",78247,2026-09-01
57628622973,2024-07-15,Wire Fraud,PROPERTY,NORTH,Fraud Offenses,78247,2026-09-01
64380109371,2025-06-07,Stolen Property Offenses,PROPERTY,PRUE,Stolen Property Offenses,78249,2026-09-01
58693704597,2024-09-02,Embezzlement,PROPERTY,PRUE,Embezzlement,78250,2026-09-01
69796342049,2026-04-22,Fondling,PERSON,PRUE,"Sex Offenses, Forcible",78250,2026-09-01
57019836545,2024-06-22,Murder & Nonnegligent Manslaughter,PERSON,PRUE,Homicide Offenses,78250,2026-09-01
47504505347,2023-03-24,Wire Fraud,PROPERTY,PRUE,Fraud Offenses,78250,2026-09-01
58019490496,2024-08-02,Bribery,PROPERTY,WEST,Bribery,78251,2026-09-01
53853485920,2024-01-21,Kidnapping/Abduction,PERSON,WEST,Kidnapping/Abduction,78251,2026-09-01
66207655596,2025-09-23,Purse-snatching,PROPERTY,WEST,Larceny/Theft Offenses,78251,2026-09-01
42606450714,2023-02-17,Embezzlement,PROPERTY,PRUE,Embezzlement,78256,2026-09-01
54555268962,2024-03-02,Impersonation,PROPERTY,PRUE,Fraud Offenses,78256,2026-09-01
53629248730,2024-01-04,Sexual Assault With An Object,PERSON,PRUE,"Sex Offenses, Forcible",78256,2026-09-01
58412252327,2024-08-15,Wire Fraud,PROPERTY,PRUE,Fraud Offenses,78257,2026-09-01
57218118245,2024-07-01,Extortion/Blackmail,PROPERTY,NORTH,Extortion/Blackmail,78258,2026-09-01
63604299625,2025-04-16,Fondling,PERSON,NORTH,"Sex Offenses, Forcible",78258,2026-09-01
56074669858,2024-05-14,Pornography/Obscene Material,SOCIETY,NORTH,Pornography/Obscene Material,78258,2026-09-01
66022409939,2025-09-11,Pornography/Obscene Material,SOCIETY,NORTH,Pornography/Obscene Material,78258,2026-09-01
53317699671,2023-12-06,Wire Fraud,PROPERTY,NORTH,Fraud Offenses,78258,2026-09-01
61464676159,2024-12-11,Wire Fraud,PROPERTY,NORTH,Fraud Offenses,78258,2026-09-01
52292193296,2023-09-14,Pornography/Obscene Material,SOCIETY,NORTH,Pornography/Obscene Material,78259,2026-09-01
71448269608,2026-07-06,Pornography/Obscene Material,SOCIETY,NORTH,Pornography/Obscene Material,78259,2026-09-01
62436617332,2025-01-25,Extortion/Blackmail,PROPERTY,PRUE,Extortion/Blackmail,Out of Jurisdiction,2026-09-01
55757072483,2024-05-01,Wire Fraud,PROPERTY,PRUE,Fraud Offenses,Out of Jurisdiction,2026-09-01
55941827950,2024-05-06,Fondling,PERSON,CENTRAL,"Sex Offenses, Forcible",78201,2026-09-01
49003898007,2023-04-12,Pornography/Obscene Material,SOCIETY,CENTRAL,Pornography/Obscene Material,78201,2026-09-01
63148724619,2025-03-11,Pornography/Obscene Material,SOCIETY,WEST,Pornography/Obscene Material,78201,2026-09-01
63338416145,2025-03-26,Pornography/Obscene Material,SOCIETY,WEST,Pornography/Obscene Material,78201,2026-09-01
70965228814,2026-06-11,Prostitution,SOCIETY,WEST,Prostitution Offenses,78201,2026-09-01
48426463976,2023-04-01,Sodomy,PERSON,WEST,"Sex Offenses, Forcible",78201,2026-09-01
63319178584,2025-03-25,Stolen Property Offenses,PROPERTY,WEST,Stolen Property Offenses,78201,2026-09-01
49028318625,2023-04-15,Theft From Coin-Operated Machine or Device,PROPERTY,WEST,Larceny/Theft Offenses,78201,2026-09-01
60957954659,2024-11-22,Theft From Coin-Operated Machine or Device,PROPERTY,WEST,Larceny/Theft Offenses,78201,2026-09-01
55612246616,2024-04-20,Arson,PROPERTY,EAST,Arson,78202,2026-09-01
52476594280,2023-09-30,Embezzlement,PROPERTY,EAST,Embezzlement,78202,2026-09-01
41210595800,2023-01-26,Fondling,PERSON,CENTRAL,"Sex Offenses, Forcible",78204,2026-09-01
54631566471,2024-03-08,Fondling,PERSON,CENTRAL,"Sex Offenses, Forcible",78204,2026-09-01
72277041990,2026-08-18,Arson,PROPERTY,DOWNTOWN,Arson,78205,2026-09-01
54574431848,2024-03-04,Extortion/Blackmail,PROPERTY,CENTRAL,Extortion/Blackmail,78205,2026-09-01
56422102705,2024-05-26,Fondling,PERSON,DOWNTOWN,"Sex Offenses, Forcible",78205,2026-09-01
48955453520,2023-04-06,Pocket-picking,PROPERTY,CENTRAL,Larceny/Theft Offenses,78205,2026-09-01
51535884972,2023-07-28,Wire Fraud,PROPERTY,CENTRAL,Fraud Offenses,78205,2026-09-01
55668615600,2024-04-24,Fondling,PERSON,CENTRAL,"Sex Offenses, Forcible",78207,2026-09-01
72509775814,2026-08-29,Fondling,PERSON,CENTRAL,"Sex Offenses, Forcible",78207,2026-09-01
66637991574,2025-10-10,"Human Trafficking, Commercial Sex Acts",PERSON,CENTRAL,Human Trafficking,78207,2026-09-01
60202891644,2024-10-25,Murder & Nonnegligent Manslaughter,PERSON,CENTRAL,Homicide Offenses,78207,2026-09-01
62059896377,2024-12-30,Murder & Nonnegligent Manslaughter,PERSON,CENTRAL,Homicide Offenses,78207,2026-09-01
64765354426,2025-06-30,Prostitution,SOCIETY,CENTRAL,Prostitution Offenses,78207,2026-09-01
70302665891,2026-05-05,Prostitution,SOCIETY,CENTRAL,Prostitution Offenses,78207,2026-09-01
70842557480,2026-06-02,Prostitution,SOCIETY,CENTRAL,Prostitution Offenses,78207,2026-09-01
49820034325,2023-05-16,Sexual Assault With An Object,PERSON,CENTRAL,"Sex Offenses, Forcible",78207,2026-09-01
50976950397,2023-06-09,Sexual Assault With An Object,PERSON,CENTRAL,"Sex Offenses, Forcible",78207,2026-09-01
42403227188,2023-02-15,Stolen Property Offenses,PROPERTY,CENTRAL,Stolen Property Offenses,78207,2026-09-01
60822024859,2024-11-14,Stolen Property Offenses,PROPERTY,CENTRAL,Stolen Property Offenses,78207,2026-09-01
55604307322,2024-04-19,Welfare Fraud,PROPERTY,CENTRAL,Fraud Offenses,78207,2026-09-01
65083028119,2025-07-23,Kidnapping/Abduction,PERSON,DOWNTOWN,Kidnapping/Abduction,78208,2026-09-01
70356672677,2026-05-08,Pornography/Obscene Material,SOCIETY,EAST,Pornography/Obscene Material,78208,2026-09-01
55341913569,2024-04-10,Wire Fraud,PROPERTY,NORTH,Fraud Offenses,78209,2026-09-01
59746868140,2024-09-30,Wire Fraud,PROPERTY,NORTH,Fraud Offenses,78209,2026-09-01
66161969199,2025-09-21,Fondling,PERSON,EAST,"Sex Offenses, Forcible",78210,2026-09-01
68296797241,2026-01-24,Pornography/Obscene Material,SOCIETY,EAST,Pornography/Obscene Material,78210,2026-09-01
64479618748,2025-06-11,Stolen Property Offenses,PROPERTY,EAST,Stolen Property Offenses,78210,2026-09-01
71468455303,2026-07-07,Stolen Property Offenses,PROPERTY,EAST,Stolen Property Offenses,78210,2026-09-01
49221996310,2023-04-21,Wire Fraud,PROPERTY,EAST,Fraud Offenses,78210,2026-09-01
49239003197,2023-04-24,Fondling,PERSON,SOUTH,"Sex Offenses, Forcible",78211,2026-09-01
55166209782,2024-04-03,Fondling,PERSON,SOUTH,"Sex Offenses, Forcible",78211,2026-09-01
52814809223,2023-10-27,Pornography/Obscene Material,SOCIETY,SOUTH,Pornography/Obscene Material,78211,2026-09-01
54710276727,2024-03-13,Pornography/Obscene Material,SOCIETY,SOUTH,Pornography/Obscene Material,78211,2026-09-01
54741880210,2024-03-15,Embezzlement,PROPERTY,CENTRAL,Embezzlement,78212,2026-09-01
59456317419,2024-09-21,Murder & Nonnegligent Manslaughter,PERSON,CENTRAL,Homicide Offenses,78212,2026-09-01
51277030631,2023-07-01,Sodomy,PERSON,CENTRAL,"Sex Offenses, Forcible",78212,2026-09-01
59368916912,2024-09-17,Stolen Property Offenses,PROPERTY,DOWNTOWN,Stolen Property Offenses,78212,2026-09-01
55418817428,2024-04-12,Wire Fraud,PROPERTY,CENTRAL,Fraud Offenses,78212,2026-09-01
48751737078,2023-04-04,Fondling,PERSON,NORTH,"Sex Offenses, Forcible",78213,2026-09-01
51948456933,2023-08-20,Sexual Assault With An Object,PERSON,CENTRAL,"Sex Offenses, Forcible",78213,2026-09-01
63712001502,2025-04-27,Wire Fraud,PROPERTY,NORTH,Fraud Offenses,78213,2026-09-01
62525521678,2025-01-30,Animal Cruelty,SOCIETY,SOUTH,Animal Cruelty,78214,2026-09-01
62736187195,2025-02-11,Extortion/Blackmail,PROPERTY,SOUTH,Extortion/Blackmail,78214,2026-09-01
53953785820,2024-01-29,Stolen Property Offenses,PROPERTY,SOUTH,Stolen Property Offenses,78214,2026-09-01
63698264546,2025-04-26,Bribery,PROPERTY,DOWNTOWN,Bribery,78215,2026-09-01
68778767517,2026-03-02,Wire Fraud,PROPERTY,CENTRAL,Fraud Offenses,78215,2026-09-01
55472257232,2024-04-15,Embezzlement,PROPERTY,PRUE,Embezzlement,78216,2026-09-01
47388221171,2023-03-23,Murder & Nonnegligent Manslaughter,PERSON,NORTH,Homicide Offenses,78216,2026-09-01
53593664422,2023-12-30,Stolen Property Offenses,PROPERTY,NORTH,Stolen Property Offenses,78216,2026-09-01
70367946534,2026-05-09,Kidnapping/Abduction,PERSON,NORTH,Kidnapping/Abduction,78217,2026-09-01
58417917826,2024-08-15,Sodomy,PERSON,NORTH,"Sex Offenses, Forcible",78217,2026-09-01
50956308178,2023-06-07,Fondling,PERSON,EAST,"Sex Offenses, Forcible",78218,2026-09-01
64309813457,2025-06-04,Negligent Manslaughter,PERSON,EAST,Homicide Offenses,78218,2026-09-01
43274863624,2023-02-24,Embezzlement,PROPERTY,EAST,Embezzlement,78219,2026-09-01
60972860061,2024-11-24,Stolen Property Offenses,PROPERTY,EAST,Stolen Property Offenses,78219,2026-09-01
63296597252,2025-03-23,Stolen Property Offenses,PROPERTY,EAST,Stolen Property Offenses,78219,2026-09-01
63413155265,2025-03-31,Wire Fraud,PROPERTY,EAST,Fraud Offenses,78219,2026-09-01
51542375340,2023-07-29,Embezzlement,PROPERTY,EAST,Embezzlement,78220,2026-09-01
53394392569,2023-12-13,Fondling,PERSON,EAST,"Sex Offenses, Forcible",78220,2026-09-01
51958927739,2023-08-21,Kidnapping/Abduction,PERSON,EAST,Kidnapping/Abduction,78220,2026-09-01
56478227486,2024-05-31,Sodomy,PERSON,EAST,"Sex Offenses, Forcible",78220,2026-09-01
53152691231,2023-11-25,Wire Fraud,PROPERTY,EAST,Fraud Offenses,78220,2026-09-01
46454231017,2023-03-14,Embezzlement,PROPERTY,SOUTH,Embezzlement,78221,2026-09-01
66350094322,2025-10-02,Pornography/Obscene Material,SOCIETY,SOUTH,Pornography/Obscene Material,78221,2026-09-01
72268189657,2026-08-18,Fondling,PERSON,EAST,"Sex Offenses, Forcible",78222,2026-09-01
63722513478,2025-04-28,Embezzlement,PROPERTY,EAST,Embezzlement,78223,2026-09-01
70799915209,2026-05-30,"Human Trafficking, Commercial Sex Acts",PERSON,SOUTH,Human Trafficking,78223,2026-09-01
62036373045,2024-12-28,Murder & Nonnegligent Manslaughter,PERSON,SOUTH,Homicide Offenses,78223,2026-09-01
52298813556,2023-09-15,Wire Fraud,PROPERTY,EAST,Fraud Offenses,78223,2026-09-01
63289098181,2025-03-22,Embezzlement,PROPERTY,SOUTH,Embezzlement,78224,2026-09-01
64016264112,2025-05-16,Fondling,PERSON,SOUTH,"Sex Offenses, Forcible",78224,2026-09-01
69636410568,2026-04-11,Fondling,PERSON,SOUTH,"Sex Offenses, Forcible",78224,2026-09-01
54113014054,2024-02-09,Murder & Nonnegligent Manslaughter,PERSON,SOUTH,Homicide Offenses,78224,2026-09-01
67754914593,2025-12-10,Pornography/Obscene Material,SOCIETY,SOUTH,Pornography/Obscene Material,78224,2026-09-01
67945527601,2025-12-26,Stolen Property Offenses,PROPERTY,SOUTH,Stolen Property Offenses,78224,2026-09-01
52848447226,2023-11-27,Fondling,PERSON,SOUTH,"Sex Offenses, Forcible",78225,2026-09-01
52270655402,2023-09-12,Fondling,PERSON,SOUTH,"Sex Offenses, Forcible",78226,2026-09-01
52599502201,2023-10-16,Sexual Assault With An Object,PERSON,SOUTH,"Sex Offenses, Forcible",78226,2026-09-01
71899203675,2026-07-28,Extortion/Blackmail,PROPERTY,SOUTH,Extortion/Blackmail,78227,2026-09-01
53674161576,2024-01-08,Impersonation,PROPERTY,SOUTH,Fraud Offenses,78227,2026-09-01
52210909177,2023-09-06,Kidnapping/Abduction,PERSON,WEST,Kidnapping/Abduction,78227,2026-09-01
57519602508,2024-07-11,Sodomy,PERSON,WEST,"Sex Offenses, Forcible",78227,2026-09-01
65411265256,2025-08-11,Animal Cruelty,SOCIETY,WEST,Animal Cruelty,78228,2026-09-01
50867975058,2023-06-01,Fondling,PERSON,WEST,"Sex Offenses, Forcible",78228,2026-09-01
54622258481,2024-03-07,Fondling,PERSON,WEST,"Sex Offenses, Forcible",78228,2026-09-01
54646696627,2024-03-10,Fondling,PERSON,WEST,"Sex Offenses, Forcible",78228,2026-09-01
62575298748,2025-02-02,Pornography/Obscene Material,SOCIETY,WEST,Pornography/Obscene Material,78228,2026-09-01
51709025781,2023-08-05,Wire Fraud,PROPERTY,WEST,Fraud Offenses,78228,2026-09-01
68448358109,2026-02-06,Wire Fraud,PROPERTY,WEST,Fraud Offenses,78228,2026-09-01
59870654315,2024-10-04,Arson,PROPERTY,PRUE,Arson,78229,2026-09-01
53618304267,2024-01-02,Pornography/Obscene Material,SOCIETY,PRUE,Pornography/Obscene Material,78229,2026-09-01
51080957189,2023-06-22,Sexual Assault With An Object,PERSON,PRUE,"Sex Offenses, Forcible",78229,2026-09-01
52398394965,2023-09-22,Sexual Assault With An Object,PERSON,PRUE,"Sex Offenses, Forcible",78229,2026-09-01
52758562933,2023-10-23,Sodomy,PERSON,PRUE,"Sex Offenses, Forcible",78229,2026-09-01
53732989594,2024-01-11,Sodomy,PERSON,PRUE,"Sex Offenses, Forcible",78229,2026-09-01
67178793610,2025-11-03,Prostitution,SOCIETY,PRUE,Prostitution Offenses,78230,2026-09-01
53724833687,2024-01-11,Wire Fraud,PROPERTY,PRUE,Fraud Offenses,78230,2026-09-01
55365312167,2024-04-11,Wire Fraud,PROPERTY,PRUE,Fraud Offenses,78230,2026-09-01
70871468126,2026-06-04,Wire Fraud,PROPERTY,PRUE,Fraud Offenses,78230,2026-09-01
51725270428,2023-08-08,Kidnapping/Abduction,PERSON,NORTH,Kidnapping/Abduction,78232,2026-09-01
62524719623,2025-01-30,Pornography/Obscene Material,SOCIETY,NORTH,Pornography/Obscene Material,78232,2026-09-01
65004251495,2025-07-17,Pornography/Obscene Material,SOCIETY,NORTH,Pornography/Obscene Material,78232,2026-09-01
70279404872,2026-05-04,Prostitution,SOCIETY,PRUE,Prostitution Offenses,78232,2026-09-01
53466049158,2023-12-20,Sexual Assault With An Object,PERSON,NORTH,"Sex Offenses, Forcible",78232,2026-09-01
63351577252,2025-03-27,Wire Fraud,PROPERTY,NORTH,Fraud Offenses,78232,2026-09-01
60860767589,2025-01-07,Arson,PROPERTY,NORTH,Arson,78233,2026-09-01
68379496170,2026-02-01,Pornography/Obscene Material,SOCIETY,NORTH,Pornography/Obscene Material,78233,2026-09-01
53292532516,2023-12-04,Stolen Property Offenses,PROPERTY,NORTH,Stolen Property Offenses,78233,2026-09-01
64805439434,2025-07-03,Embezzlement,PROPERTY,WEST,Embezzlement,78237,2026-09-01
68444971611,2026-02-06,Pornography/Obscene Material,SOCIETY,WEST,Pornography/Obscene Material,78237,2026-09-01
69147815547,2026-03-10,Welfare Fraud,PROPERTY,WEST,Fraud Offenses,78237,2026-09-01
44391129940,2023-03-01,Wire Fraud,PROPERTY,WEST,Fraud Offenses,78237,2026-09-01
47939497935,2023-03-28,Wire Fraud,PROPERTY,WEST,Fraud Offenses,78237,2026-09-01
69828303487,2026-04-24,Embezzlement,PROPERTY,WEST,Embezzlement,78238,2026-09-01
70355824774,2026-05-08,Fondling,PERSON,WEST,"Sex Offenses, Forcible",78238,2026-09-01
54425310995,2024-02-27,Impersonation,PROPERTY,PRUE,Fraud Offenses,78238,2026-09-01
57462736672,2024-07-07,Kidnapping/Abduction,PERSON,WEST,Kidnapping/Abduction,78238,2026-09-01
69231884240,2026-03-15,Murder & Nonnegligent Manslaughter,PERSON,WEST,Homicide Offenses,78238,2026-09-01
51000701424,2023-06-12,Pornography/Obscene Material,SOCIETY,WEST,Pornography/Obscene Material,78238,2026-09-01
58774118517,2024-09-06,Prostitution,SOCIETY,WEST,Prostitution Offenses,78238,2026-09-01
58501390456,2024-08-22,Stolen Property Offenses,PROPERTY,WEST,Stolen Property Offenses,78238,2026-09-01
52443422636,2023-09-26,Wire Fraud,PROPERTY,WEST,Fraud Offenses,78238,2026-09-01
55731697534,2024-04-30,Wire Fraud,PROPERTY,WEST,Fraud Offenses,78238,2026-09-01
71299959365,2026-07-03,Embezzlement,PROPERTY,PRUE,Embezzlement,78240,2026-09-01
53386549856,2023-12-12,Fondling,PERSON,PRUE,"Sex Offenses, Forcible",78240,2026-09-01
69083447293,2026-03-06,Fondling,PERSON,PRUE,"Sex Offenses, Forcible",78240,2026-09-01
68726142892,2026-02-27,Pornography/Obscene Material,SOCIETY,PRUE,Pornography/Obscene Material,78240,2026-09-01
42187703633,2023-02-13,Sexual Assault With An Object,PERSON,PRUE,"Sex Offenses, Forcible",78240,2026-09-01
53206907486,2023-11-27,Stolen Property Offenses,PROPERTY,PRUE,Stolen Property Offenses,78240,2026-09-01
63245583260,2025-03-19,Wire Fraud,PROPERTY,PRUE,Fraud Offenses,78240,2026-09-01
65063157766,2025-07-22,Wire Fraud,PROPERTY,PRUE,Fraud Offenses,78240,2026-09-01
70892988830,2026-06-06,Wire Fraud,PROPERTY,PRUE,Fraud Offenses,78240,2026-09-01
52216206590,2023-09-07,Fondling,PERSON,SOUTH,"Sex Offenses, Forcible",78242,2026-09-01
52855354056,2023-10-31,Pornography/Obscene Material,SOCIETY,SOUTH,Pornography/Obscene Material,78242,2026-09-01
53984106927,2024-02-01,Pornography/Obscene Material,SOCIETY,WEST,Pornography/Obscene Material,78245,2026-09-01
46869920090,2023-03-19,Stolen Property Offenses,PROPERTY,WEST,Stolen Property Offenses,78245,2026-09-01
70409301222,2026-05-11,Extortion/Blackmail,PROPERTY,NORTH,Extortion/Blackmail,78247,2026-09-01
59368782494,2024-09-17,Pornography/Obscene Material,SOCIETY,NORTH,Pornography/Obscene Material,78247,2026-09-01
57905107019,2024-07-25,Wire Fraud,PROPERTY,NORTH,Fraud Offenses,78247,2026-09-01
72175342172,2026-08-12,Wire Fraud,PROPERTY,NORTH,Fraud Offenses,78247,2026-09-01
62667644344,2025-02-07,Impersonation,PROPERTY,PRUE,Fraud Offenses,78248,2026-09-01
71855967367,2026-07-26,Animal Cruelty,SOCIETY,PRUE,Animal Cruelty,78249,2026-09-01
68574943814,2026-02-15,Extortion/Blackmail,PROPERTY,PRUE,Extortion/Blackmail,78249,2026-09-01
62925138787,2025-02-26,Impersonation,PROPERTY,PRUE,Fraud Offenses,78249,2026-09-01
68413465168,2026-02-04,Impersonation,PROPERTY,PRUE,Fraud Offenses,78249,2026-09-01
61397223147,2024-12-04,Pornography/Obscene Material,SOCIETY,PRUE,Pornography/Obscene Material,78249,2026-09-01
64044175404,2025-05-19,Welfare Fraud,PROPERTY,PRUE,Fraud Offenses,78249,2026-09-01
39477809263,2023-01-04,Fondling,PERSON,PRUE,"Sex Offenses, Forcible",78250,2026-09-01
52994978954,2023-11-10,Fondling,PERSON,PRUE,"Sex Offenses, Forcible",78250,2026-09-01
69631290913,2026-04-10,Fondling,PERSON,PRUE,"Sex Offenses, Forcible",78250,2026-09-01
51082403313,2023-06-22,Sodomy,PERSON,PRUE,"Sex Offenses, Forcible",78250,2026-09-01
60822978204,2024-11-14,Sodomy,PERSON,PRUE,"Sex Offenses, Forcible",78250,2026-09-01
66662344972,2025-10-12,Stolen Property Offenses,PROPERTY,PRUE,Stolen Property Offenses,78250,2026-09-01
65054390893,2025-07-21,Embezzlement,PROPERTY,WEST,Embezzlement,78251,2026-09-01
63848697293,2025-05-06,Fondling,PERSON,SOUTH,"Sex Offenses, Forcible",78252,2026-09-01
63313359062,2025-03-24,Stolen Property Offenses,PROPERTY,SOUTH,Stolen Property Offenses,78252,2026-09-01
41928965990,2023-02-11,Embezzlement,PROPERTY,WEST,Embezzlement,78254,2026-09-01
67407666501,2025-11-17,Pornography/Obscene Material,SOCIETY,PRUE,Pornography/Obscene Material,78254,2026-09-01
70571341569,2026-05-21,Wire Fraud,PROPERTY,PRUE,Fraud Offenses,78254,2026-09-01
71152137994,2026-06-24,Wire Fraud,PROPERTY,PRUE,Fraud Offenses,78256,2026-09-01
72450387998,2026-08-26,Pornography/Obscene Material,SOCIETY,PRUE,Pornography/Obscene Material,78257,2026-09-01
62278696642,2025-01-15,Stolen Property Offenses,PROPERTY,PRUE,Stolen Property Offenses,78257,2026-09-01
63652939338,2025-04-21,Wire Fraud,PROPERTY,PRUE,Fraud Offenses,78257,2026-09-01
51394998567,2023-07-15,Extortion/Blackmail,PROPERTY,NORTH,Extortion/Blackmail,78258,2026-09-01
51708865857,2023-08-05,Fondling,PERSON,NORTH,"Sex Offenses, Forcible",78258,2026-09-01
65646596754,2025-08-29,Pornography/Obscene Material,SOCIETY,NORTH,Pornography/Obscene Material,78259,2026-09-01
51657069896,2023-08-01,Embezzlement,PROPERTY,SOUTH,Embezzlement,78264,2026-09-01
62436875788,2025-01-25,Animal Cruelty,SOCIETY,EAST,Animal Cruelty,Out of Jurisdiction,2026-09-01
53014254038,2023-11-13,Fondling,PERSON,CENTRAL,"Sex Offenses, Forcible",Out of Jurisdiction,2026-09-01
62019259350,2024-12-26,Fondling,PERSON,CENTRAL,"Sex Offenses, Forcible",78201,2026-09-01
51807120489,2023-08-12,Murder & Nonnegligent Manslaughter,PERSON,CENTRAL,Homicide Offenses,78201,2026-09-01
67388740320,2025-11-16,Murder & Nonnegligent Manslaughter,PERSON,WEST,Homicide Offenses,78201,2026-09-01
49223519609,2023-04-21,Theft From Coin-Operated Machine or Device,PROPERTY,WEST,Larceny/Theft Offenses,78201,2026-09-01
70782312938,2026-05-28,Wire Fraud,PROPERTY,WEST,Fraud Offenses,78201,2026-09-01
60262423708,2024-10-29,Embezzlement,PROPERTY,EAST,Embezzlement,78202,2026-09-01
53556534275,2023-12-26,Pornography/Obscene Material,SOCIETY,EAST,Pornography/Obscene Material,78203,2026-09-01
72072133063,2026-08-16,Arson,PROPERTY,DOWNTOWN,Arson,78204,2026-09-01
52266939210,2023-09-12,Fondling,PERSON,CENTRAL,"Sex Offenses, Forcible",78204,2026-09-01
67655488968,2025-12-03,Wire Fraud,PROPERTY,DOWNTOWN,Fraud Offenses,78204,2026-09-01
63636958418,2025-04-20,Kidnapping/Abduction,PERSON,DOWNTOWN,Kidnapping/Abduction,78205,2026-09-01
52926876608,2023-11-07,Purse-snatching,PROPERTY,CENTRAL,Larceny/Theft Offenses,78205,2026-09-01
57012549678,2024-06-21,Stolen Property Offenses,PROPERTY,DOWNTOWN,Stolen Property Offenses,78205,2026-09-01
70318320917,2026-05-06,Arson,PROPERTY,SOUTH,Arson,78207,2026-09-01
60998967279,2024-11-26,Fondling,PERSON,CENTRAL,"Sex Offenses, Forcible",78207,2026-09-01
64565047411,2025-06-18,Fondling,PERSON,DOWNTOWN,"Sex Offenses, Forcible",78207,2026-09-01
62655499649,2025-02-06,Murder & Nonnegligent Manslaughter,PERSON,CENTRAL,Homicide Offenses,78207,2026-09-01
51168603349,2023-06-30,Prostitution,SOCIETY,CENTRAL,Prostitution Offenses,78207,2026-09-01
64665736121,2025-06-24,Purchasing Prostitution,SOCIETY,CENTRAL,Prostitution Offenses,78207,2026-09-01
39675501771,2023-01-05,Sexual Assault With An Object,PERSON,CENTRAL,"Sex Offenses, Forcible",78207,2026-09-01
58337936332,2024-08-13,Stolen Property Offenses,PROPERTY,CENTRAL,Stolen Property Offenses,78207,2026-09-01
68265627037,2026-01-21,Stolen Property Offenses,PROPERTY,CENTRAL,Stolen Property Offenses,78207,2026-09-01
71963077015,2026-08-02,Stolen Property Offenses,PROPERTY,CENTRAL,Stolen Property Offenses,78207,2026-09-01
67778913149,2025-12-12,Theft From Coin-Operated Machine or Device,PROPERTY,CENTRAL,Larceny/Theft Offenses,78207,2026-09-01
41939342798,2023-02-11,Welfare Fraud,PROPERTY,CENTRAL,Fraud Offenses,78207,2026-09-01
58491871582,2024-08-22,Stolen Property Offenses,PROPERTY,EAST,Stolen Property Offenses,78208,2026-09-01
52198242303,2023-09-05,Animal Cruelty,SOCIETY,NORTH,Animal Cruelty,78209,2026-09-01
58233741037,2024-08-07,Extortion/Blackmail,PROPERTY,NORTH,Extortion/Blackmail,78209,2026-09-01
62129386846,2025-01-03,Pornography/Obscene Material,SOCIETY,NORTH,Pornography/Obscene Material,78209,2026-09-01
48322097360,2023-04-01,Pocket-picking,PROPERTY,CENTRAL,Larceny/Theft Offenses,78210,2026-09-01
51528356964,2023-07-27,Pornography/Obscene Material,SOCIETY,SOUTH,Pornography/Obscene Material,78211,2026-09-01
71993751977,2026-08-05,Kidnapping/Abduction,PERSON,DOWNTOWN,Kidnapping/Abduction,78212,2026-09-01
63999795548,2025-05-16,Stolen Property Offenses,PROPERTY,DOWNTOWN,Stolen Property Offenses,78212,2026-09-01
68489401372,2026-02-09,Theft From Coin-Operated Machine or Device,PROPERTY,CENTRAL,Larceny/Theft Offenses,78212,2026-09-01
67388607554,2025-11-16,Wire Fraud,PROPERTY,CENTRAL,Fraud Offenses,78212,2026-09-01
51319973887,2023-07-06,Embezzlement,PROPERTY,NORTH,Embezzlement,78213,2026-09-01
50059350093,2023-05-23,Extortion/Blackmail,PROPERTY,NORTH,Extortion/Blackmail,78213,2026-09-01
51412610544,2023-07-17,Fondling,PERSON,CENTRAL,"Sex Offenses, Forcible",78213,2026-09-01
62252349007,2025-01-13,Fondling,PERSON,CENTRAL,"Sex Offenses, Forcible",78213,2026-09-01
52746908777,2023-10-22,Pornography/Obscene Material,SOCIETY,NORTH,Pornography/Obscene Material,78213,2026-09-01
62073003929,2024-12-31,Pornography/Obscene Material,SOCIETY,NORTH,Pornography/Obscene Material,78213,2026-09-01
66882420246,2025-10-26,Pornography/Obscene Material,SOCIETY,NORTH,Pornography/Obscene Material,78213,2026-09-01
69591379435,2026-04-08,Pornography/Obscene Material,SOCIETY,NORTH,Pornography/Obscene Material,78213,2026-09-01
72246357942,2026-08-17,Pornography/Obscene Material,SOCIETY,NORTH,Pornography/Obscene Material,78213,2026-09-01
68538152393,2026-02-13,Negligent Manslaughter,PERSON,SOUTH,Homicide Offenses,78214,2026-09-01
64718104272,2025-06-27,Pornography/Obscene Material,SOCIETY,SOUTH,Pornography/Obscene Material,78214,2026-09-01
53014480132,2023-11-13,Theft From Coin-Operated Machine or Device,PROPERTY,CENTRAL,Larceny/Theft Offenses,78215,2026-09-01
52580737376,2023-10-13,Fondling,PERSON,NORTH,"Sex Offenses, Forcible",78216,2026-09-01
60807578006,2024-11-12,Fondling,PERSON,NORTH,"Sex Offenses, Forcible",78216,2026-09-01
70360243097,2026-05-08,Pornography/Obscene Material,SOCIETY,NORTH,Pornography/Obscene Material,78216,2026-09-01
66799897108,2025-10-20,Stolen Property Offenses,PROPERTY,NORTH,Stolen Property Offenses,78216,2026-09-01
52195613710,2023-09-05,Wire Fraud,PROPERTY,NORTH,Fraud Offenses,78216,2026-09-01
62594473470,2025-02-03,Wire Fraud,PROPERTY,NORTH,Fraud Offenses,78216,2026-09-01
71125640048,2026-06-23,Impersonation,PROPERTY,NORTH,Fraud Offenses,78217,2026-09-01
43175799945,2023-02-23,Sexual Assault With An Object,PERSON,NORTH,"Sex Offenses, Forcible",78217,2026-09-01
59617905090,2024-09-25,Stolen Property Offenses,PROPERTY,NORTH,Stolen Property Offenses,78217,2026-09-01
70540436587,2026-05-20,Theft From Coin-Operated Machine or Device,PROPERTY,NORTH,Larceny/Theft Offenses,78217,2026-09-01
63590479253,2025-04-15,Extortion/Blackmail,PROPERTY,NORTH,Extortion/Blackmail,78218,2026-09-01
53013831010,2023-11-13,Fondling,PERSON,EAST,"Sex Offenses, Forcible",78218,2026-09-01
54266059603,2024-02-19,Fondling,PERSON,EAST,"Sex Offenses, Forcible",78218,2026-09-01
66087003534,2025-09-16,Prostitution,SOCIETY,EAST,Prostitution Offenses,78218,2026-09-01
71106139017,2026-06-22,Wire Fraud,PROPERTY,EAST,Fraud Offenses,78218,2026-09-01
71711968774,2026-07-17,Kidnapping/Abduction,PERSON,EAST,Kidnapping/Abduction,78219,2026-09-01
54249476084,2024-02-18,Murder & Nonnegligent Manslaughter,PERSON,EAST,Homicide Offenses,78219,2026-09-01
64974542281,2025-07-15,Prostitution,SOCIETY,EAST,Prostitution Offenses,78219,2026-09-01
52435862775,2023-09-25,Fondling,PERSON,EAST,"Sex Offenses, Forcible",78220,2026-09-01
53876192274,2024-01-23,Kidnapping/Abduction,PERSON,EAST,Kidnapping/Abduction,78220,2026-09-01
56882153025,2024-06-16,Pornography/Obscene Material,SOCIETY,EAST,Pornography/Obscene Material,78220,2026-09-01
39478964002,2023-01-06,Sexual Assault With An Object,PERSON,EAST,"Sex Offenses, Forcible",78220,2026-09-01
60867191739,2024-11-18,Extortion/Blackmail,PROPERTY,SOUTH,Extortion/Blackmail,78221,2026-09-01
53468500815,2023-12-20,Fondling,PERSON,SOUTH,"Sex Offenses, Forcible",78221,2026-09-01
54931470948,2024-03-21,Fondling,PERSON,SOUTH,"Sex Offenses, Forcible",78221,2026-09-01
68388568864,2026-02-02,Kidnapping/Abduction,PERSON,SOUTH,Kidnapping/Abduction,78221,2026-09-01
68072811141,2026-01-06,Pornography/Obscene Material,SOCIETY,SOUTH,Pornography/Obscene Material,78221,2026-09-01
68106255567,2026-01-08,Pornography/Obscene Material,SOCIETY,SOUTH,Pornography/Obscene Material,78221,2026-09-01
68687536989,2026-02-24,Pornography/Obscene Material,SOCIETY,SOUTH,Pornography/Obscene Material,78221,2026-09-01
52068146374,2023-08-30,Wire Fraud,PROPERTY,SOUTH,Fraud Offenses,78221,2026-09-01
55006719701,2024-03-28,Wire Fraud,PROPERTY,EAST,Fraud Offenses,78222,2026-09-01
56905546903,2024-06-18,Wire Fraud,PROPERTY,EAST,Fraud Offenses,78222,2026-09-01
51059110157,2023-06-19,Fondling,PERSON,EAST,"Sex Offenses, Forcible",78223,2026-09-01
51960324281,2023-08-21,Fondling,PERSON,SOUTH,"Sex Offenses, Forcible",78223,2026-09-01
63295668371,2025-03-23,Pornography/Obscene Material,SOCIETY,EAST,Pornography/Obscene Material,78223,2026-09-01
54973106709,2024-03-23,Sexual Assault With An Object,PERSON,SOUTH,"Sex Offenses, Forcible",78223,2026-09-01
62866221873,2025-02-21,Wire Fraud,PROPERTY,EAST,Fraud Offenses,78223,2026-09-01
69113334186,2026-03-07,Wire Fraud,PROPERTY,SOUTH,Fraud Offenses,78223,2026-09-01
65573694885,2025-08-23,Embezzlement,PROPERTY,SOUTH,Embezzlement,78224,2026-09-01
42988038617,2023-02-21,Stolen Property Offenses,PROPERTY,SOUTH,Stolen Property Offenses,78224,2026-09-01
57871912038,2024-07-22,Animal Cruelty,SOCIETY,SOUTH,Animal Cruelty,78225,2026-09-01
53651268467,2024-01-05,Fondling,PERSON,SOUTH,"Sex Offenses, Forcible",78226,2026-09-01
64738159209,2025-06-28,Welfare Fraud,PROPERTY,SOUTH,Fraud Offenses,78226,2026-09-01
49373586107,2023-05-08,Fondling,PERSON,WEST,"Sex Offenses, Forcible",78227,2026-09-01
43370766303,2023-02-25,Wire Fraud,PROPERTY,WEST,Fraud Offenses,78227,2026-09-01
64599274748,2025-06-20,Fondling,PERSON,WEST,"Sex Offenses, Forcible",78228,2026-09-01
64682916018,2025-06-25,Pornography/Obscene Material,SOCIETY,WEST,Pornography/Obscene Material,78228,2026-09-01
65410628567,2025-08-11,Pornography/Obscene Material,SOCIETY,WEST,Pornography/Obscene Material,78228,2026-09-01
68429768937,2026-02-05,Pornography/Obscene Material,SOCIETY,WEST,Pornography/Obscene Material,78228,2026-09-01
42606587575,2023-02-17,Sexual Assault With An Object,PERSON,WEST,"Sex Offenses, Forcible",78228,2026-09-01
56570866532,2024-06-04,Wire Fraud,PROPERTY,WEST,Fraud Offenses,78228,2026-09-01
60108766340,2024-10-18,Wire Fraud,PROPERTY,WEST,Fraud Offenses,78228,2026-09-01
51685662993,2023-08-02,Fondling,PERSON,PRUE,"Sex Offenses, Forcible",78229,2026-09-01
63964187377,2025-05-13,Fondling,PERSON,PRUE,"Sex Offenses, Forcible",78229,2026-09-01
65593078857,2025-08-25,Pornography/Obscene Material,SOCIETY,PRUE,Pornography/Obscene Material,78229,2026-09-01
63540397294,2025-04-11,Wire Fraud,PROPERTY,PRUE,Fraud Offenses,78229,2026-09-01
51693648107,2023-08-03,Extortion/Blackmail,PROPERTY,PRUE,Extortion/Blackmail,78230,2026-09-01
51893713261,2023-08-15,Extortion/Blackmail,PROPERTY,PRUE,Extortion/Blackmail,78230,2026-09-01
52582436356,2023-10-13,Fondling,PERSON,PRUE,"Sex Offenses, Forcible",78230,2026-09-01
42989157906,2023-02-22,Pornography/Obscene Material,SOCIETY,PRUE,Pornography/Obscene Material,78230,2026-09-01
57214364512,2024-06-30,Prostitution,SOCIETY,PRUE,Prostitution Offenses,78230,2026-09-01
54657675556,2024-03-11,Wire Fraud,PROPERTY,PRUE,Fraud Offenses,78231,2026-09-01
66369730531,2025-10-04,Fondling,PERSON,NORTH,"Sex Offenses, Forcible",78232,2026-09-01
69166697213,2026-03-10,Impersonation,PROPERTY,PRUE,Fraud Offenses,78232,2026-09-01
68507942682,2026-02-10,Pornography/Obscene Material,SOCIETY,PRUE,Pornography/Obscene Material,78232,2026-09-01
53558856598,2023-12-26,Theft From Coin-Operated Machine or Device,PROPERTY,NORTH,Larceny/Theft Offenses,78232,2026-09-01
65866785826,2025-09-08,Impersonation,PROPERTY,NORTH,Fraud Offenses,78233,2026-09-01
51067981298,2023-06-20,Stolen Property Offenses,PROPERTY,NORTH,Stolen Property Offenses,78233,2026-09-01
58477392463,2024-08-20,Welfare Fraud,PROPERTY,NORTH,Fraud Offenses,78233,2026-09-01
41553363761,2023-02-07,Fondling,PERSON,SOUTH,"Sex Offenses, Forcible",78235,2026-09-01
50865927405,2023-06-01,Arson,PROPERTY,WEST,Arson,78237,2026-09-01
51538961099,2023-07-29,Fondling,PERSON,WEST,"Sex Offenses, Forcible",78237,2026-09-01
52580001023,2023-10-13,Fondling,PERSON,WEST,"Sex Offenses, Forcible",78237,2026-09-01
50020306383,2023-05-20,Murder & Nonnegligent Manslaughter,PERSON,WEST,Homicide Offenses,78237,2026-09-01
66048108427,2025-09-13,Stolen Property Offenses,PROPERTY,WEST,Stolen Property Offenses,78237,2026-09-01
71742844028,2026-07-19,Stolen Property Offenses,PROPERTY,WEST,Stolen Property Offenses,78237,2026-09-01
53996476786,2024-02-01,Wire Fraud,PROPERTY,WEST,Fraud Offenses,78237,2026-09-01
62059632757,2024-12-30,Fondling,PERSON,WEST,"Sex Offenses, Forcible",78238,2026-09-01
60628741905,2024-11-07,Pornography/Obscene Material,SOCIETY,WEST,Pornography/Obscene Material,78238,2026-09-01
71276923464,2026-07-03,Pornography/Obscene Material,SOCIETY,WEST,Pornography/Obscene Material,78238,2026-09-01
59977753544,2024-10-09,Stolen Property Offenses,PROPERTY,PRUE,Stolen Property Offenses,78238,2026-09-01
58698620624,2024-09-03,Extortion/Blackmail,PROPERTY,PRUE,Extortion/Blackmail,78240,2026-09-01
64094594417,2025-05-22,Murder & Nonnegligent Manslaughter,PERSON,PRUE,Homicide Offenses,78240,2026-09-01
56249070475,2024-05-21,Pornography/Obscene Material,SOCIETY,PRUE,Pornography/Obscene Material,78240,2026-09-01
54020481104,2024-02-03,Wire Fraud,PROPERTY,PRUE,Fraud Offenses,78240,2026-09-01
64455511344,2025-06-11,Fondling,PERSON,SOUTH,"Sex Offenses, Forcible",78242,2026-09-01
66101744067,2025-09-17,Impersonation,PROPERTY,SOUTH,Fraud Offenses,78242,2026-09-01
59999833083,2024-10-10,Pornography/Obscene Material,SOCIETY,SOUTH,Pornography/Obscene Material,78242,2026-09-01
67397636769,2025-11-17,Pornography/Obscene Material,SOCIETY,SOUTH,Pornography/Obscene Material,78242,2026-09-01
50042774023,2023-05-21,Murder & Nonnegligent Manslaughter,PERSON,WEST,Homicide Offenses,78245,2026-09-01
67805302853,2025-12-14,Pornography/Obscene Material,SOCIETY,WEST,Pornography/Obscene Material,78245,2026-09-01
68510848500,2026-02-11,Pornography/Obscene Material,SOCIETY,WEST,Pornography/Obscene Material,78245,2026-09-01
60228788255,2024-10-27,Purse-snatching,PROPERTY,WEST,Larceny/Theft Offenses,78245,2026-09-01
42703720389,2023-02-18,Fondling,PERSON,NORTH,"Sex Offenses, Forcible",78247,2026-09-01
66875340415,2025-10-25,Wire Fraud,PROPERTY,NORTH,Fraud Offenses,78247,2026-09-01
53290648125,2023-12-03,Pornography/Obscene Material,SOCIETY,PRUE,Pornography/Obscene Material,78248,2026-09-01
67826932894,2025-12-16,Fondling,PERSON,PRUE,"Sex Offenses, Forcible",78249,2026-09-01
71551783421,2026-07-10,Kidnapping/Abduction,PERSON,PRUE,Kidnapping/Abduction,78249,2026-09-01
64513487178,2025-06-15,Pornography/Obscene Material,SOCIETY,PRUE,Pornography/Obscene Material,78249,2026-09-01
66278953262,2025-09-28,Stolen Property Offenses,PROPERTY,PRUE,Stolen Property Offenses,78249,2026-09-01
55630394474,2024-04-22,Theft From Coin-Operated Machine or Device,PROPERTY,PRUE,Larceny/Theft Offenses,78250,2026-09-01
53789375544,2024-01-14,Wire Fraud,PROPERTY,PRUE,Fraud Offenses,78250,2026-09-01
61457213380,2024-12-10,Wire Fraud,PROPERTY,PRUE,Fraud Offenses,78250,2026-09-01
47501263708,2023-03-24,Embezzlement,PROPERTY,WEST,Embezzlement,78251,2026-09-01
66898531556,2025-10-28,Fondling,PERSON,WEST,"Sex Offenses, Forcible",78251,2026-09-01
70896542311,2026-06-06,Kidnapping/Abduction,PERSON,WEST,Kidnapping/Abduction,78251,2026-09-01
64984220188,2025-07-16,Pocket-picking,PROPERTY,WEST,Larceny/Theft Offenses,78251,2026-09-01
53253839489,2023-11-30,Pornography/Obscene Material,SOCIETY,WEST,Pornography/Obscene Material,78251,2026-09-01
67796941706,2025-12-13,Pornography/Obscene Material,SOCIETY,WEST,Pornography/Obscene Material,78251,2026-09-01
50923878848,2023-06-02,Theft From Coin-Operated Machine or Device,PROPERTY,WEST,Larceny/Theft Offenses,78251,2026-09-01
55631902822,2024-07-09,Arson,PROPERTY,SOUTH,Arson,78252,2026-09-01
54961362255,2024-03-22,Impersonation,PROPERTY,PRUE,Fraud Offenses,78254,2026-09-01
51071811683,2023-06-21,Wire Fraud,PROPERTY,PRUE,Fraud Offenses,78254,2026-09-01
55767986255,2024-05-02,Theft From Coin-Operated Machine or Device,PROPERTY,PRUE,Larceny/Theft Offenses,78255,2026-09-01
69854321973,2026-04-26,Fondling,PERSON,PRUE,"Sex Offenses, Forcible",78257,2026-09-01
53300147168,2023-12-04,Sodomy,PERSON,NORTH,"Sex Offenses, Forcible",78258,2026-09-01
55479807581,2024-04-15,Wire Fraud,PROPERTY,NORTH,Fraud Offenses,78258,2026-09-01
49309736693,2023-04-29,Embezzlement,PROPERTY,NORTH,Embezzlement,78259,2026-09-01
67725765226,2025-12-08,Wire Fraud,PROPERTY,NORTH,Fraud Offenses,78259,2026-09-01
54320075529,2024-02-22,Animal Cruelty,SOCIETY,CENTRAL,Animal Cruelty,Not Listed,2026-09-01
62950231331,2025-02-28,Embezzlement,PROPERTY,SOUTH,Embezzlement,Out of Jurisdiction,2026-09-01
51288402409,2023-07-03,Extortion/Blackmail,PROPERTY,PRUE,Extortion/Blackmail,Out of Jurisdiction,2026-09-01
58090252163,2024-08-03,Prostitution,SOCIETY,CENTRAL,Prostitution Offenses,78201,2026-09-01
67740833180,2025-12-09,Prostitution,SOCIETY,CENTRAL,Prostitution Offenses,78201,2026-09-01
62848096166,2025-02-19,Stolen Property Offenses,PROPERTY,WEST,Stolen Property Offenses,78201,2026-09-01
52069448167,2023-08-30,Wire Fraud,PROPERTY,WEST,Fraud Offenses,78201,2026-09-01
72364932185,2026-08-21,Wire Fraud,PROPERTY,CENTRAL,Fraud Offenses,78201,2026-09-01
70548348003,2026-05-21,Pornography/Obscene Material,SOCIETY,EAST,Pornography/Obscene Material,78202,2026-09-01
58299803151,2024-08-11,Purse-snatching,PROPERTY,DOWNTOWN,Larceny/Theft Offenses,78202,2026-09-01
71432447223,2026-07-06,Fondling,PERSON,EAST,"Sex Offenses, Forcible",78203,2026-09-01
52903070363,2023-11-04,Stolen Property Offenses,PROPERTY,EAST,Stolen Property Offenses,78203,2026-09-01
71950359735,2026-08-02,Stolen Property Offenses,PROPERTY,EAST,Stolen Property Offenses,78203,2026-09-01
67177972591,2025-11-03,Murder & Nonnegligent Manslaughter,PERSON,DOWNTOWN,Homicide Offenses,78204,2026-09-01
47282351720,2023-03-22,Welfare Fraud,PROPERTY,CENTRAL,Fraud Offenses,78204,2026-09-01
57655674837,2024-07-16,Welfare Fraud,PROPERTY,DOWNTOWN,Fraud Offenses,78204,2026-09-01
63201413767,2025-03-16,Murder & Nonnegligent Manslaughter,PERSON,DOWNTOWN,Homicide Offenses,78205,2026-09-01
51689889439,2023-08-03,Wire Fraud,PROPERTY,CENTRAL,Fraud Offenses,78205,2026-09-01
67310091482,2025-11-11,Embezzlement,PROPERTY,CENTRAL,Embezzlement,78207,2026-09-01
71900767295,2026-07-29,Fondling,PERSON,DOWNTOWN,"Sex Offenses, Forcible",78207,2026-09-01
57128314821,2024-06-24,Impersonation,PROPERTY,CENTRAL,Fraud Offenses,78207,2026-09-01
68246173944,2026-01-20,Pornography/Obscene Material,SOCIETY,CENTRAL,Pornography/Obscene Material,78207,2026-09-01
62939087128,2025-02-27,Prostitution,SOCIETY,CENTRAL,Prostitution Offenses,78207,2026-09-01
43370723288,2023-02-25,Stolen Property Offenses,PROPERTY,CENTRAL,Stolen Property Offenses,78207,2026-09-01
52228514280,2023-09-08,Theft From Coin-Operated Machine or Device,PROPERTY,CENTRAL,Larceny/Theft Offenses,78207,2026-09-01
54822892352,2024-03-18,Theft From Coin-Operated Machine or Device,PROPERTY,CENTRAL,Larceny/Theft Offenses,78207,2026-09-01
66337465712,2025-10-01,Welfare Fraud,PROPERTY,CENTRAL,Fraud Offenses,78207,2026-09-01
54853796098,2024-03-19,Wire Fraud,PROPERTY,CENTRAL,Fraud Offenses,78207,2026-09-01
55982746414,2024-05-07,Wire Fraud,PROPERTY,CENTRAL,Fraud Offenses,78207,2026-09-01
58320455392,2024-08-12,Wire Fraud,PROPERTY,CENTRAL,Fraud Offenses,78207,2026-09-01
71760396813,2026-07-20,Fondling,PERSON,EAST,"Sex Offenses, Forcible",78208,2026-09-01
54623907372,2024-03-07,Theft From Coin-Operated Machine or Device,PROPERTY,NORTH,Larceny/Theft Offenses,78209,2026-09-01
56857890178,2024-06-13,Wire Fraud,PROPERTY,NORTH,Fraud Offenses,78209,2026-09-01
62003989043,2024-12-25,Extortion/Blackmail,PROPERTY,EAST,Extortion/Blackmail,78210,2026-09-01
49586675349,2023-05-12,Fondling,PERSON,EAST,"Sex Offenses, Forcible",78210,2026-09-01
40862620824,2023-01-18,Murder & Nonnegligent Manslaughter,PERSON,SOUTH,Homicide Offenses,78210,2026-09-01
65542782985,2025-08-21,Wire Fraud,PROPERTY,DOWNTOWN,Fraud Offenses,78210,2026-09-01
69593080031,2026-04-08,Arson,PROPERTY,SOUTH,Arson,78211,2026-09-01
53651011369,2024-01-05,Stolen Property Offenses,PROPERTY,SOUTH,Stolen Property Offenses,78211,2026-09-01
57657900113,2024-07-16,Welfare Fraud,PROPERTY,SOUTH,Fraud Offenses,78211,2026-09-01
53013529127,2023-11-13,Wire Fraud,PROPERTY,SOUTH,Fraud Offenses,78211,2026-09-01
53368345756,2023-12-10,Arson,PROPERTY,CENTRAL,Arson,78212,2026-09-01
67911744388,2025-12-23,Arson,PROPERTY,CENTRAL,Arson,78212,2026-09-01
57884955954,2024-07-23,Pornography/Obscene Material,SOCIETY,DOWNTOWN,Pornography/Obscene Material,78212,2026-09-01
49358423870,2023-05-06,Sodomy,PERSON,CENTRAL,"Sex Offenses, Forcible",78212,2026-09-01
53083446355,2023-11-16,Wire Fraud,PROPERTY,CENTRAL,Fraud Offenses,78212,2026-09-01
71130600533,2026-06-27,Wire Fraud,PROPERTY,DOWNTOWN,Fraud Offenses,78212,2026-09-01
49371794641,2023-05-08,Fondling,PERSON,NORTH,"Sex Offenses, Forcible",78213,2026-09-01
67600489665,2025-11-29,Pornography/Obscene Material,SOCIETY,CENTRAL,Pornography/Obscene Material,78213,2026-09-01
56839341264,2024-06-12,Stolen Property Offenses,PROPERTY,CENTRAL,Stolen Property Offenses,78213,2026-09-01
44885823885,2023-03-04,Wire Fraud,PROPERTY,CENTRAL,Fraud Offenses,78213,2026-09-01
63523382884,2025-04-10,Arson,PROPERTY,SOUTH,Arson,78214,2026-09-01
49244274876,2023-04-24,Fondling,PERSON,SOUTH,"Sex Offenses, Forcible",78214,2026-09-01
55704274642,2024-04-27,Murder & Nonnegligent Manslaughter,PERSON,SOUTH,Homicide Offenses,78214,2026-09-01
40695886842,2023-01-15,Stolen Property Offenses,PROPERTY,SOUTH,Stolen Property Offenses,78214,2026-09-01
52623922150,2023-10-17,Wire Fraud,PROPERTY,SOUTH,Fraud Offenses,78214,2026-09-01
62524874940,2025-01-30,Fondling,PERSON,DOWNTOWN,"Sex Offenses, Forcible",78215,2026-09-01
53880704309,2024-01-24,Sodomy,PERSON,CENTRAL,"Sex Offenses, Forcible",78215,2026-09-01
53416684661,2023-12-15,Embezzlement,PROPERTY,NORTH,Embezzlement,78216,2026-09-01
46664789428,2023-03-16,Fondling,PERSON,NORTH,"Sex Offenses, Forcible",78216,2026-09-01
65105851332,2025-07-24,Fondling,PERSON,NORTH,"Sex Offenses, Forcible",78216,2026-09-01
67521797907,2025-11-24,Fondling,PERSON,NORTH,"Sex Offenses, Forcible",78216,2026-09-01
70875189466,2026-06-09,Fondling,PERSON,PRUE,"Sex Offenses, Forcible",78216,2026-09-01
59393474498,2024-09-19,Hacking/Computer Invasion,PROPERTY,NORTH,Fraud Offenses,78216,2026-09-01
54161624562,2024-02-14,Impersonation,PROPERTY,NORTH,Fraud Offenses,78216,2026-09-01
72360535876,2026-08-21,Murder & Nonnegligent Manslaughter,PERSON,NORTH,Homicide Offenses,78216,2026-09-01
54631670253,2024-03-08,Pocket-picking,PROPERTY,NORTH,Larceny/Theft Offenses,78216,2026-09-01
55115657217,2024-03-31,Pornography/Obscene Material,SOCIETY,NORTH,Pornography/Obscene Material,78216,2026-09-01
57945109649,2024-07-27,Prostitution,SOCIETY,NORTH,Prostitution Offenses,78216,2026-09-01
56407264014,2024-05-25,Sodomy,PERSON,PRUE,"Sex Offenses, Forcible",78216,2026-09-01
44787246600,2023-03-26,Pornography/Obscene Material,SOCIETY,NORTH,Pornography/Obscene Material,78217,2026-09-01
53416668112,2023-12-15,Embezzlement,PROPERTY,EAST,Embezzlement,78218,2026-09-01
62145035122,2025-01-05,Fondling,PERSON,EAST,"Sex Offenses, Forcible",78218,2026-09-01
53556130170,2023-12-25,Sodomy,PERSON,EAST,"Sex Offenses, Forcible",78218,2026-09-01
69855568552,2026-04-26,Stolen Property Offenses,PROPERTY,EAST,Stolen Property Offenses,78218,2026-09-01
70361877194,2026-05-09,Wire Fraud,PROPERTY,EAST,Fraud Offenses,78218,2026-09-01
70828045191,2026-06-01,Embezzlement,PROPERTY,EAST,Embezzlement,78219,2026-09-01
49987302163,2023-05-19,Extortion/Blackmail,PROPERTY,EAST,Extortion/Blackmail,78219,2026-09-01
63108092186,2025-03-08,Extortion/Blackmail,PROPERTY,EAST,Extortion/Blackmail,78219,2026-09-01
54630175932,2024-03-08,Theft From Coin-Operated Machine or Device,PROPERTY,EAST,Larceny/Theft Offenses,78219,2026-09-01
53676301053,2024-01-08,Embezzlement,PROPERTY,EAST,Embezzlement,78220,2026-09-01
49110465965,2023-04-18,Fondling,PERSON,EAST,"Sex Offenses, Forcible",78220,2026-09-01
62746721187,2025-02-12,Fondling,PERSON,EAST,"Sex Offenses, Forcible",78220,2026-09-01
50987885864,2023-06-10,Murder & Nonnegligent Manslaughter,PERSON,EAST,Homicide Offenses,78220,2026-09-01
64466352749,2025-06-12,Pornography/Obscene Material,SOCIETY,EAST,Pornography/Obscene Material,78220,2026-09-01
68306065060,2026-01-25,Pornography/Obscene Material,SOCIETY,EAST,Pornography/Obscene Material,78220,2026-09-01
57657460196,2024-07-16,Arson,PROPERTY,SOUTH,Arson,78221,2026-09-01
60818075478,2024-11-13,Pornography/Obscene Material,SOCIETY,SOUTH,Pornography/Obscene Material,78221,2026-09-01
63923479406,2025-05-09,Pornography/Obscene Material,SOCIETY,SOUTH,Pornography/Obscene Material,78221,2026-09-01
57904547479,2024-07-25,Embezzlement,PROPERTY,EAST,Embezzlement,78222,2026-09-01
46764005161,2023-03-17,Kidnapping/Abduction,PERSON,EAST,Kidnapping/Abduction,78223,2026-09-01
51011252650,2023-06-14,Murder & Nonnegligent Manslaughter,PERSON,EAST,Homicide Offenses,78223,2026-09-01
64824619720,2025-07-05,Pornography/Obscene Material,SOCIETY,SOUTH,Pornography/Obscene Material,78223,2026-09-01
67869677612,2025-12-19,Prostitution,SOCIETY,SOUTH,Prostitution Offenses,78223,2026-09-01
58573275044,2024-08-26,Wire Fraud,PROPERTY,EAST,Fraud Offenses,78223,2026-09-01
52599680479,2023-10-16,Arson,PROPERTY,SOUTH,Arson,78224,2026-09-01
55982414385,2024-05-07,Stolen Property Offenses,PROPERTY,SOUTH,Stolen Property Offenses,78224,2026-09-01
41439975695,2023-02-03,Pornography/Obscene Material,SOCIETY,SOUTH,Pornography/Obscene Material,78225,2026-09-01
62802581008,2025-02-15,Pornography/Obscene Material,SOCIETY,SOUTH,Pornography/Obscene Material,78225,2026-09-01
72243244054,2026-08-16,Animal Cruelty,SOCIETY,WEST,Animal Cruelty,78227,2026-09-01
52429418386,2023-09-25,Embezzlement,PROPERTY,SOUTH,Embezzlement,78227,2026-09-01
52109938246,2023-09-01,Pocket-picking,PROPERTY,WEST,Larceny/Theft Offenses,78227,2026-09-01
56907772934,2024-06-18,Pornography/Obscene Material,SOCIETY,WEST,Pornography/Obscene Material,78227,2026-09-01
62543100761,2025-01-31,Stolen Property Offenses,PROPERTY,WEST,Stolen Property Offenses,78227,2026-09-01
51001069316,2023-06-12,Fondling,PERSON,WEST,"Sex Offenses, Forcible",78228,2026-09-01
53452965063,2023-12-19,Murder & Nonnegligent Manslaughter,PERSON,WEST,Homicide Offenses,78228,2026-09-01
50980242226,2023-06-09,Sexual Assault With An Object,PERSON,WEST,"Sex Offenses, Forcible",78228,2026-09-01
51709637275,2023-08-05,Sexual Assault With An Object,PERSON,WEST,"Sex Offenses, Forcible",78228,2026-09-01
54024834809,2024-02-04,Wire Fraud,PROPERTY,WEST,Fraud Offenses,78228,2026-09-01
58298119314,2024-08-11,Arson,PROPERTY,WEST,Arson,78229,2026-09-01
63664610451,2025-04-23,Embezzlement,PROPERTY,PRUE,Embezzlement,78229,2026-09-01
51429946377,2023-07-19,Pocket-picking,PROPERTY,PRUE,Larceny/Theft Offenses,78229,2026-09-01
51699474190,2023-08-04,Pornography/Obscene Material,SOCIETY,PRUE,Pornography/Obscene Material,78229,2026-09-01
67309090813,2025-11-11,Pornography/Obscene Material,SOCIETY,PRUE,Pornography/Obscene Material,78229,2026-09-01
60036156573,2024-10-14,Theft From Coin-Operated Machine or Device,PROPERTY,PRUE,Larceny/Theft Offenses,78229,2026-09-01
70769061537,2026-05-27,Theft From Coin-Operated Machine or Device,PROPERTY,PRUE,Larceny/Theft Offenses,78229,2026-09-01
67745981194,2025-12-09,Wire Fraud,PROPERTY,PRUE,Fraud Offenses,78229,2026-09-01
61400203157,2024-12-04,Pornography/Obscene Material,SOCIETY,PRUE,Pornography/Obscene Material,78230,2026-09-01
60167267728,2024-10-22,Prostitution,SOCIETY,PRUE,Prostitution Offenses,78230,2026-09-01
51939169333,2023-08-18,Fondling,PERSON,NORTH,"Sex Offenses, Forcible",78231,2026-09-01
53616042302,2024-01-02,Wire Fraud,PROPERTY,PRUE,Fraud Offenses,78231,2026-09-01
52632607581,2023-10-18,Embezzlement,PROPERTY,NORTH,Embezzlement,78232,2026-09-01
51388910849,2023-07-14,Extortion/Blackmail,PROPERTY,PRUE,Extortion/Blackmail,78232,2026-09-01
62823659404,2025-02-17,Fondling,PERSON,PRUE,"Sex Offenses, Forcible",78232,2026-09-01
72492067618,2026-08-28,Fondling,PERSON,NORTH,"Sex Offenses, Forcible",78232,2026-09-01
52924436746,2023-11-06,Pornography/Obscene Material,SOCIETY,NORTH,Pornography/Obscene Material,78232,2026-09-01
40979553511,2023-01-20,Fondling,PERSON,NORTH,"Sex Offenses, Forcible",78233,2026-09-01
71068675880,2026-06-19,Hacking/Computer Invasion,PROPERTY,NORTH,Fraud Offenses,78233,2026-09-01
63323757687,2025-03-25,Impersonation,PROPERTY,NORTH,Fraud Offenses,78233,2026-09-01
66353672165,2025-10-03,Pornography/Obscene Material,SOCIETY,NORTH,Pornography/Obscene Material,78233,2026-09-01
55941802834,2024-05-06,Pornography/Obscene Material,SOCIETY,WEST,Pornography/Obscene Material,78237,2026-09-01
69841297343,2026-04-25,Stolen Property Offenses,PROPERTY,WEST,Stolen Property Offenses,78237,2026-09-01
59968404750,2024-10-08,Wire Fraud,PROPERTY,WEST,Fraud Offenses,78237,2026-09-01
63624409703,2025-04-18,Wire Fraud,PROPERTY,WEST,Fraud Offenses,78237,2026-09-01
68096568806,2026-01-08,Arson,PROPERTY,WEST,Arson,78238,2026-09-01
58872031859,2024-09-08,Pornography/Obscene Material,SOCIETY,WEST,Pornography/Obscene Material,78238,2026-09-01
71071486569,2026-07-30,Pornography/Obscene Material,SOCIETY,PRUE,Pornography/Obscene Material,78238,2026-09-01
69725291615,2026-04-17,Embezzlement,PROPERTY,PRUE,Embezzlement,78240,2026-09-01
55526939053,2024-04-17,Pornography/Obscene Material,SOCIETY,PRUE,Pornography/Obscene Material,78240,2026-09-01
66816801593,2025-10-20,Wire Fraud,PROPERTY,PRUE,Fraud Offenses,78240,2026-09-01
68611325341,2026-02-18,Wire Fraud,PROPERTY,PRUE,Fraud Offenses,78240,2026-09-01
52950760003,2023-11-09,Fondling,PERSON,SOUTH,"Sex Offenses, Forcible",78242,2026-09-01
55759305370,2024-05-01,Fondling,PERSON,SOUTH,"Sex Offenses, Forcible",78242,2026-09-01
70379624447,2026-05-10,Pornography/Obscene Material,SOCIETY,SOUTH,Pornography/Obscene Material,78242,2026-09-01
50951939096,2023-06-06,Sexual Assault With An Object,PERSON,SOUTH,"Sex Offenses, Forcible",78242,2026-09-01
52972170401,2023-11-09,Wire Fraud,PROPERTY,SOUTH,Fraud Offenses,78242,2026-09-01
60033025272,2024-10-14,Animal Cruelty,SOCIETY,EAST,Animal Cruelty,78244,2026-09-01
50042893366,2023-05-21,Purse-snatching,PROPERTY,WEST,Larceny/Theft Offenses,78245,2026-09-01
62223951123,2025-01-10,Embezzlement,PROPERTY,NORTH,Embezzlement,78247,2026-09-01
51079560097,2023-06-22,Fondling,PERSON,NORTH,"Sex Offenses, Forcible",78247,2026-09-01
51070652742,2023-06-21,Sexual Assault With An Object,PERSON,NORTH,"Sex Offenses, Forcible",78247,2026-09-01
70997385896,2026-06-13,Stolen Property Offenses,PROPERTY,NORTH,Stolen Property Offenses,78247,2026-09-01
52451857407,2023-09-27,Sodomy,PERSON,PRUE,"Sex Offenses, Forcible",78248,2026-09-01
42987428837,2023-02-21,Wire Fraud,PROPERTY,PRUE,Fraud Offenses,78248,2026-09-01
51075563145,2023-06-21,Fondling,PERSON,PRUE,"Sex Offenses, Forcible",78249,2026-09-01
55317235903,2024-04-09,Fondling,PERSON,PRUE,"Sex Offenses, Forcible",78249,2026-09-01
62925069284,2025-02-26,Impersonation,PROPERTY,PRUE,Fraud Offenses,78249,2026-09-01
68001531961,2025-12-31,Pornography/Obscene Material,SOCIETY,PRUE,Pornography/Obscene Material,78249,2026-09-01
72347766571,2026-08-20,Pornography/Obscene Material,SOCIETY,PRUE,Pornography/Obscene Material,78249,2026-09-01
55702781310,2024-04-27,Theft From Coin-Operated Machine or Device,PROPERTY,PRUE,Larceny/Theft Offenses,78249,2026-09-01
62903059370,2025-02-24,Theft From Coin-Operated Machine or Device,PROPERTY,PRUE,Larceny/Theft Offenses,78249,2026-09-01
44779633377,2023-03-03,Fondling,PERSON,PRUE,"Sex Offenses, Forcible",78250,2026-09-01
71828500450,2026-07-24,Fondling,PERSON,PRUE,"Sex Offenses, Forcible",78250,2026-09-01
61450327497,2024-12-10,Kidnapping/Abduction,PERSON,PRUE,Kidnapping/Abduction,78250,2026-09-01
51169371156,2023-08-03,Fondling,PERSON,WEST,"Sex Offenses, Forcible",78251,2026-09-01
62608518978,2025-02-04,Fondling,PERSON,WEST,"Sex Offenses, Forcible",78251,2026-09-01
63481122839,2025-04-05,Fondling,PERSON,WEST,"Sex Offenses, Forcible",78251,2026-09-01
68467812905,2026-02-08,Fondling,PERSON,WEST,"Sex Offenses, Forcible",78251,2026-09-01
60001451182,2024-10-11,Stolen Property Offenses,PROPERTY,WEST,Stolen Property Offenses,78251,2026-09-01
63204920576,2025-03-16,Wire Fraud,PROPERTY,WEST,Fraud Offenses,78251,2026-09-01
70240739009,2026-05-02,Wire Fraud,PROPERTY,WEST,Fraud Offenses,78251,2026-09-01
52563213418,2023-10-11,Embezzlement,PROPERTY,PRUE,Embezzlement,78256,2026-09-01
54712262112,2024-03-13,Pornography/Obscene Material,SOCIETY,PRUE,Pornography/Obscene Material,78256,2026-09-01
57488986325,2024-07-08,Pornography/Obscene Material,SOCIETY,PRUE,Pornography/Obscene Material,78257,2026-09-01
52601980806,2023-10-16,Welfare Fraud,PROPERTY,PRUE,Fraud Offenses,78257,2026-09-01
56574611052,2024-06-04,Pornography/Obscene Material,SOCIETY,NORTH,Pornography/Obscene Material,78258,2026-09-01
66206596926,2025-09-23,Extortion/Blackmail,PROPERTY,NORTH,Extortion/Blackmail,78259,2026-09-01
72225928760,2026-08-15,Fondling,PERSON,NORTH,"Sex Offenses, Forcible",78259,2026-09-01
49995554252,2023-05-19,Wire Fraud,PROPERTY,NORTH,Fraud Offenses,78259,2026-09-01
62572858144,2025-02-03,Wire Fraud,PROPERTY,NORTH,Fraud Offenses,78260,2026-09-01
58610846236,2024-08-28,Fondling,PERSON,DOWNTOWN,"Sex Offenses, Forcible",Not Listed,2026-09-01
59513485426,2024-09-22,Kidnapping/Abduction,PERSON,EAST,Kidnapping/Abduction,Out of Jurisdiction,2026-09-01
51535052007,2023-07-28,Wire Fraud,PROPERTY,PRUE,Fraud Offenses,Out of Jurisdiction,2026-09-01
57578215538,2024-07-13,Assisting or Promoting Prostitution,SOCIETY,CENTRAL,Prostitution Offenses,78201,2026-09-01
58485138327,2024-08-21,Embezzlement,PROPERTY,CENTRAL,Embezzlement,78201,2026-09-01
54592075860,2024-03-05,Fondling,PERSON,CENTRAL,"Sex Offenses, Forcible",78201,2026-09-01
72279492350,2026-08-18,Fondling,PERSON,WEST,"Sex Offenses, Forcible",78201,2026-09-01
50086075452,2023-05-26,Wire Fraud,PROPERTY,CENTRAL,Fraud Offenses,78201,2026-09-01
51482067430,2023-07-24,Fondling,PERSON,EAST,"Sex Offenses, Forcible",78203,2026-09-01
67959131650,2025-12-28,Pornography/Obscene Material,SOCIETY,DOWNTOWN,Pornography/Obscene Material,78204,2026-09-01
63011593035,2025-03-04,Wire Fraud,PROPERTY,DOWNTOWN,Fraud Offenses,78204,2026-09-01
49339400701,2023-05-03,Bribery,PROPERTY,CENTRAL,Bribery,78207,2026-09-01
57125777958,2024-06-24,Bribery,PROPERTY,CENTRAL,Bribery,78207,2026-09-01
53111251568,2023-11-19,Fondling,PERSON,CENTRAL,"Sex Offenses, Forcible",78207,2026-09-01
60211627835,2024-10-28,Fondling,PERSON,CENTRAL,"Sex Offenses, Forcible",78207,2026-09-01
66098566159,2025-09-17,"Human Trafficking, Commercial Sex Acts",PERSON,DOWNTOWN,Human Trafficking,78207,2026-09-01
56909520455,2024-06-18,Murder & Nonnegligent Manslaughter,PERSON,CENTRAL,Homicide Offenses,78207,2026-09-01
49945866455,2023-05-19,Pocket-picking,PROPERTY,CENTRAL,Larceny/Theft Offenses,78207,2026-09-01
57162677079,2024-06-25,Pornography/Obscene Material,SOCIETY,CENTRAL,Pornography/Obscene Material,78207,2026-09-01
64404282476,2025-06-08,Prostitution,SOCIETY,CENTRAL,Prostitution Offenses,78207,2026-09-01
56852182844,2024-06-13,Welfare Fraud,PROPERTY,CENTRAL,Fraud Offenses,78207,2026-09-01
53453147256,2023-12-19,Impersonation,PROPERTY,NORTH,Fraud Offenses,78209,2026-09-01
61444082581,2024-12-09,Impersonation,PROPERTY,DOWNTOWN,Fraud Offenses,78209,2026-09-01
55982441019,2024-05-07,Kidnapping/Abduction,PERSON,NORTH,Kidnapping/Abduction,78209,2026-09-01
58135742744,2024-08-05,Kidnapping/Abduction,PERSON,NORTH,Kidnapping/Abduction,78209,2026-09-01
63793943555,2025-05-03,Negligent Manslaughter,PERSON,NORTH,Homicide Offenses,78209,2026-09-01
68609208310,2026-02-18,Wire Fraud,PROPERTY,NORTH,Fraud Offenses,78209,2026-09-01
64966930736,2025-07-14,Animal Cruelty,SOCIETY,DOWNTOWN,Animal Cruelty,78210,2026-09-01
56277879311,2024-05-22,Fondling,PERSON,EAST,"Sex Offenses, Forcible",78210,2026-09-01
63749017437,2025-04-30,Fondling,PERSON,EAST,"Sex Offenses, Forcible",78210,2026-09-01
44009811306,2023-02-28,Stolen Property Offenses,PROPERTY,EAST,Stolen Property Offenses,78210,2026-09-01
67599145256,2025-11-29,Stolen Property Offenses,PROPERTY,EAST,Stolen Property Offenses,78210,2026-09-01
54996915339,2024-03-25,Wire Fraud,PROPERTY,CENTRAL,Fraud Offenses,78210,2026-09-01
54068212102,2024-02-06,Pornography/Obscene Material,SOCIETY,SOUTH,Pornography/Obscene Material,78211,2026-09-01
57985270201,2024-07-31,Stolen Property Offenses,PROPERTY,SOUTH,Stolen Property Offenses,78211,2026-09-01
62262794680,2025-01-14,Wire Fraud,PROPERTY,SOUTH,Fraud Offenses,78211,2026-09-01
72081131229,2026-08-10,Animal Cruelty,SOCIETY,DOWNTOWN,Animal Cruelty,78212,2026-09-01
63976453249,2025-05-14,Pornography/Obscene Material,SOCIETY,DOWNTOWN,Pornography/Obscene Material,78212,2026-09-01
48751257751,2023-04-04,Sodomy,PERSON,CENTRAL,"Sex Offenses, Forcible",78212,2026-09-01
50456302561,2023-05-31,Animal Cruelty,SOCIETY,NORTH,Animal Cruelty,78213,2026-09-01
59697586690,2024-09-28,Pornography/Obscene Material,SOCIETY,CENTRAL,Pornography/Obscene Material,78213,2026-09-01
48427013127,2023-04-01,Purse-snatching,PROPERTY,NORTH,Larceny/Theft Offenses,78213,2026-09-01
50953479845,2023-06-06,Wire Fraud,PROPERTY,NORTH,Fraud Offenses,78213,2026-09-01
57206933750,2024-06-29,Wire Fraud,PROPERTY,NORTH,Fraud Offenses,78213,2026-09-01
41153256582,2023-01-24,Fondling,PERSON,SOUTH,"Sex Offenses, Forcible",78214,2026-09-01
57164850000,2024-06-26,Sodomy,PERSON,SOUTH,"Sex Offenses, Forcible",78214,2026-09-01
63839807470,2025-05-05,Embezzlement,PROPERTY,NORTH,Embezzlement,78216,2026-09-01
70033269048,2026-04-29,Pornography/Obscene Material,SOCIETY,NORTH,Pornography/Obscene Material,78216,2026-09-01
66135710873,2025-09-19,Purse-snatching,PROPERTY,NORTH,Larceny/Theft Offenses,78216,2026-09-01
53134995993,2023-11-22,Wire Fraud,PROPERTY,NORTH,Fraud Offenses,78216,2026-09-01
54508482631,2024-02-28,Pornography/Obscene Material,SOCIETY,NORTH,Pornography/Obscene Material,78217,2026-09-01
69404781633,2026-03-25,Pornography/Obscene Material,SOCIETY,NORTH,Pornography/Obscene Material,78217,2026-09-01
63324802307,2025-03-25,Wire Fraud,PROPERTY,NORTH,Fraud Offenses,78217,2026-09-01
69145315532,2026-03-09,Animal Cruelty,SOCIETY,EAST,Animal Cruelty,78218,2026-09-01
59914596129,2024-10-06,Embezzlement,PROPERTY,EAST,Embezzlement,78218,2026-09-01
59212749908,2024-12-16,"Human Trafficking, Commercial Sex Acts",PERSON,EAST,Human Trafficking,78218,2026-09-01
51472692667,2023-07-23,Murder & Nonnegligent Manslaughter,PERSON,EAST,Homicide Offenses,78218,2026-09-01
57026662440,2024-06-22,Sodomy,PERSON,EAST,"Sex Offenses, Forcible",78218,2026-09-01
69370601207,2026-03-23,Wire Fraud,PROPERTY,EAST,Fraud Offenses,78218,2026-09-01
53980618585,2024-01-31,Pornography/Obscene Material,SOCIETY,EAST,Pornography/Obscene Material,78219,2026-09-01
64925232800,2025-07-11,Pornography/Obscene Material,SOCIETY,EAST,Pornography/Obscene Material,78219,2026-09-01
67773277466,2025-12-12,Arson,PROPERTY,EAST,Arson,78220,2026-09-01
48995853987,2023-04-10,Fondling,PERSON,EAST,"Sex Offenses, Forcible",78220,2026-09-01
65581092303,2025-08-24,Fondling,PERSON,EAST,"Sex Offenses, Forcible",78220,2026-09-01
71625036580,2026-07-14,Impersonation,PROPERTY,EAST,Fraud Offenses,78220,2026-09-01
57485617191,2024-07-08,Pornography/Obscene Material,SOCIETY,EAST,Pornography/Obscene Material,78220,2026-09-01
56917748096,2024-06-19,Hacking/Computer Invasion,PROPERTY,SOUTH,Fraud Offenses,78221,2026-09-01
66750644615,2025-10-16,Pornography/Obscene Material,SOCIETY,SOUTH,Pornography/Obscene Material,78221,2026-09-01
51342831188,2023-07-09,Stolen Property Offenses,PROPERTY,SOUTH,Stolen Property Offenses,78221,2026-09-01
68692418035,2026-02-24,Wire Fraud,PROPERTY,EAST,Fraud Offenses,78222,2026-09-01
52073776026,2023-08-30,Animal Cruelty,SOCIETY,EAST,Animal Cruelty,78223,2026-09-01
41314536316,2023-01-30,Fondling,PERSON,SOUTH,"Sex Offenses, Forcible",78223,2026-09-01
51300609572,2023-07-04,Fondling,PERSON,EAST,"Sex Offenses, Forcible",78223,2026-09-01
62508872242,2025-01-29,"Human Trafficking, Involuntary Servitude",PERSON,EAST,Human Trafficking,78223,2026-09-01
54111243191,2024-02-09,Pornography/Obscene Material,SOCIETY,SOUTH,Pornography/Obscene Material,78223,2026-09-01
71124601068,2026-06-23,Pornography/Obscene Material,SOCIETY,SOUTH,Pornography/Obscene Material,78223,2026-09-01
67310794604,2025-11-11,Wire Fraud,PROPERTY,SOUTH,Fraud Offenses,78223,2026-09-01
54300664675,2024-02-21,Theft From Coin-Operated Machine or Device,PROPERTY,SOUTH,Larceny/Theft Offenses,78224,2026-09-01
70766968779,2026-05-27,Fondling,PERSON,SOUTH,"Sex Offenses, Forcible",78225,2026-09-01
65622476955,2025-08-27,Welfare Fraud,PROPERTY,SOUTH,Fraud Offenses,78225,2026-09-01
68181426022,2026-01-15,Animal Cruelty,SOCIETY,WEST,Animal Cruelty,78227,2026-09-01
68570721409,2026-02-15,Kidnapping/Abduction,PERSON,WEST,Kidnapping/Abduction,78227,2026-09-01
62547964901,2025-01-31,Purse-snatching,PROPERTY,WEST,Larceny/Theft Offenses,78227,2026-09-01
56583577152,2024-06-05,Stolen Property Offenses,PROPERTY,WEST,Stolen Property Offenses,78227,2026-09-01
69388310989,2026-03-24,Stolen Property Offenses,PROPERTY,WEST,Stolen Property Offenses,78227,2026-09-01
71275254189,2026-07-02,Impersonation,PROPERTY,WEST,Fraud Offenses,78228,2026-09-01
49054692768,2023-04-16,Sodomy,PERSON,WEST,"Sex Offenses, Forcible",78228,2026-09-01
63653828771,2025-04-21,Extortion/Blackmail,PROPERTY,PRUE,Extortion/Blackmail,78229,2026-09-01
52294214110,2023-09-14,Fondling,PERSON,PRUE,"Sex Offenses, Forcible",78229,2026-09-01
59646885184,2024-09-27,Impersonation,PROPERTY,PRUE,Fraud Offenses,78229,2026-09-01
50101496770,2023-05-28,Pornography/Obscene Material,SOCIETY,PRUE,Pornography/Obscene Material,78229,2026-09-01
64046484422,2025-05-19,Stolen Property Offenses,PROPERTY,PRUE,Stolen Property Offenses,78229,2026-09-01
52632735802,2023-10-18,Fondling,PERSON,PRUE,"Sex Offenses, Forcible",78230,2026-09-01
68180130602,2026-01-14,Fondling,PERSON,PRUE,"Sex Offenses, Forcible",78230,2026-09-01
72252292324,2026-08-17,Extortion/Blackmail,PROPERTY,NORTH,Extortion/Blackmail,78232,2026-09-01
52782195312,2023-10-24,"Human Trafficking, Commercial Sex Acts",PERSON,PRUE,Human Trafficking,78232,2026-09-01
51143019456,2023-06-28,Impersonation,PROPERTY,NORTH,Fraud Offenses,78232,2026-09-01
62971795306,2025-03-02,Pornography/Obscene Material,SOCIETY,NORTH,Pornography/Obscene Material,78232,2026-09-01
52024849469,2023-08-26,Arson,PROPERTY,NORTH,Arson,78233,2026-09-01
63680422566,2025-04-24,Pornography/Obscene Material,SOCIETY,NORTH,Pornography/Obscene Material,78233,2026-09-01
44619970947,2023-03-02,Sexual Assault With An Object,PERSON,NORTH,"Sex Offenses, Forcible",78233,2026-09-01
57717284136,2024-07-18,Wire Fraud,PROPERTY,NORTH,Fraud Offenses,78233,2026-09-01
64739272338,2025-06-28,Animal Cruelty,SOCIETY,CENTRAL,Animal Cruelty,78237,2026-09-01
63324709728,2025-03-25,Extortion/Blackmail,PROPERTY,WEST,Extortion/Blackmail,78237,2026-09-01
55077021495,2024-03-29,Operating/Promoting/Assisting Gambling,SOCIETY,WEST,Gambling Offenses,78237,2026-09-01
69422468293,2026-03-26,Stolen Property Offenses,PROPERTY,CENTRAL,Stolen Property Offenses,78237,2026-09-01
47933812799,2023-03-28,Arson,PROPERTY,WEST,Arson,78238,2026-09-01
70828150615,2026-06-01,Impersonation,PROPERTY,WEST,Fraud Offenses,78238,2026-09-01
71685060847,2026-07-16,Extortion/Blackmail,PROPERTY,PRUE,Extortion/Blackmail,78240,2026-09-01
54634437853,2024-03-08,Fondling,PERSON,PRUE,"Sex Offenses, Forcible",78240,2026-09-01
65339323301,2025-08-06,Fondling,PERSON,PRUE,"Sex Offenses, Forcible",78240,2026-09-01
69431068068,2026-03-27,Pornography/Obscene Material,SOCIETY,PRUE,Pornography/Obscene Material,78240,2026-09-01
60226670546,2024-10-27,Prostitution,SOCIETY,PRUE,Prostitution Offenses,78240,2026-09-01
55774338213,2024-05-02,Stolen Property Offenses,PROPERTY,PRUE,Stolen Property Offenses,78240,2026-09-01
48751771138,2023-04-06,Fondling,PERSON,SOUTH,"Sex Offenses, Forcible",78242,2026-09-01
62243928075,2025-01-13,Stolen Property Offenses,PROPERTY,SOUTH,Stolen Property Offenses,78242,2026-09-01
48050731787,2023-03-29,Welfare Fraud,PROPERTY,SOUTH,Fraud Offenses,78242,2026-09-01
68334439674,2026-01-28,Wire Fraud,PROPERTY,SOUTH,Fraud Offenses,78242,2026-09-01
57162419346,2024-06-25,Murder & Nonnegligent Manslaughter,PERSON,EAST,Homicide Offenses,78244,2026-09-01
66219744161,2025-09-24,Pornography/Obscene Material,SOCIETY,WEST,Pornography/Obscene Material,78245,2026-09-01
67953381447,2025-12-27,Pornography/Obscene Material,SOCIETY,WEST,Pornography/Obscene Material,78245,2026-09-01
56073415102,2024-05-14,Wire Fraud,PROPERTY,WEST,Fraud Offenses,78245,2026-09-01
68699643828,2026-02-25,Kidnapping/Abduction,PERSON,PRUE,Kidnapping/Abduction,78249,2026-09-01
65238579697,2025-08-02,Pocket-picking,PROPERTY,PRUE,Larceny/Theft Offenses,78249,2026-09-01
45556027090,2023-03-09,Pornography/Obscene Material,SOCIETY,PRUE,Pornography/Obscene Material,78250,2026-09-01
64607089408,2025-06-21,Pornography/Obscene Material,SOCIETY,PRUE,Pornography/Obscene Material,78250,2026-09-01
54304222071,2024-02-23,Stolen Property Offenses,PROPERTY,PRUE,Stolen Property Offenses,78250,2026-09-01
40291451758,2023-01-09,Embezzlement,PROPERTY,WEST,Embezzlement,78251,2026-09-01
65696024231,2025-09-02,Embezzlement,PROPERTY,WEST,Embezzlement,78251,2026-09-01
54572522968,2024-03-04,Fondling,PERSON,WEST,"Sex Offenses, Forcible",78251,2026-09-01
50044246971,2023-05-22,Pornography/Obscene Material,SOCIETY,WEST,Pornography/Obscene Material,78251,2026-09-01
58615532271,2024-08-28,Wire Fraud,PROPERTY,WEST,Fraud Offenses,78251,2026-09-01
60398592788,2024-11-05,Wire Fraud,PROPERTY,SOUTH,Fraud Offenses,78252,2026-09-01
41573187790,2023-02-08,Fondling,PERSON,PRUE,"Sex Offenses, Forcible",78256,2026-09-01
55717074212,2024-04-29,Pornography/Obscene Material,SOCIETY,NORTH,Pornography/Obscene Material,78258,2026-09-01
69543893108,2026-04-04,Pornography/Obscene Material,SOCIETY,CENTRAL,Pornography/Obscene Material,78201,2026-09-01
56413785352,2024-05-25,Prostitution,SOCIETY,CENTRAL,Prostitution Offenses,78201,2026-09-01
57197909171,2024-06-28,Stolen Property Offenses,PROPERTY,WEST,Stolen Property Offenses,78201,2026-09-01
55476797036,2024-04-15,Theft From Coin-Operated Machine or Device,PROPERTY,CENTRAL,Larceny/Theft Offenses,78201,2026-09-01
68611878181,2026-02-18,Wire Fraud,PROPERTY,CENTRAL,Fraud Offenses,78201,2026-09-01
68161065572,2026-01-13,Arson,PROPERTY,EAST,Arson,78202,2026-09-01
59877341103,2024-10-05,Fondling,PERSON,EAST,"Sex Offenses, Forcible",78202,2026-09-01
62654619984,2025-02-06,Wire Fraud,PROPERTY,EAST,Fraud Offenses,78202,2026-09-01
47828933036,2023-03-27,Fondling,PERSON,EAST,"Sex Offenses, Forcible",78203,2026-09-01
65951492910,2025-09-09,Fondling,PERSON,DOWNTOWN,"Sex Offenses, Forcible",78204,2026-09-01
68257638002,2026-01-21,Stolen Property Offenses,PROPERTY,DOWNTOWN,Stolen Property Offenses,78204,2026-09-01
52816718909,2023-10-27,Impersonation,PROPERTY,CENTRAL,Fraud Offenses,78205,2026-09-01
56380144016,2024-05-23,Impersonation,PROPERTY,CENTRAL,Fraud Offenses,78205,2026-09-01
68166114541,2026-01-13,Pocket-picking,PROPERTY,DOWNTOWN,Larceny/Theft Offenses,78205,2026-09-01
47396580785,2023-03-23,Purse-snatching,PROPERTY,CENTRAL,Larceny/Theft Offenses,78205,2026-09-01
53766610095,2024-01-13,Arson,PROPERTY,CENTRAL,Arson,78207,2026-09-01
53668005652,2024-01-07,Kidnapping/Abduction,PERSON,CENTRAL,Kidnapping/Abduction,78207,2026-09-01
63988287090,2025-05-15,Pornography/Obscene Material,SOCIETY,CENTRAL,Pornography/Obscene Material,78207,2026-09-01
64746789554,2025-06-29,Pornography/Obscene Material,SOCIETY,CENTRAL,Pornography/Obscene Material,78207,2026-09-01
66571237040,2025-10-09,Prostitution,SOCIETY,DOWNTOWN,Prostitution Offenses,78207,2026-09-01
68637672221,2026-02-21,Stolen Property Offenses,PROPERTY,DOWNTOWN,Stolen Property Offenses,78207,2026-09-01
48861778976,2023-04-13,Embezzlement,PROPERTY,EAST,Embezzlement,78208,2026-09-01
60898883430,2024-11-20,Extortion/Blackmail,PROPERTY,EAST,Extortion/Blackmail,78208,2026-09-01
52800595366,2023-10-26,Embezzlement,PROPERTY,NORTH,Embezzlement,78209,2026-09-01
62857780973,2025-02-20,Embezzlement,PROPERTY,NORTH,Embezzlement,78209,2026-09-01
47066918437,2023-03-20,Fondling,PERSON,NORTH,"Sex Offenses, Forcible",78209,2026-09-01
69528370846,2026-04-03,Impersonation,PROPERTY,NORTH,Fraud Offenses,78209,2026-09-01
60792589355,2024-11-11,Wire Fraud,PROPERTY,NORTH,Fraud Offenses,78209,2026-09-01
60379412983,2024-11-03,Animal Cruelty,SOCIETY,EAST,Animal Cruelty,78210,2026-09-01
53681650151,2024-01-09,Sexual Assault With An Object,PERSON,EAST,"Sex Offenses, Forcible",78210,2026-09-01
71060291036,2026-06-18,Wire Fraud,PROPERTY,SOUTH,Fraud Offenses,78211,2026-09-01
56086064083,2024-05-15,Animal Cruelty,SOCIETY,CENTRAL,Animal Cruelty,78212,2026-09-01
51008297079,2023-06-13,Fondling,PERSON,CENTRAL,"Sex Offenses, Forcible",78212,2026-09-01
64567239044,2025-06-18,Fondling,PERSON,DOWNTOWN,"Sex Offenses, Forcible",78212,2026-09-01
51151085756,2023-06-29,Wire Fraud,PROPERTY,CENTRAL,Fraud Offenses,78212,2026-09-01
68325171737,2026-01-27,Pornography/Obscene Material,SOCIETY,NORTH,Pornography/Obscene Material,78213,2026-09-01
51165259708,2023-06-30,Stolen Property Offenses,PROPERTY,NORTH,Stolen Property Offenses,78213,2026-09-01
64975580589,2025-07-15,Stolen Property Offenses,PROPERTY,NORTH,Stolen Property Offenses,78213,2026-09-01
67621777847,2025-12-01,Stolen Property Offenses,PROPERTY,NORTH,Stolen Property Offenses,78213,2026-09-01
67601923741,2025-11-29,Welfare Fraud,PROPERTY,CENTRAL,Fraud Offenses,78213,2026-09-01
52186534791,2023-09-04,Wire Fraud,PROPERTY,CENTRAL,Fraud Offenses,78213,2026-09-01
54033201979,2024-02-04,Animal Cruelty,SOCIETY,SOUTH,Animal Cruelty,78214,2026-09-01
60817315190,2024-11-13,Arson,PROPERTY,SOUTH,Arson,78214,2026-09-01
49000310819,2023-04-11,Fondling,PERSON,SOUTH,"Sex Offenses, Forcible",78214,2026-09-01
58432193308,2024-08-16,Wire Fraud,PROPERTY,SOUTH,Fraud Offenses,78214,2026-09-01
66304092984,2025-09-29,Arson,PROPERTY,NORTH,Arson,78216,2026-09-01
55077130246,2024-03-29,Embezzlement,PROPERTY,NORTH,Embezzlement,78216,2026-09-01
57529955504,2024-07-11,Purchasing Prostitution,SOCIETY,NORTH,Prostitution Offenses,78216,2026-09-01
52177930841,2023-09-03,Sexual Assault With An Object,PERSON,NORTH,"Sex Offenses, Forcible",78216,2026-09-01
65453904169,2025-08-14,Animal Cruelty,SOCIETY,NORTH,Animal Cruelty,78217,2026-09-01
52547332047,2023-10-10,Pornography/Obscene Material,SOCIETY,NORTH,Pornography/Obscene Material,78217,2026-09-01
68490809037,2026-02-09,Pornography/Obscene Material,SOCIETY,NORTH,Pornography/Obscene Material,78217,2026-09-01
54233203702,2024-02-18,Fondling,PERSON,EAST,"Sex Offenses, Forcible",78218,2026-09-01
65507117635,2025-08-18,Fondling,PERSON,EAST,"Sex Offenses, Forcible",78218,2026-09-01
61790220351,2024-12-14,Murder & Nonnegligent Manslaughter,PERSON,EAST,Homicide Offenses,78218,2026-09-01
69303306849,2026-03-19,Wire Fraud,PROPERTY,EAST,Fraud Offenses,78218,2026-09-01
59387680365,2024-09-18,Animal Cruelty,SOCIETY,EAST,Animal Cruelty,78219,2026-09-01
65692762794,2025-09-02,Arson,PROPERTY,EAST,Arson,78219,2026-09-01
51201544530,2023-06-30,Embezzlement,PROPERTY,EAST,Embezzlement,78219,2026-09-01
65288094569,2025-08-06,Fondling,PERSON,EAST,"Sex Offenses, Forcible",78219,2026-09-01
70536401740,2026-05-19,Pornography/Obscene Material,SOCIETY,EAST,Pornography/Obscene Material,78219,2026-09-01
70444216452,2026-05-13,Wire Fraud,PROPERTY,EAST,Fraud Offenses,78219,2026-09-01
62403901147,2025-01-22,Fondling,PERSON,EAST,"Sex Offenses, Forcible",78220,2026-09-01
67629275001,2025-12-01,Wire Fraud,PROPERTY,EAST,Fraud Offenses,78220,2026-09-01
53238803769,2023-11-28,Embezzlement,PROPERTY,SOUTH,Embezzlement,78221,2026-09-01
54602267810,2024-05-04,Fondling,PERSON,SOUTH,"Sex Offenses, Forcible",78221,2026-09-01
57912389028,2024-07-26,Fondling,PERSON,SOUTH,"Sex Offenses, Forcible",78221,2026-09-01
71801832293,2026-07-22,Fondling,PERSON,SOUTH,"Sex Offenses, Forcible",78221,2026-09-01
67356799265,2025-11-14,Pornography/Obscene Material,SOCIETY,SOUTH,Pornography/Obscene Material,78221,2026-09-01
68355718688,2026-01-30,Pornography/Obscene Material,SOCIETY,SOUTH,Pornography/Obscene Material,78221,2026-09-01
70522818990,2026-05-18,Pornography/Obscene Material,SOCIETY,SOUTH,Pornography/Obscene Material,78221,2026-09-01
72341515424,2026-08-19,Pornography/Obscene Material,SOCIETY,SOUTH,Pornography/Obscene Material,78221,2026-09-01
63626873851,2025-04-18,Welfare Fraud,PROPERTY,SOUTH,Fraud Offenses,78221,2026-09-01
57926442447,2024-07-26,Embezzlement,PROPERTY,SOUTH,Embezzlement,78223,2026-09-01
67298734073,2025-11-10,Pornography/Obscene Material,SOCIETY,SOUTH,Pornography/Obscene Material,78223,2026-09-01
53274767828,2023-12-01,Sexual Assault With An Object,PERSON,SOUTH,"Sex Offenses, Forcible",78223,2026-09-01
58876018310,2024-09-09,Stolen Property Offenses,PROPERTY,SOUTH,Stolen Property Offenses,78223,2026-09-01
71799786817,2026-07-22,Wire Fraud,PROPERTY,EAST,Fraud Offenses,78223,2026-09-01
52855163877,2023-10-31,Pocket-picking,PROPERTY,SOUTH,Larceny/Theft Offenses,78224,2026-09-01
69395740601,2026-03-24,Wire Fraud,PROPERTY,SOUTH,Fraud Offenses,78224,2026-09-01
68105708944,2026-06-17,Murder & Nonnegligent Manslaughter,PERSON,SOUTH,Homicide Offenses,78225,2026-09-01
41318208861,2023-01-30,Sodomy,PERSON,SOUTH,"Sex Offenses, Forcible",78225,2026-09-01
70385517862,2026-05-10,Theft From Coin-Operated Machine or Device,PROPERTY,SOUTH,Larceny/Theft Offenses,78225,2026-09-01
53662495673,2024-03-12,Wire Fraud,PROPERTY,SOUTH,Fraud Offenses,78225,2026-09-01
41292318121,2023-01-30,Fondling,PERSON,WEST,"Sex Offenses, Forcible",78227,2026-09-01
49374394854,2023-05-08,Fondling,PERSON,WEST,"Sex Offenses, Forcible",78227,2026-09-01
45196017823,2023-03-07,Stolen Property Offenses,PROPERTY,SOUTH,Stolen Property Offenses,78227,2026-09-01
57074502918,2024-06-24,Stolen Property Offenses,PROPERTY,WEST,Stolen Property Offenses,78227,2026-09-01
59014414304,2024-09-12,Stolen Property Offenses,PROPERTY,WEST,Stolen Property Offenses,78227,2026-09-01
55341007140,2024-04-10,Theft From Coin-Operated Machine or Device,PROPERTY,WEST,Larceny/Theft Offenses,78227,2026-09-01
62073060584,2024-12-31,Theft From Coin-Operated Machine or Device,PROPERTY,SOUTH,Larceny/Theft Offenses,78227,2026-09-01
49355856227,2023-05-06,Wire Fraud,PROPERTY,SOUTH,Fraud Offenses,78227,2026-09-01
59857100760,2024-10-03,Embezzlement,PROPERTY,WEST,Embezzlement,78228,2026-09-01
42604173009,2023-02-17,Fondling,PERSON,WEST,"Sex Offenses, Forcible",78228,2026-09-01
62250936935,2025-01-13,Wire Fraud,PROPERTY,WEST,Fraud Offenses,78228,2026-09-01
65573276358,2025-08-23,Wire Fraud,PROPERTY,WEST,Fraud Offenses,78228,2026-09-01
63960020098,2025-05-13,Pornography/Obscene Material,SOCIETY,PRUE,Pornography/Obscene Material,78229,2026-09-01
41288366216,2023-01-29,Theft From Coin-Operated Machine or Device,PROPERTY,PRUE,Larceny/Theft Offenses,78229,2026-09-01
41442150796,2023-02-04,Wire Fraud,PROPERTY,PRUE,Fraud Offenses,78229,2026-09-01
49925521824,2023-05-18,Extortion/Blackmail,PROPERTY,PRUE,Extortion/Blackmail,78230,2026-09-01
66025684006,2025-09-12,Hacking/Computer Invasion,PROPERTY,PRUE,Fraud Offenses,78230,2026-09-01
64055280157,2025-05-20,Impersonation,PROPERTY,PRUE,Fraud Offenses,78230,2026-09-01
64953212420,2025-07-13,Pornography/Obscene Material,SOCIETY,PRUE,Pornography/Obscene Material,78230,2026-09-01
58229328432,2024-08-07,Prostitution,SOCIETY,PRUE,Prostitution Offenses,78230,2026-09-01
69993255946,2026-04-29,Prostitution,SOCIETY,PRUE,Prostitution Offenses,78230,2026-09-01
53353069483,2023-12-08,Wire Fraud,PROPERTY,PRUE,Fraud Offenses,78230,2026-09-01
53776013216,2024-01-14,Wire Fraud,PROPERTY,PRUE,Fraud Offenses,78230,2026-09-01
64968535746,2025-07-15,Wire Fraud,PROPERTY,PRUE,Fraud Offenses,78230,2026-09-01
57025322501,2024-06-22,Prostitution,SOCIETY,NORTH,Prostitution Offenses,78231,2026-09-01
69411042486,2026-04-12,"Human Trafficking, Commercial Sex Acts",PERSON,NORTH,Human Trafficking,78232,2026-09-01
56378607796,2024-05-23,Sexual Assault With An Object,PERSON,NORTH,"Sex Offenses, Forcible",78232,2026-09-01
65249572928,2025-08-03,Fondling,PERSON,NORTH,"Sex Offenses, Forcible",78233,2026-09-01
68723599915,2026-02-26,Impersonation,PROPERTY,NORTH,Fraud Offenses,78233,2026-09-01
58388469796,2024-08-14,Wire Fraud,PROPERTY,NORTH,Fraud Offenses,78233,2026-09-01
59986425472,2024-10-09,Wire Fraud,PROPERTY,NORTH,Fraud Offenses,78233,2026-09-01
48426608153,2023-04-01,Extortion/Blackmail,PROPERTY,WEST,Extortion/Blackmail,78237,2026-09-01
65240994641,2025-08-02,Impersonation,PROPERTY,WEST,Fraud Offenses,78237,2026-09-01
53242660321,2023-11-28,Kidnapping/Abduction,PERSON,WEST,Kidnapping/Abduction,78237,2026-09-01
55984785681,2024-05-07,Stolen Property Offenses,PROPERTY,WEST,Stolen Property Offenses,78237,2026-09-01
62760844970,2025-02-13,Fondling,PERSON,WEST,"Sex Offenses, Forcible",78238,2026-09-01
69268932548,2026-03-17,Fondling,PERSON,WEST,"Sex Offenses, Forcible",78238,2026-09-01
56616413405,2024-06-07,Pornography/Obscene Material,SOCIETY,WEST,Pornography/Obscene Material,78238,2026-09-01
59764248202,2024-10-01,Prostitution,SOCIETY,WEST,Prostitution Offenses,78238,2026-09-01
49365055278,2023-05-08,Sexual Assault With An Object,PERSON,WEST,"Sex Offenses, Forcible",78238,2026-09-01
50960445317,2023-06-07,Fondling,PERSON,PRUE,"Sex Offenses, Forcible",78240,2026-09-01
52453750784,2023-09-27,Prostitution,SOCIETY,PRUE,Prostitution Offenses,78240,2026-09-01
42604363298,2023-02-17,Wire Fraud,PROPERTY,PRUE,Fraud Offenses,78240,2026-09-01
51508626730,2023-07-25,Extortion/Blackmail,PROPERTY,SOUTH,Extortion/Blackmail,78242,2026-09-01
66373451635,2025-10-05,Fondling,PERSON,SOUTH,"Sex Offenses, Forcible",78242,2026-09-01
53995861969,2024-02-01,Impersonation,PROPERTY,SOUTH,Fraud Offenses,78242,2026-09-01
49364408383,2023-05-07,Pornography/Obscene Material,SOCIETY,SOUTH,Pornography/Obscene Material,78242,2026-09-01
62782538334,2025-02-14,Theft From Coin-Operated Machine or Device,PROPERTY,SOUTH,Larceny/Theft Offenses,78242,2026-09-01
56617866426,2024-06-07,Wire Fraud,PROPERTY,SOUTH,Fraud Offenses,78242,2026-09-01
64093707510,2025-05-22,Wire Fraud,PROPERTY,SOUTH,Fraud Offenses,78242,2026-09-01
65725468465,2025-09-05,Arson,PROPERTY,WEST,Arson,78245,2026-09-01
52651027510,2023-10-20,Arson,PROPERTY,NORTH,Arson,78247,2026-09-01
62029952173,2024-12-27,Fondling,PERSON,NORTH,"Sex Offenses, Forcible",78247,2026-09-01
56404128479,2024-05-24,Pornography/Obscene Material,SOCIETY,NORTH,Pornography/Obscene Material,78247,2026-09-01
69421787739,2026-03-26,Pornography/Obscene Material,SOCIETY,NORTH,Pornography/Obscene Material,78247,2026-09-01
70438749178,2026-05-13,Hacking/Computer Invasion,PROPERTY,PRUE,Fraud Offenses,78249,2026-09-01
71913419711,2026-07-30,Impersonation,PROPERTY,PRUE,Fraud Offenses,78249,2026-09-01
56155548808,2024-05-18,Prostitution,SOCIETY,PRUE,Prostitution Offenses,78249,2026-09-01
51967627362,2023-08-22,Wire Fraud,PROPERTY,PRUE,Fraud Offenses,78249,2026-09-01
57512487629,2024-07-10,Wire Fraud,PROPERTY,PRUE,Fraud Offenses,78249,2026-09-01
53802629997,2024-01-15,Embezzlement,PROPERTY,PRUE,Embezzlement,78250,2026-09-01
56445388166,2024-05-29,Extortion/Blackmail,PROPERTY,PRUE,Extortion/Blackmail,78250,2026-09-01
55647531366,2024-04-23,Pornography/Obscene Material,SOCIETY,PRUE,Pornography/Obscene Material,78250,2026-09-01
66648583154,2025-10-11,Pornography/Obscene Material,SOCIETY,PRUE,Pornography/Obscene Material,78250,2026-09-01
55679473372,2024-04-25,Fondling,PERSON,WEST,"Sex Offenses, Forcible",78251,2026-09-01
53678091414,2024-01-08,Impersonation,PROPERTY,WEST,Fraud Offenses,78251,2026-09-01
65171695977,2025-07-28,Embezzlement,PROPERTY,NORTH,Embezzlement,78258,2026-09-01
69565329909,2026-04-06,Pornography/Obscene Material,SOCIETY,NORTH,Pornography/Obscene Material,78258,2026-09-01
49275122107,2023-04-27,Wire Fraud,PROPERTY,NORTH,Fraud Offenses,78258,2026-09-01
67628720344,2025-12-01,Hacking/Computer Invasion,PROPERTY,NORTH,Fraud Offenses,78259,2026-09-01
64261187928,2025-05-30,Embezzlement,PROPERTY,CENTRAL,Embezzlement,78201,2026-09-01
40695260839,2023-01-14,Prostitution,SOCIETY,WEST,Prostitution Offenses,78201,2026-09-01
68324104423,2026-01-27,Prostitution,SOCIETY,WEST,Prostitution Offenses,78201,2026-09-01
72042907331,2026-08-07,Wire Fraud,PROPERTY,WEST,Fraud Offenses,78201,2026-09-01
67986360601,2025-12-30,Kidnapping/Abduction,PERSON,EAST,Kidnapping/Abduction,78202,2026-09-01
41414837074,2023-02-02,Purchasing Prostitution,SOCIETY,EAST,Prostitution Offenses,78202,2026-09-01
67552715394,2025-11-26,Wire Fraud,PROPERTY,EAST,Fraud Offenses,78203,2026-09-01
56076135131,2024-05-14,Stolen Property Offenses,PROPERTY,CENTRAL,Stolen Property Offenses,78204,2026-09-01
54045975131,2024-02-05,Fondling,PERSON,CENTRAL,"Sex Offenses, Forcible",78205,2026-09-01
44775638461,2023-03-03,Theft From Coin-Operated Machine or Device,PROPERTY,CENTRAL,Larceny/Theft Offenses,78205,2026-09-01
58260967172,2024-08-09,Animal Cruelty,SOCIETY,CENTRAL,Animal Cruelty,78207,2026-09-01
63353027919,2025-03-27,Extortion/Blackmail,PROPERTY,CENTRAL,Extortion/Blackmail,78207,2026-09-01
50058927567,2023-05-23,Fondling,PERSON,CENTRAL,"Sex Offenses, Forcible",78207,2026-09-01
63874735033,2025-05-07,Fondling,PERSON,CENTRAL,"Sex Offenses, Forcible",78207,2026-09-01
52522257894,2023-10-06,Kidnapping/Abduction,PERSON,CENTRAL,Kidnapping/Abduction,78207,2026-09-01
66030935212,2025-09-12,Kidnapping/Abduction,PERSON,CENTRAL,Kidnapping/Abduction,78207,2026-09-01
68732067307,2026-02-27,Murder & Nonnegligent Manslaughter,PERSON,CENTRAL,Homicide Offenses,78207,2026-09-01
62652023672,2025-02-06,Pornography/Obscene Material,SOCIETY,CENTRAL,Pornography/Obscene Material,78207,2026-09-01
63155388984,2025-03-12,Pornography/Obscene Material,SOCIETY,CENTRAL,Pornography/Obscene Material,78207,2026-09-01
66286988679,2025-09-28,Pornography/Obscene Material,SOCIETY,CENTRAL,Pornography/Obscene Material,78207,2026-09-01
70927725085,2026-06-09,Theft From Coin-Operated Machine or Device,PROPERTY,CENTRAL,Larceny/Theft Offenses,78207,2026-09-01
52188064322,2023-09-04,Wire Fraud,PROPERTY,CENTRAL,Fraud Offenses,78207,2026-09-01
69452919165,2026-03-29,Pornography/Obscene Material,SOCIETY,EAST,Pornography/Obscene Material,78208,2026-09-01
68191171372,2026-01-15,Wire Fraud,PROPERTY,EAST,Fraud Offenses,78208,2026-09-01
71659812278,2026-07-15,Impersonation,PROPERTY,NORTH,Fraud Offenses,78209,2026-09-01
59859212586,2024-10-03,Pocket-picking,PROPERTY,EAST,Larceny/Theft Offenses,78210,2026-09-01
51936774441,2023-08-18,Embezzlement,PROPERTY,SOUTH,Embezzlement,78211,2026-09-01
55116346213,2024-03-31,Impersonation,PROPERTY,SOUTH,Fraud Offenses,78211,2026-09-01
64583631445,2025-06-19,Embezzlement,PROPERTY,CENTRAL,Embezzlement,78212,2026-09-01
67898802800,2025-12-22,Fondling,PERSON,DOWNTOWN,"Sex Offenses, Forcible",78212,2026-09-01
59450867439,2024-09-21,Pocket-picking,PROPERTY,DOWNTOWN,Larceny/Theft Offenses,78212,2026-09-01
59996119714,2024-10-10,Welfare Fraud,PROPERTY,CENTRAL,Fraud Offenses,78212,2026-09-01
70283950814,2026-05-04,Pornography/Obscene Material,SOCIETY,NORTH,Pornography/Obscene Material,78213,2026-09-01
57181920795,2024-06-27,Theft From Coin-Operated Machine or Device,PROPERTY,CENTRAL,Larceny/Theft Offenses,78213,2026-09-01
51434277842,2023-07-19,Welfare Fraud,PROPERTY,NORTH,Fraud Offenses,78213,2026-09-01
67924994800,2025-12-24,Embezzlement,PROPERTY,SOUTH,Embezzlement,78214,2026-09-01
52554630668,2023-10-10,Wire Fraud,PROPERTY,SOUTH,Fraud Offenses,78214,2026-09-01
53301355085,2023-12-04,Wire Fraud,PROPERTY,CENTRAL,Fraud Offenses,78215,2026-09-01
62188787038,2025-01-07,Embezzlement,PROPERTY,NORTH,Embezzlement,78216,2026-09-01
43081618636,2023-02-22,Fondling,PERSON,NORTH,"Sex Offenses, Forcible",78216,2026-09-01
63456392085,2025-04-11,Kidnapping/Abduction,PERSON,NORTH,Kidnapping/Abduction,78216,2026-09-01
70563030842,2026-05-21,Pornography/Obscene Material,SOCIETY,NORTH,Pornography/Obscene Material,78216,2026-09-01
62994039662,2025-03-04,Prostitution,SOCIETY,NORTH,Prostitution Offenses,78216,2026-09-01
55544465707,2024-04-18,Stolen Property Offenses,PROPERTY,NORTH,Stolen Property Offenses,78216,2026-09-01
63520080865,2025-04-09,Animal Cruelty,SOCIETY,NORTH,Animal Cruelty,78217,2026-09-01
55958115731,2024-05-07,Fondling,PERSON,NORTH,"Sex Offenses, Forcible",78217,2026-09-01
62414840319,2025-01-23,Fondling,PERSON,NORTH,"Sex Offenses, Forcible",78217,2026-09-01
60778858940,2024-11-10,Kidnapping/Abduction,PERSON,NORTH,Kidnapping/Abduction,78217,2026-09-01
51086164295,2023-06-22,Fondling,PERSON,EAST,"Sex Offenses, Forcible",78218,2026-09-01
52906535015,2023-11-04,Fondling,PERSON,EAST,"Sex Offenses, Forcible",78218,2026-09-01
67164045109,2025-11-02,Pornography/Obscene Material,SOCIETY,EAST,Pornography/Obscene Material,78218,2026-09-01
54233203702,2024-02-18,Purchasing Prostitution,SOCIETY,EAST,Prostitution Offenses,78218,2026-09-01
56399921069,2024-05-24,Wire Fraud,PROPERTY,EAST,Fraud Offenses,78218,2026-09-01
52015202739,2023-08-25,Stolen Property Offenses,PROPERTY,EAST,Stolen Property Offenses,78219,2026-09-01
50074791503,2023-05-25,Wire Fraud,PROPERTY,EAST,Fraud Offenses,78219,2026-09-01
64566023429,2025-06-18,Wire Fraud,PROPERTY,EAST,Fraud Offenses,78219,2026-09-01
41007935859,2023-01-21,Fondling,PERSON,EAST,"Sex Offenses, Forcible",78220,2026-09-01
49251963750,2023-04-25,Fondling,PERSON,EAST,"Sex Offenses, Forcible",78220,2026-09-01
54066606530,2024-02-11,Sexual Assault With An Object,PERSON,EAST,"Sex Offenses, Forcible",78220,2026-09-01
56083748108,2024-05-15,Kidnapping/Abduction,PERSON,SOUTH,Kidnapping/Abduction,78221,2026-09-01
55476798378,2024-04-15,Theft From Coin-Operated Machine or Device,PROPERTY,SOUTH,Larceny/Theft Offenses,78221,2026-09-01
69217091747,2026-03-14,Wire Fraud,PROPERTY,SOUTH,Fraud Offenses,78221,2026-09-01
53848466131,2024-01-21,Animal Cruelty,SOCIETY,EAST,Animal Cruelty,78222,2026-09-01
71754876015,2026-07-20,Animal Cruelty,SOCIETY,EAST,Animal Cruelty,78222,2026-09-01
48053463922,2023-03-29,Murder & Nonnegligent Manslaughter,PERSON,SOUTH,Homicide Offenses,78223,2026-09-01
66885173541,2025-10-26,Stolen Property Offenses,PROPERTY,EAST,Stolen Property Offenses,78223,2026-09-01
57205269294,2024-06-29,Wire Fraud,PROPERTY,EAST,Fraud Offenses,78223,2026-09-01
64665244898,2025-06-24,Embezzlement,PROPERTY,SOUTH,Embezzlement,78224,2026-09-01
56233144017,2024-05-20,Pornography/Obscene Material,SOCIETY,SOUTH,Pornography/Obscene Material,78224,2026-09-01
59369016818,2024-09-17,Pornography/Obscene Material,SOCIETY,SOUTH,Pornography/Obscene Material,78224,2026-09-01
70975611977,2026-06-12,Stolen Property Offenses,PROPERTY,SOUTH,Stolen Property Offenses,78224,2026-09-01
67745672895,2025-12-09,Wire Fraud,PROPERTY,SOUTH,Fraud Offenses,78224,2026-09-01
62144155781,2025-01-04,Arson,PROPERTY,WEST,Arson,78227,2026-09-01
52819396272,2023-10-28,Impersonation,PROPERTY,WEST,Fraud Offenses,78227,2026-09-01
68387454142,2026-02-02,Pornography/Obscene Material,SOCIETY,WEST,Pornography/Obscene Material,78227,2026-09-01
70783129751,2026-05-28,Pornography/Obscene Material,SOCIETY,SOUTH,Pornography/Obscene Material,78227,2026-09-01
54006784763,2024-02-02,Purse-snatching,PROPERTY,WEST,Larceny/Theft Offenses,78227,2026-09-01
70799983737,2026-05-30,Impersonation,PROPERTY,WEST,Fraud Offenses,78228,2026-09-01
51440146663,2023-07-20,Murder & Nonnegligent Manslaughter,PERSON,WEST,Homicide Offenses,78228,2026-09-01
53690359827,2024-01-10,Murder & Nonnegligent Manslaughter,PERSON,WEST,Homicide Offenses,78228,2026-09-01
51940870036,2023-08-19,Pornography/Obscene Material,SOCIETY,WEST,Pornography/Obscene Material,78228,2026-09-01
67098575568,2025-10-31,Pornography/Obscene Material,SOCIETY,WEST,Pornography/Obscene Material,78228,2026-09-01
57197033415,2024-06-28,Animal Cruelty,SOCIETY,PRUE,Animal Cruelty,78229,2026-09-01
53801595414,2024-01-15,Embezzlement,PROPERTY,PRUE,Embezzlement,78229,2026-09-01
52976902960,2023-11-09,Sexual Assault With An Object,PERSON,PRUE,"Sex Offenses, Forcible",78229,2026-09-01
65807024079,2025-09-07,Stolen Property Offenses,PROPERTY,PRUE,Stolen Property Offenses,78229,2026-09-01
67601808790,2025-11-29,Wire Fraud,PROPERTY,PRUE,Fraud Offenses,78229,2026-09-01
61168911940,2024-11-29,Pornography/Obscene Material,SOCIETY,PRUE,Pornography/Obscene Material,78230,2026-09-01
51675987109,2023-08-02,Prostitution,SOCIETY,PRUE,Prostitution Offenses,78230,2026-09-01
54227651272,2024-02-17,Prostitution,SOCIETY,PRUE,Prostitution Offenses,78230,2026-09-01
55130554378,2024-04-01,Animal Cruelty,SOCIETY,NORTH,Animal Cruelty,78232,2026-09-01
60263443382,2024-10-29,Pornography/Obscene Material,SOCIETY,NORTH,Pornography/Obscene Material,78232,2026-09-01
68611865461,2026-02-18,Stolen Property Offenses,PROPERTY,NORTH,Stolen Property Offenses,78232,2026-09-01
54658257033,2024-03-15,"Human Trafficking, Involuntary Servitude",PERSON,NORTH,Human Trafficking,78233,2026-09-01
69146268723,2026-03-10,Arson,PROPERTY,WEST,Arson,78237,2026-09-01
49278407907,2023-05-01,Pornography/Obscene Material,SOCIETY,WEST,Pornography/Obscene Material,78237,2026-09-01
53999939945,2024-02-02,Stolen Property Offenses,PROPERTY,WEST,Stolen Property Offenses,78237,2026-09-01
66357100940,2025-10-03,Stolen Property Offenses,PROPERTY,WEST,Stolen Property Offenses,78237,2026-09-01
53296748531,2023-12-04,Theft From Coin-Operated Machine or Device,PROPERTY,WEST,Larceny/Theft Offenses,78237,2026-09-01
65261021624,2025-08-04,Welfare Fraud,PROPERTY,WEST,Fraud Offenses,78237,2026-09-01
53880630075,2024-01-24,Sexual Assault With An Object,PERSON,PRUE,"Sex Offenses, Forcible",78238,2026-09-01
52111862765,2023-09-01,Wire Fraud,PROPERTY,WEST,Fraud Offenses,78238,2026-09-01
68128308556,2026-01-10,Wire Fraud,PROPERTY,PRUE,Fraud Offenses,78238,2026-09-01
41024188283,2023-01-22,Animal Cruelty,SOCIETY,PRUE,Animal Cruelty,78240,2026-09-01
63964176523,2025-05-13,Animal Cruelty,SOCIETY,PRUE,Animal Cruelty,78240,2026-09-01
61378853013,2024-12-02,Arson,PROPERTY,PRUE,Arson,78240,2026-09-01
71534517983,2026-07-09,Fondling,PERSON,PRUE,"Sex Offenses, Forcible",78240,2026-09-01
60389693002,2024-11-04,Wire Fraud,PROPERTY,PRUE,Fraud Offenses,78240,2026-09-01
53750331721,2024-01-12,Fondling,PERSON,SOUTH,"Sex Offenses, Forcible",78242,2026-09-01
55133809112,2024-04-01,Fondling,PERSON,SOUTH,"Sex Offenses, Forcible",78242,2026-09-01
62835602986,2025-02-18,Pornography/Obscene Material,SOCIETY,SOUTH,Pornography/Obscene Material,78242,2026-09-01
63680547216,2025-04-24,Pornography/Obscene Material,SOCIETY,SOUTH,Pornography/Obscene Material,78242,2026-09-01
66862881857,2025-10-24,Pornography/Obscene Material,SOCIETY,SOUTH,Pornography/Obscene Material,78242,2026-09-01
71211686842,2026-06-28,Pornography/Obscene Material,SOCIETY,WEST,Pornography/Obscene Material,78245,2026-09-01
51879747038,2023-08-14,Sexual Assault With An Object,PERSON,WEST,"Sex Offenses, Forcible",78245,2026-09-01
69872846800,2026-04-27,Pornography/Obscene Material,SOCIETY,NORTH,Pornography/Obscene Material,78247,2026-09-01
62405374390,2025-01-22,Wire Fraud,PROPERTY,NORTH,Fraud Offenses,78247,2026-09-01
62327899922,2025-01-18,Pornography/Obscene Material,SOCIETY,PRUE,Pornography/Obscene Material,78249,2026-09-01
63729716950,2025-04-29,Pornography/Obscene Material,SOCIETY,PRUE,Pornography/Obscene Material,78249,2026-09-01
71745810857,2026-07-19,Pornography/Obscene Material,SOCIETY,PRUE,Pornography/Obscene Material,78249,2026-09-01
62846078929,2025-02-19,Wire Fraud,PROPERTY,PRUE,Fraud Offenses,78249,2026-09-01
56060293620,2024-05-13,Theft From Coin-Operated Machine or Device,PROPERTY,PRUE,Larceny/Theft Offenses,78250,2026-09-01
66770818738,2025-10-18,Welfare Fraud,PROPERTY,PRUE,Fraud Offenses,78250,2026-09-01
68517961497,2026-02-11,Wire Fraud,PROPERTY,PRUE,Fraud Offenses,78250,2026-09-01
62585321529,2025-02-03,Pornography/Obscene Material,SOCIETY,WEST,Pornography/Obscene Material,78251,2026-09-01
71597173680,2026-07-12,Pornography/Obscene Material,SOCIETY,WEST,Pornography/Obscene Material,78251,2026-09-01
68533615461,2026-02-12,Wire Fraud,PROPERTY,WEST,Fraud Offenses,78251,2026-09-01
64106703070,2025-05-23,Embezzlement,PROPERTY,PRUE,Embezzlement,78255,2026-09-01
66274991243,2025-09-27,Pornography/Obscene Material,SOCIETY,PRUE,Pornography/Obscene Material,78255,2026-09-01
69988904839,2026-04-29,Impersonation,PROPERTY,NORTH,Fraud Offenses,78258,2026-09-01
48993186741,2023-04-10,Wire Fraud,PROPERTY,NORTH,Fraud Offenses,78258,2026-09-01
57840164566,2024-07-21,Fondling,PERSON,NORTH,"Sex Offenses, Forcible",78259,2026-09-01
70299317463,2026-05-05,Pornography/Obscene Material,SOCIETY,NORTH,Pornography/Obscene Material,78259,2026-09-01
49700454965,2023-05-13,Wire Fraud,PROPERTY,EAST,Fraud Offenses,78263,2026-09-01
46766104553,2023-04-13,Fondling,PERSON,CENTRAL,"Sex Offenses, Forcible",Not Listed,2026-09-01
57015838224,2024-06-21,Pornography/Obscene Material,SOCIETY,SOUTH,Pornography/Obscene Material,Out of Jurisdiction,2026-09-01
69506872787,2026-04-02,Arson,PROPERTY,CENTRAL,Arson,78201,2026-09-01
67978246837,2025-12-30,Pornography/Obscene Material,SOCIETY,WEST,Pornography/Obscene Material,78201,2026-09-01
70997373872,2026-06-13,Wire Fraud,PROPERTY,WEST,Fraud Offenses,78201,2026-09-01
52496736512,2023-10-03,Arson,PROPERTY,EAST,Arson,78202,2026-09-01
53316935127,2023-12-06,Stolen Property Offenses,PROPERTY,EAST,Stolen Property Offenses,78202,2026-09-01
57186831061,2024-06-28,Stolen Property Offenses,PROPERTY,EAST,Stolen Property Offenses,78202,2026-09-01
65344733333,2025-08-06,Stolen Property Offenses,PROPERTY,EAST,Stolen Property Offenses,78202,2026-09-01
61989260080,2024-12-23,Wire Fraud,PROPERTY,EAST,Fraud Offenses,78202,2026-09-01
63889433806,2025-05-08,Purse-snatching,PROPERTY,DOWNTOWN,Larceny/Theft Offenses,78205,2026-09-01
55457112061,2024-04-14,Extortion/Blackmail,PROPERTY,CENTRAL,Extortion/Blackmail,78207,2026-09-01
71434518799,2026-07-06,Fondling,PERSON,CENTRAL,"Sex Offenses, Forcible",78207,2026-09-01
72513426527,2026-08-30,"Human Trafficking, Commercial Sex Acts",PERSON,CENTRAL,Human Trafficking,78207,2026-09-01
60168594515,2024-10-22,Impersonation,PROPERTY,CENTRAL,Fraud Offenses,78207,2026-09-01
56225612288,2024-05-20,Pornography/Obscene Material,SOCIETY,CENTRAL,Pornography/Obscene Material,78207,2026-09-01
63463094072,2025-04-03,Pornography/Obscene Material,SOCIETY,CENTRAL,Pornography/Obscene Material,78207,2026-09-01
67796571622,2025-12-13,Pornography/Obscene Material,SOCIETY,CENTRAL,Pornography/Obscene Material,78207,2026-09-01
64909689109,2025-07-10,Prostitution,SOCIETY,CENTRAL,Prostitution Offenses,78207,2026-09-01
60327065222,2024-10-31,Theft From Coin-Operated Machine or Device,PROPERTY,CENTRAL,Larceny/Theft Offenses,78207,2026-09-01
69671235782,2026-04-14,Extortion/Blackmail,PROPERTY,NORTH,Extortion/Blackmail,78209,2026-09-01
69597652712,2026-04-08,Impersonation,PROPERTY,NORTH,Fraud Offenses,78209,2026-09-01
59398900048,2024-09-19,Murder & Nonnegligent Manslaughter,PERSON,NORTH,Homicide Offenses,78209,2026-09-01
46561949469,2023-03-15,Wire Fraud,PROPERTY,NORTH,Fraud Offenses,78209,2026-09-01
63248131343,2025-03-19,Fondling,PERSON,EAST,"Sex Offenses, Forcible",78210,2026-09-01
71842764047,2026-07-24,Kidnapping/Abduction,PERSON,EAST,Kidnapping/Abduction,78210,2026-09-01
53848672603,2024-01-21,Stolen Property Offenses,PROPERTY,EAST,Stolen Property Offenses,78210,2026-09-01
63618251366,2025-04-17,Stolen Property Offenses,PROPERTY,SOUTH,Stolen Property Offenses,78210,2026-09-01
53250733963,2023-11-29,Wire Fraud,PROPERTY,CENTRAL,Fraud Offenses,78210,2026-09-01
68261514946,2026-01-21,Fondling,PERSON,SOUTH,"Sex Offenses, Forcible",78211,2026-09-01
68367252333,2026-01-31,Pornography/Obscene Material,SOCIETY,SOUTH,Pornography/Obscene Material,78211,2026-09-01
62251005469,2025-01-13,Welfare Fraud,PROPERTY,SOUTH,Fraud Offenses,78211,2026-09-01
42186887593,2023-02-13,Wire Fraud,PROPERTY,SOUTH,Fraud Offenses,78211,2026-09-01
54726883304,2024-03-14,Wire Fraud,PROPERTY,SOUTH,Fraud Offenses,78211,2026-09-01
41438455194,2023-02-03,Embezzlement,PROPERTY,CENTRAL,Embezzlement,78212,2026-09-01
72114259192,2026-08-11,Extortion/Blackmail,PROPERTY,CENTRAL,Extortion/Blackmail,78212,2026-09-01
62225799875,2025-01-10,Fondling,PERSON,DOWNTOWN,"Sex Offenses, Forcible",78212,2026-09-01
54378298489,2024-02-25,Pornography/Obscene Material,SOCIETY,CENTRAL,Pornography/Obscene Material,78212,2026-09-01
46461193124,2023-03-14,Fondling,PERSON,CENTRAL,"Sex Offenses, Forcible",78213,2026-09-01
58566100558,2024-08-26,Murder & Nonnegligent Manslaughter,PERSON,NORTH,Homicide Offenses,78213,2026-09-01
49255146939,2023-04-26,Pornography/Obscene Material,SOCIETY,CENTRAL,Pornography/Obscene Material,78213,2026-09-01
63019150567,2025-03-04,Pornography/Obscene Material,SOCIETY,CENTRAL,Pornography/Obscene Material,78213,2026-09-01
63234705225,2025-03-18,Prostitution,SOCIETY,NORTH,Prostitution Offenses,78213,2026-09-01
52588502685,2023-10-14,Sexual Assault With An Object,PERSON,CENTRAL,"Sex Offenses, Forcible",78213,2026-09-01
52926455763,2023-11-07,Sexual Assault With An Object,PERSON,CENTRAL,"Sex Offenses, Forcible",78213,2026-09-01
68623608979,2026-02-19,Wire Fraud,PROPERTY,CENTRAL,Fraud Offenses,78213,2026-09-01
53622559539,2024-01-03,Fondling,PERSON,SOUTH,"Sex Offenses, Forcible",78214,2026-09-01
66089432402,2025-09-16,Stolen Property Offenses,PROPERTY,SOUTH,Stolen Property Offenses,78214,2026-09-01
56616337168,2024-06-07,Theft From Coin-Operated Machine or Device,PROPERTY,DOWNTOWN,Larceny/Theft Offenses,78215,2026-09-01
54129429827,2024-02-11,Wire Fraud,PROPERTY,CENTRAL,Fraud Offenses,78215,2026-09-01
63888659941,2025-05-08,Wire Fraud,PROPERTY,DOWNTOWN,Fraud Offenses,78215,2026-09-01
50102796205,2023-05-28,Fondling,PERSON,NORTH,"Sex Offenses, Forcible",78216,2026-09-01
51955019721,2023-08-21,Fondling,PERSON,NORTH,"Sex Offenses, Forcible",78216,2026-09-01
48187938633,2023-03-30,Murder & Nonnegligent Manslaughter,PERSON,PRUE,Homicide Offenses,78216,2026-09-01
63338373797,2025-03-26,Murder & Nonnegligent Manslaughter,PERSON,PRUE,Homicide Offenses,78216,2026-09-01
52025884315,2023-08-26,Pornography/Obscene Material,SOCIETY,NORTH,Pornography/Obscene Material,78216,2026-09-01
71804066977,2026-07-22,Prostitution,SOCIETY,NORTH,Prostitution Offenses,78216,2026-09-01
49002255766,2023-04-11,Wire Fraud,PROPERTY,NORTH,Fraud Offenses,78216,2026-09-01
52110697028,2023-09-01,Wire Fraud,PROPERTY,PRUE,Fraud Offenses,78216,2026-09-01
69453569994,2026-03-29,Wire Fraud,PROPERTY,NORTH,Fraud Offenses,78216,2026-09-01
62049619905,2024-12-29,Embezzlement,PROPERTY,NORTH,Embezzlement,78217,2026-09-01
57634233795,2024-07-15,Kidnapping/Abduction,PERSON,NORTH,Kidnapping/Abduction,78217,2026-09-01
67264800522,2025-11-08,Murder & Nonnegligent Manslaughter,PERSON,NORTH,Homicide Offenses,78217,2026-09-01
51929049898,2023-08-17,Embezzlement,PROPERTY,EAST,Embezzlement,78218,2026-09-01
51117836244,2023-06-26,Pornography/Obscene Material,SOCIETY,EAST,Pornography/Obscene Material,78218,2026-09-01
63875933753,2025-05-07,Extortion/Blackmail,PROPERTY,EAST,Extortion/Blackmail,78219,2026-09-01
53646064261,2024-01-05,Fondling,PERSON,EAST,"Sex Offenses, Forcible",78219,2026-09-01
46234790599,2023-03-12,Kidnapping/Abduction,PERSON,EAST,Kidnapping/Abduction,78219,2026-09-01
55537154763,2024-04-17,Fondling,PERSON,EAST,"Sex Offenses, Forcible",78220,2026-09-01
69709134349,2026-04-16,Fondling,PERSON,EAST,"Sex Offenses, Forcible",78220,2026-09-01
58242756884,2024-08-08,Sodomy,PERSON,EAST,"Sex Offenses, Forcible",78220,2026-09-01
69785442206,2026-04-21,Stolen Property Offenses,PROPERTY,EAST,Stolen Property Offenses,78220,2026-09-01
40721374921,2023-01-16,Fondling,PERSON,SOUTH,"Sex Offenses, Forcible",78221,2026-09-01
52934972154,2023-11-08,Stolen Property Offenses,PROPERTY,SOUTH,Stolen Property Offenses,78221,2026-09-01
53542862534,2023-12-23,Stolen Property Offenses,PROPERTY,SOUTH,Stolen Property Offenses,78221,2026-09-01
69224423209,2026-03-14,Stolen Property Offenses,PROPERTY,SOUTH,Stolen Property Offenses,78221,2026-09-01
63389975347,2025-03-29,Arson,PROPERTY,EAST,Arson,78222,2026-09-01
68676530015,2026-02-23,Pornography/Obscene Material,SOCIETY,EAST,Pornography/Obscene Material,78222,2026-09-01
58575904095,2024-08-28,Wire Fraud,PROPERTY,EAST,Fraud Offenses,78222,2026-09-01
55483528279,2024-04-16,Embezzlement,PROPERTY,EAST,Embezzlement,78223,2026-09-01
44638545947,2023-03-02,Fondling,PERSON,EAST,"Sex Offenses, Forcible",78223,2026-09-01
57519079391,2024-07-10,Kidnapping/Abduction,PERSON,SOUTH,Kidnapping/Abduction,78223,2026-09-01
66147976528,2025-09-20,Pornography/Obscene Material,SOCIETY,EAST,Pornography/Obscene Material,78223,2026-09-01
72041916202,2026-08-07,Pornography/Obscene Material,SOCIETY,SOUTH,Pornography/Obscene Material,78223,2026-09-01
45099751646,2023-03-06,Sodomy,PERSON,SOUTH,"Sex Offenses, Forcible",78223,2026-09-01
67605278536,2025-11-30,Stolen Property Offenses,PROPERTY,EAST,Stolen Property Offenses,78223,2026-09-01
68060905678,2026-01-05,Wire Fraud,PROPERTY,EAST,Fraud Offenses,78223,2026-09-01
69454184658,2026-03-29,Animal Cruelty,SOCIETY,SOUTH,Animal Cruelty,78224,2026-09-01
59985820044,2024-10-09,Embezzlement,PROPERTY,SOUTH,Embezzlement,78224,2026-09-01
65608189150,2025-08-26,Pornography/Obscene Material,SOCIETY,SOUTH,Pornography/Obscene Material,78224,2026-09-01
51412360088,2023-07-18,Stolen Property Offenses,PROPERTY,SOUTH,Stolen Property Offenses,78224,2026-09-01
68678896541,2026-02-24,Stolen Property Offenses,PROPERTY,SOUTH,Stolen Property Offenses,78224,2026-09-01
65710382943,2025-09-03,Wire Fraud,PROPERTY,SOUTH,Fraud Offenses,78224,2026-09-01
52922658995,2023-11-06,Animal Cruelty,SOCIETY,WEST,Animal Cruelty,78227,2026-09-01
56433426885,2024-05-27,Kidnapping/Abduction,PERSON,SOUTH,Kidnapping/Abduction,78227,2026-09-01
67419941974,2025-11-18,Pornography/Obscene Material,SOCIETY,WEST,Pornography/Obscene Material,78227,2026-09-01
63780363755,2025-05-01,Theft From Coin-Operated Machine or Device,PROPERTY,WEST,Larceny/Theft Offenses,78227,2026-09-01
60228399174,2024-10-27,Fondling,PERSON,WEST,"Sex Offenses, Forcible",78228,2026-09-01
51543636634,2023-07-29,Wire Fraud,PROPERTY,WEST,Fraud Offenses,78228,2026-09-01
55366045781,2024-04-11,Wire Fraud,PROPERTY,WEST,Fraud Offenses,78228,2026-09-01
60977864672,2024-11-24,Wire Fraud,PROPERTY,WEST,Fraud Offenses,78228,2026-09-01
50980183838,2023-06-09,Embezzlement,PROPERTY,PRUE,Embezzlement,78229,2026-09-01
51474160994,2023-07-23,Fondling,PERSON,PRUE,"Sex Offenses, Forcible",78229,2026-09-01
48978560913,2023-04-07,Pornography/Obscene Material,SOCIETY,PRUE,Pornography/Obscene Material,78229,2026-09-01
59046456700,2024-09-12,Pornography/Obscene Material,SOCIETY,PRUE,Pornography/Obscene Material,78229,2026-09-01
64949510349,2025-07-13,Prostitution,SOCIETY,PRUE,Prostitution Offenses,78229,2026-09-01
51970629701,2023-08-24,Sexual Assault With An Object,PERSON,PRUE,"Sex Offenses, Forcible",78229,2026-09-01
56016653460,2024-05-10,Wire Fraud,PROPERTY,PRUE,Fraud Offenses,78229,2026-09-01
50955386566,2023-06-06,Fondling,PERSON,PRUE,"Sex Offenses, Forcible",78230,2026-09-01
59941524778,2024-10-07,Prostitution,SOCIETY,PRUE,Prostitution Offenses,78230,2026-09-01
65594286933,2025-08-25,Welfare Fraud,PROPERTY,PRUE,Fraud Offenses,78230,2026-09-01
54151091940,2024-02-13,Wire Fraud,PROPERTY,PRUE,Fraud Offenses,78230,2026-09-01
60170186120,2024-10-22,Wire Fraud,PROPERTY,PRUE,Fraud Offenses,78230,2026-09-01
66119227728,2025-09-18,Wire Fraud,PROPERTY,PRUE,Fraud Offenses,78230,2026-09-01
61708683465,2024-12-13,Embezzlement,PROPERTY,NORTH,Embezzlement,78232,2026-09-01
62290643742,2025-01-16,Pornography/Obscene Material,SOCIETY,PRUE,Pornography/Obscene Material,78232,2026-09-01
63971721939,2025-05-14,Stolen Property Offenses,PROPERTY,NORTH,Stolen Property Offenses,78233,2026-09-01
64299287901,2025-06-02,Wire Fraud,PROPERTY,NORTH,Fraud Offenses,78233,2026-09-01
65494451056,2025-08-17,Wire Fraud,PROPERTY,NORTH,Fraud Offenses,78233,2026-09-01
60135476871,2024-10-20,Extortion/Blackmail,PROPERTY,WEST,Extortion/Blackmail,78237,2026-09-01
40144271064,2023-01-08,Fondling,PERSON,WEST,"Sex Offenses, Forcible",78237,2026-09-01
62682258651,2025-02-08,Pornography/Obscene Material,SOCIETY,WEST,Pornography/Obscene Material,78237,2026-09-01
71577588186,2026-07-11,Pornography/Obscene Material,SOCIETY,WEST,Pornography/Obscene Material,78237,2026-09-01
52045003677,2023-08-28,Sexual Assault With An Object,PERSON,WEST,"Sex Offenses, Forcible",78237,2026-09-01
62847782737,2025-02-19,Welfare Fraud,PROPERTY,WEST,Fraud Offenses,78237,2026-09-01
61988261631,2024-12-23,Wire Fraud,PROPERTY,WEST,Fraud Offenses,78237,2026-09-01
64583591053,2025-06-19,Wire Fraud,PROPERTY,WEST,Fraud Offenses,78237,2026-09-01
66183086691,2025-09-22,Wire Fraud,PROPERTY,WEST,Fraud Offenses,78237,2026-09-01
64275122295,2025-05-31,Operating/Promoting/Assisting Gambling,SOCIETY,WEST,Gambling Offenses,78238,2026-09-01
51693510392,2023-08-03,Pornography/Obscene Material,SOCIETY,WEST,Pornography/Obscene Material,78238,2026-09-01
57564041283,2024-07-12,Stolen Property Offenses,PROPERTY,WEST,Stolen Property Offenses,78238,2026-09-01
63976096824,2025-05-14,Pornography/Obscene Material,SOCIETY,EAST,Pornography/Obscene Material,78239,2026-09-01
51536132126,2023-07-28,Pornography/Obscene Material,SOCIETY,PRUE,Pornography/Obscene Material,78240,2026-09-01
52480704076,2023-10-01,Pornography/Obscene Material,SOCIETY,PRUE,Pornography/Obscene Material,78240,2026-09-01
55077518804,2024-03-29,Pornography/Obscene Material,SOCIETY,PRUE,Pornography/Obscene Material,78240,2026-09-01
66307094377,2025-09-29,Pornography/Obscene Material,SOCIETY,PRUE,Pornography/Obscene Material,78240,2026-09-01
40325067861,2023-01-09,Wire Fraud,PROPERTY,PRUE,Fraud Offenses,78240,2026-09-01
63676089365,2025-04-23,Wire Fraud,PROPERTY,PRUE,Fraud Offenses,78240,2026-09-01
68489554346,2026-02-09,Wire Fraud,PROPERTY,PRUE,Fraud Offenses,78240,2026-09-01
70255302325,2026-05-02,Stolen Property Offenses,PROPERTY,SOUTH,Stolen Property Offenses,78242,2026-09-01
53152981256,2023-11-25,Welfare Fraud,PROPERTY,SOUTH,Fraud Offenses,78242,2026-09-01
70906897728,2026-06-07,Kidnapping/Abduction,PERSON,EAST,Kidnapping/Abduction,78244,2026-09-01
68171725155,2026-01-14,Pornography/Obscene Material,SOCIETY,WEST,Pornography/Obscene Material,78245,2026-09-01
69296643274,2026-03-19,Theft From Coin-Operated Machine or Device,PROPERTY,WEST,Larceny/Theft Offenses,78245,2026-09-01
60924228478,2024-11-20,Animal Cruelty,SOCIETY,NORTH,Animal Cruelty,78247,2026-09-01
54973517307,2024-03-23,Hacking/Computer Invasion,PROPERTY,NORTH,Fraud Offenses,78247,2026-09-01
61180474233,2024-11-29,Pornography/Obscene Material,SOCIETY,NORTH,Pornography/Obscene Material,78247,2026-09-01
63235488566,2025-03-18,Hacking/Computer Invasion,PROPERTY,PRUE,Fraud Offenses,78248,2026-09-01
67818642409,2025-12-15,Stolen Property Offenses,PROPERTY,PRUE,Stolen Property Offenses,78248,2026-09-01
51297773150,2023-07-03,Wire Fraud,PROPERTY,PRUE,Fraud Offenses,78248,2026-09-01
60133654872,2024-10-19,Extortion/Blackmail,PROPERTY,PRUE,Extortion/Blackmail,78249,2026-09-01
67133822453,2025-11-01,Wire Fraud,PROPERTY,PRUE,Fraud Offenses,78249,2026-09-01
40663498323,2023-01-13,Fondling,PERSON,PRUE,"Sex Offenses, Forcible",78250,2026-09-01
62971975017,2025-03-02,Fondling,PERSON,PRUE,"Sex Offenses, Forcible",78250,2026-09-01
67179103541,2025-11-03,Fondling,PERSON,PRUE,"Sex Offenses, Forcible",78250,2026-09-01
67577971490,2025-11-28,Pornography/Obscene Material,SOCIETY,PRUE,Pornography/Obscene Material,78250,2026-09-01
49224186150,2023-04-21,Embezzlement,PROPERTY,WEST,Embezzlement,78251,2026-09-01
52346588328,2023-09-18,Wire Fraud,PROPERTY,WEST,Fraud Offenses,78251,2026-09-01
68537455164,2026-02-12,Pornography/Obscene Material,SOCIETY,PRUE,Pornography/Obscene Material,78255,2026-09-01
58702744983,2024-09-03,Arson,PROPERTY,PRUE,Arson,78257,2026-09-01
51886237374,2023-08-14,Wire Fraud,PROPERTY,NORTH,Fraud Offenses,78258,2026-09-01
53239304618,2023-11-28,Wire Fraud,PROPERTY,NORTH,Fraud Offenses,78258,2026-09-01
62813622477,2025-02-16,Wire Fraud,PROPERTY,NORTH,Fraud Offenses,78258,2026-09-01
62018041418,2024-12-26,Fondling,PERSON,NORTH,"Sex Offenses, Forcible",78259,2026-09-01
67440177571,2025-11-19,Fondling,PERSON,NORTH,"Sex Offenses, Forcible",78259,2026-09-01
67638482094,2025-12-02,Pornography/Obscene Material,SOCIETY,NORTH,Pornography/Obscene Material,78259,2026-09-01
53824809121,2024-01-18,Animal Cruelty,SOCIETY,WEST,Animal Cruelty,78201,2026-09-01
46234833435,2023-03-12,Wire Fraud,PROPERTY,WEST,Fraud Offenses,78201,2026-09-01
48860699709,2023-04-05,Wire Fraud,PROPERTY,WEST,Fraud Offenses,78201,2026-09-01
51518817258,2023-07-27,Prostitution,SOCIETY,EAST,Prostitution Offenses,78203,2026-09-01
66335398917,2025-10-01,Fondling,PERSON,DOWNTOWN,"Sex Offenses, Forcible",78204,2026-09-01
56016526127,2024-05-10,Pocket-picking,PROPERTY,CENTRAL,Larceny/Theft Offenses,78205,2026-09-01
69112027815,2026-03-07,Stolen Property Offenses,PROPERTY,DOWNTOWN,Stolen Property Offenses,78205,2026-09-01
40980430188,2023-01-20,Fondling,PERSON,CENTRAL,"Sex Offenses, Forcible",78207,2026-09-01
53883057139,2024-01-24,Fondling,PERSON,CENTRAL,"Sex Offenses, Forcible",78207,2026-09-01
68511568961,2026-02-11,Fondling,PERSON,CENTRAL,"Sex Offenses, Forcible",78207,2026-09-01
70157135002,2026-04-30,Fondling,PERSON,CENTRAL,"Sex Offenses, Forcible",78207,2026-09-01
70265705461,2026-05-03,Fondling,PERSON,DOWNTOWN,"Sex Offenses, Forcible",78207,2026-09-01
71316535671,2026-07-03,Kidnapping/Abduction,PERSON,CENTRAL,Kidnapping/Abduction,78207,2026-09-01
51003633780,2023-06-13,Murder & Nonnegligent Manslaughter,PERSON,CENTRAL,Homicide Offenses,78207,2026-09-01
61998055672,2024-12-24,Murder & Nonnegligent Manslaughter,PERSON,CENTRAL,Homicide Offenses,78207,2026-09-01
57469040847,2024-07-08,Pocket-picking,PROPERTY,CENTRAL,Larceny/Theft Offenses,78207,2026-09-01
69139219046,2026-03-09,Pornography/Obscene Material,SOCIETY,CENTRAL,Pornography/Obscene Material,78207,2026-09-01
51403750274,2023-07-16,Prostitution,SOCIETY,CENTRAL,Prostitution Offenses,78207,2026-09-01
67381572378,2025-11-16,Theft From Coin-Operated Machine or Device,PROPERTY,CENTRAL,Larceny/Theft Offenses,78207,2026-09-01
64886158126,2025-07-08,Welfare Fraud,PROPERTY,CENTRAL,Fraud Offenses,78207,2026-09-01
58263176646,2024-08-09,Wire Fraud,PROPERTY,DOWNTOWN,Fraud Offenses,78207,2026-09-01
60088805456,2024-10-17,Pornography/Obscene Material,SOCIETY,EAST,Pornography/Obscene Material,78208,2026-09-01
71744085798,2026-07-19,Animal Cruelty,SOCIETY,DOWNTOWN,Animal Cruelty,78209,2026-09-01
53074988451,2023-11-15,Embezzlement,PROPERTY,NORTH,Embezzlement,78209,2026-09-01
67523993425,2025-11-24,Stolen Property Offenses,PROPERTY,NORTH,Stolen Property Offenses,78209,2026-09-01
49324313829,2023-05-01,Animal Cruelty,SOCIETY,EAST,Animal Cruelty,78210,2026-09-01
49235658275,2023-04-23,Fondling,PERSON,EAST,"Sex Offenses, Forcible",78210,2026-09-01
51335060516,2023-07-08,Fondling,PERSON,EAST,"Sex Offenses, Forcible",78210,2026-09-01
47282874731,2023-03-22,Prostitution,SOCIETY,SOUTH,Prostitution Offenses,78210,2026-09-01
53379843831,2023-12-11,Sexual Assault With An Object,PERSON,CENTRAL,"Sex Offenses, Forcible",78210,2026-09-01
63676402156,2025-04-23,Stolen Property Offenses,PROPERTY,EAST,Stolen Property Offenses,78210,2026-09-01
50924452602,2023-06-02,Wire Fraud,PROPERTY,EAST,Fraud Offenses,78210,2026-09-01
63663179808,2025-04-22,Extortion/Blackmail,PROPERTY,SOUTH,Extortion/Blackmail,78211,2026-09-01
49240962581,2023-04-24,Fondling,PERSON,SOUTH,"Sex Offenses, Forcible",78211,2026-09-01
53848165925,2024-01-20,Pornography/Obscene Material,SOCIETY,SOUTH,Pornography/Obscene Material,78211,2026-09-01
54257886575,2024-02-19,Stolen Property Offenses,PROPERTY,SOUTH,Stolen Property Offenses,78211,2026-09-01
55428328549,2024-04-13,Wire Fraud,PROPERTY,SOUTH,Fraud Offenses,78211,2026-09-01
41797131299,2023-02-10,Fondling,PERSON,CENTRAL,"Sex Offenses, Forcible",78212,2026-09-01
63859145611,2025-05-06,Operating/Promoting/Assisting Gambling,SOCIETY,DOWNTOWN,Gambling Offenses,78212,2026-09-01
52015322152,2023-08-25,Sexual Assault With An Object,PERSON,NORTH,"Sex Offenses, Forcible",78213,2026-09-01
57923594242,2024-07-26,Theft From Coin-Operated Machine or Device,PROPERTY,CENTRAL,Larceny/Theft Offenses,78213,2026-09-01
54066092566,2024-02-06,Fondling,PERSON,NORTH,"Sex Offenses, Forcible",78216,2026-09-01
51112241129,2023-06-25,Pornography/Obscene Material,SOCIETY,NORTH,Pornography/Obscene Material,78216,2026-09-01
68445978547,2026-02-06,Welfare Fraud,PROPERTY,NORTH,Fraud Offenses,78216,2026-09-01
52807956365,2023-10-26,Wire Fraud,PROPERTY,NORTH,Fraud Offenses,78216,2026-09-01
67377466221,2025-11-15,Wire Fraud,PROPERTY,NORTH,Fraud Offenses,78216,2026-09-01
40909038669,2023-01-19,Prostitution,SOCIETY,NORTH,Prostitution Offenses,78217,2026-09-01
52016933151,2023-08-25,Stolen Property Offenses,PROPERTY,NORTH,Stolen Property Offenses,78217,2026-09-01
63119417714,2025-03-09,Fondling,PERSON,EAST,"Sex Offenses, Forcible",78218,2026-09-01
50971541597,2023-06-08,Impersonation,PROPERTY,EAST,Fraud Offenses,78218,2026-09-01
62030741262,2024-12-27,Pocket-picking,PROPERTY,EAST,Larceny/Theft Offenses,78218,2026-09-01
53341563538,2023-12-07,Prostitution,SOCIETY,EAST,Prostitution Offenses,78218,2026-09-01
64695490980,2025-06-26,Prostitution,SOCIETY,EAST,Prostitution Offenses,78218,2026-09-01
51095533533,2023-06-23,Sodomy,PERSON,EAST,"Sex Offenses, Forcible",78218,2026-09-01
54292492735,2024-02-20,Stolen Property Offenses,PROPERTY,EAST,Stolen Property Offenses,78218,2026-09-01
54103563419,2024-02-08,Wire Fraud,PROPERTY,EAST,Fraud Offenses,78218,2026-09-01
51067328771,2023-06-20,Fondling,PERSON,EAST,"Sex Offenses, Forcible",78219,2026-09-01
56630673425,2024-06-09,Sexual Assault With An Object,PERSON,EAST,"Sex Offenses, Forcible",78219,2026-09-01
63107602103,2025-03-08,Arson,PROPERTY,EAST,Arson,78220,2026-09-01
60517240230,2024-11-06,Embezzlement,PROPERTY,EAST,Embezzlement,78220,2026-09-01
67360708536,2025-11-14,Fondling,PERSON,EAST,"Sex Offenses, Forcible",78220,2026-09-01
70342701153,2026-05-07,Murder & Nonnegligent Manslaughter,PERSON,EAST,Homicide Offenses,78220,2026-09-01
49023374003,2023-04-14,Pornography/Obscene Material,SOCIETY,EAST,Pornography/Obscene Material,78220,2026-09-01
53746244822,2024-01-12,Sexual Assault With An Object,PERSON,EAST,"Sex Offenses, Forcible",78220,2026-09-01
46663606418,2023-03-16,Sodomy,PERSON,EAST,"Sex Offenses, Forcible",78220,2026-09-01
55649212891,2024-04-23,Wire Fraud,PROPERTY,EAST,Fraud Offenses,78220,2026-09-01
68631303648,2026-02-20,Wire Fraud,PROPERTY,EAST,Fraud Offenses,78220,2026-09-01
53375101601,2023-12-11,Fondling,PERSON,SOUTH,"Sex Offenses, Forcible",78221,2026-09-01
63661486979,2025-04-22,Fondling,PERSON,SOUTH,"Sex Offenses, Forcible",78221,2026-09-01
52837263961,2023-10-30,Theft From Coin-Operated Machine or Device,PROPERTY,SOUTH,Larceny/Theft Offenses,78221,2026-09-01
64530581724,2025-06-15,Fondling,PERSON,EAST,"Sex Offenses, Forcible",78222,2026-09-01
56403897690,2024-05-24,Embezzlement,PROPERTY,EAST,Embezzlement,78223,2026-09-01
49603402752,2023-05-12,Extortion/Blackmail,PROPERTY,SOUTH,Extortion/Blackmail,78223,2026-09-01
52291574932,2023-09-14,Fondling,PERSON,EAST,"Sex Offenses, Forcible",78223,2026-09-01
59595586670,2024-09-25,Kidnapping/Abduction,PERSON,SOUTH,Kidnapping/Abduction,78223,2026-09-01
65626520495,2025-08-27,Murder & Nonnegligent Manslaughter,PERSON,SOUTH,Homicide Offenses,78224,2026-09-01
65059740998,2025-07-22,Negligent Manslaughter,PERSON,SOUTH,Homicide Offenses,78224,2026-09-01
62984061412,2025-03-03,Stolen Property Offenses,PROPERTY,SOUTH,Stolen Property Offenses,78224,2026-09-01
70454511782,2026-05-14,Theft From Coin-Operated Machine or Device,PROPERTY,SOUTH,Larceny/Theft Offenses,78224,2026-09-01
70782214043,2026-05-28,Wire Fraud,PROPERTY,SOUTH,Fraud Offenses,78224,2026-09-01
53613878741,2024-01-02,Embezzlement,PROPERTY,SOUTH,Embezzlement,78225,2026-09-01
52304322490,2023-09-16,Pornography/Obscene Material,SOCIETY,SOUTH,Pornography/Obscene Material,78225,2026-09-01
66383196617,2025-10-06,Wire Fraud,PROPERTY,SOUTH,Fraud Offenses,78225,2026-09-01
72509961605,2026-08-29,Kidnapping/Abduction,PERSON,WEST,Kidnapping/Abduction,78227,2026-09-01
38991966615,2023-01-09,Sexual Assault With An Object,PERSON,WEST,"Sex Offenses, Forcible",78227,2026-09-01
55982988762,2024-05-07,Theft From Coin-Operated Machine or Device,PROPERTY,WEST,Larceny/Theft Offenses,78227,2026-09-01
60084690185,2024-10-17,Wire Fraud,PROPERTY,WEST,Fraud Offenses,78227,2026-09-01
65734828103,2025-09-05,Wire Fraud,PROPERTY,WEST,Fraud Offenses,78227,2026-09-01
53446576689,2024-01-11,Arson,PROPERTY,CENTRAL,Arson,78228,2026-09-01
49107340677,2023-04-18,Embezzlement,PROPERTY,WEST,Embezzlement,78228,2026-09-01
60999114847,2024-11-26,Fondling,PERSON,WEST,"Sex Offenses, Forcible",78228,2026-09-01
57248004207,2024-07-02,Kidnapping/Abduction,PERSON,WEST,Kidnapping/Abduction,78228,2026-09-01
53998821132,2024-03-04,Pornography/Obscene Material,SOCIETY,WEST,Pornography/Obscene Material,78228,2026-09-01
48536428777,2023-04-02,Sexual Assault With An Object,PERSON,WEST,"Sex Offenses, Forcible",78228,2026-09-01
54693818489,2024-03-12,Theft From Coin-Operated Machine or Device,PROPERTY,WEST,Larceny/Theft Offenses,78228,2026-09-01
69786055017,2026-04-21,Fondling,PERSON,PRUE,"Sex Offenses, Forcible",78229,2026-09-01
52799931479,2023-10-25,Impersonation,PROPERTY,PRUE,Fraud Offenses,78229,2026-09-01
54067815433,2024-02-06,Impersonation,PROPERTY,PRUE,Fraud Offenses,78229,2026-09-01
54677669830,2024-03-12,Pornography/Obscene Material,SOCIETY,PRUE,Pornography/Obscene Material,78229,2026-09-01
68213556229,2026-01-17,Pornography/Obscene Material,SOCIETY,PRUE,Pornography/Obscene Material,78229,2026-09-01
62425334219,2025-01-24,Prostitution,SOCIETY,PRUE,Prostitution Offenses,78229,2026-09-01
53680227473,2024-01-09,Stolen Property Offenses,PROPERTY,PRUE,Stolen Property Offenses,78229,2026-09-01
71179437845,2026-06-26,Stolen Property Offenses,PROPERTY,PRUE,Stolen Property Offenses,78229,2026-09-01
60163824727,2024-10-22,Arson,PROPERTY,PRUE,Arson,78230,2026-09-01
64323027131,2025-06-04,Arson,PROPERTY,PRUE,Arson,78230,2026-09-01
70456494678,2026-05-14,Prostitution,SOCIETY,PRUE,Prostitution Offenses,78230,2026-09-01
53446192610,2023-12-18,Sexual Assault With An Object,PERSON,PRUE,"Sex Offenses, Forcible",78231,2026-09-01
56111484502,2024-05-17,Fondling,PERSON,NORTH,"Sex Offenses, Forcible",78232,2026-09-01
62388429526,2025-01-21,Impersonation,PROPERTY,NORTH,Fraud Offenses,78232,2026-09-01
51792465715,2023-08-11,Pornography/Obscene Material,SOCIETY,NORTH,Pornography/Obscene Material,78232,2026-09-01
55456886272,2024-04-14,Pornography/Obscene Material,SOCIETY,NORTH,Pornography/Obscene Material,78232,2026-09-01
69288628538,2026-03-18,Wire Fraud,PROPERTY,NORTH,Fraud Offenses,78232,2026-09-01
53725882087,2024-01-11,Pornography/Obscene Material,SOCIETY,NORTH,Pornography/Obscene Material,78233,2026-09-01
49222154914,2023-04-21,Prostitution,SOCIETY,NORTH,Prostitution Offenses,78233,2026-09-01
56261665239,2024-05-21,Embezzlement,PROPERTY,WEST,Embezzlement,78237,2026-09-01
53379461102,2023-12-11,Murder & Nonnegligent Manslaughter,PERSON,SOUTH,Homicide Offenses,78237,2026-09-01
60379973565,2024-11-03,Theft From Coin-Operated Machine or Device,PROPERTY,SOUTH,Larceny/Theft Offenses,78237,2026-09-01
68165293129,2026-01-13,Pornography/Obscene Material,SOCIETY,WEST,Pornography/Obscene Material,78238,2026-09-01
65031852329,2025-07-20,Theft From Coin-Operated Machine or Device,PROPERTY,WEST,Larceny/Theft Offenses,78238,2026-09-01
52942353336,2023-11-08,Wire Fraud,PROPERTY,WEST,Fraud Offenses,78238,2026-09-01
72194761369,2026-08-13,Embezzlement,PROPERTY,NORTH,Embezzlement,78239,2026-09-01
51552176510,2023-07-30,Extortion/Blackmail,PROPERTY,PRUE,Extortion/Blackmail,78240,2026-09-01
49395921878,2023-05-10,Fondling,PERSON,PRUE,"Sex Offenses, Forcible",78240,2026-09-01
69169328913,2026-03-11,Pocket-picking,PROPERTY,PRUE,Larceny/Theft Offenses,78240,2026-09-01
65533528197,2025-08-20,Pornography/Obscene Material,SOCIETY,PRUE,Pornography/Obscene Material,78240,2026-09-01
66832072319,2025-10-21,Pornography/Obscene Material,SOCIETY,SOUTH,Pornography/Obscene Material,78242,2026-09-01
53010755048,2023-11-12,Sexual Assault With An Object,PERSON,SOUTH,"Sex Offenses, Forcible",78242,2026-09-01
58430342319,2024-08-16,Pornography/Obscene Material,SOCIETY,EAST,Pornography/Obscene Material,78244,2026-09-01
52369390140,2023-09-20,Stolen Property Offenses,PROPERTY,EAST,Stolen Property Offenses,78244,2026-09-01
65952528846,2025-09-09,Wire Fraud,PROPERTY,WEST,Fraud Offenses,78245,2026-09-01
60892604387,2024-11-19,Impersonation,PROPERTY,NORTH,Fraud Offenses,78247,2026-09-01
71463039117,2026-07-07,Pornography/Obscene Material,SOCIETY,NORTH,Pornography/Obscene Material,78247,2026-09-01
68064214265,2026-01-05,Pornography/Obscene Material,SOCIETY,PRUE,Pornography/Obscene Material,78249,2026-09-01
58419191445,2024-08-15,Wire Fraud,PROPERTY,PRUE,Fraud Offenses,78249,2026-09-01
49801426657,2023-05-16,Embezzlement,PROPERTY,PRUE,Embezzlement,78250,2026-09-01
65973927607,2025-09-10,Embezzlement,PROPERTY,PRUE,Embezzlement,78250,2026-09-01
61401739155,2024-12-04,Impersonation,PROPERTY,PRUE,Fraud Offenses,78250,2026-09-01
68103862069,2026-01-08,Wire Fraud,PROPERTY,PRUE,Fraud Offenses,78250,2026-09-01
71057964032,2026-06-18,Wire Fraud,PROPERTY,PRUE,Fraud Offenses,78250,2026-09-01
66398956091,2025-10-07,Animal Cruelty,SOCIETY,WEST,Animal Cruelty,78251,2026-09-01
65626222297,2025-08-27,Pornography/Obscene Material,SOCIETY,WEST,Pornography/Obscene Material,78251,2026-09-01
66335941958,2025-10-01,Pornography/Obscene Material,SOCIETY,WEST,Pornography/Obscene Material,78251,2026-09-01
59637932477,2024-09-27,Wire Fraud,PROPERTY,WEST,Fraud Offenses,78251,2026-09-01
65740568004,2025-09-06,Fondling,PERSON,SOUTH,"Sex Offenses, Forcible",78252,2026-09-01
55211882884,2024-04-05,Pornography/Obscene Material,SOCIETY,SOUTH,Pornography/Obscene Material,78252,2026-09-01
68248210934,2026-01-20,Pornography/Obscene Material,SOCIETY,SOUTH,Pornography/Obscene Material,78252,2026-09-01
51789070451,2023-08-11,Fondling,PERSON,WEST,"Sex Offenses, Forcible",78253,2026-09-01
46768771139,2023-03-18,"Human Trafficking, Commercial Sex Acts",PERSON,PRUE,Human Trafficking,78256,2026-09-01
67814894192,2025-12-17,Pornography/Obscene Material,SOCIETY,PRUE,Pornography/Obscene Material,78256,2026-09-01
41412983599,2023-02-02,Wire Fraud,PROPERTY,PRUE,Fraud Offenses,78257,2026-09-01
57017969077,2024-06-21,Wire Fraud,PROPERTY,PRUE,Fraud Offenses,78257,2026-09-01
58509043635,2024-08-23,Pornography/Obscene Material,SOCIETY,NORTH,Pornography/Obscene Material,78258,2026-09-01
52007763786,2023-08-28,Sodomy,PERSON,NORTH,"Sex Offenses, Forcible",78258,2026-09-01
44646776757,2023-03-02,Wire Fraud,PROPERTY,NORTH,Fraud Offenses,78258,2026-09-01
52301594424,2023-09-15,Wire Fraud,PROPERTY,NORTH,Fraud Offenses,78258,2026-09-01
59994510848,2024-10-10,Wire Fraud,PROPERTY,NORTH,Fraud Offenses,78258,2026-09-01
55682785406,2024-04-25,Hacking/Computer Invasion,PROPERTY,NORTH,Fraud Offenses,78260,2026-09-01
66866596816,2025-10-24,Fondling,PERSON,EAST,"Sex Offenses, Forcible",Out of Jurisdiction,2026-09-01
53609480826,2024-01-01,Pornography/Obscene Material,SOCIETY,SOUTH,Pornography/Obscene Material,Out of Jurisdiction,2026-09-01
70831192670,2026-06-01,Wire Fraud,PROPERTY,PRUE,Fraud Offenses,Out of Jurisdiction,2026-09-01
64696654765,2025-06-26,Fondling,PERSON,WEST,"Sex Offenses, Forcible",78201,2026-09-01
60780637700,2024-11-10,Prostitution,SOCIETY,WEST,Prostitution Offenses,78201,2026-09-01
51021709942,2023-06-15,Sexual Assault With An Object,PERSON,WEST,"Sex Offenses, Forcible",78201,2026-09-01
69196072360,2026-03-12,Wire Fraud,PROPERTY,WEST,Fraud Offenses,78201,2026-09-01
62261601840,2025-01-14,Fondling,PERSON,EAST,"Sex Offenses, Forcible",78202,2026-09-01
52878647473,2023-11-02,Stolen Property Offenses,PROPERTY,EAST,Stolen Property Offenses,78202,2026-09-01
52878717143,2023-11-02,Stolen Property Offenses,PROPERTY,EAST,Stolen Property Offenses,78202,2026-09-01
51329417718,2023-11-05,Arson,PROPERTY,EAST,Arson,78203,2026-09-01
56111603297,2024-05-17,Embezzlement,PROPERTY,CENTRAL,Embezzlement,78204,2026-09-01
42798206363,2023-02-20,Stolen Property Offenses,PROPERTY,CENTRAL,Stolen Property Offenses,78204,2026-09-01
68008027785,2026-01-01,Arson,PROPERTY,DOWNTOWN,Arson,78205,2026-09-01
55059457669,2024-03-29,Fondling,PERSON,CENTRAL,"Sex Offenses, Forcible",78205,2026-09-01
52517767471,2023-10-05,Kidnapping/Abduction,PERSON,CENTRAL,Kidnapping/Abduction,78205,2026-09-01
61421295434,2024-12-06,Pornography/Obscene Material,SOCIETY,DOWNTOWN,Pornography/Obscene Material,78205,2026-09-01
52032942256,2023-08-27,Arson,PROPERTY,CENTRAL,Arson,78207,2026-09-01
55005253704,2024-03-26,Bribery,PROPERTY,CENTRAL,Bribery,78207,2026-09-01
61923918107,2024-12-19,Fondling,PERSON,CENTRAL,"Sex Offenses, Forcible",78207,2026-09-01
62438142246,2025-01-25,Fondling,PERSON,CENTRAL,"Sex Offenses, Forcible",78207,2026-09-01
67670756534,2025-12-04,Fondling,PERSON,DOWNTOWN,"Sex Offenses, Forcible",78207,2026-09-01
65480708308,2025-08-16,Murder & Nonnegligent Manslaughter,PERSON,CENTRAL,Homicide Offenses,78207,2026-09-01
53143812230,2023-11-23,Pornography/Obscene Material,SOCIETY,CENTRAL,Pornography/Obscene Material,78207,2026-09-01
54601733261,2024-03-06,Pornography/Obscene Material,SOCIETY,CENTRAL,Pornography/Obscene Material,78207,2026-09-01
51113944002,2023-06-25,Prostitution,SOCIETY,CENTRAL,Prostitution Offenses,78207,2026-09-01
68274345843,2026-01-22,Prostitution,SOCIETY,CENTRAL,Prostitution Offenses,78207,2026-09-01
55343817810,2024-04-10,Wire Fraud,PROPERTY,CENTRAL,Fraud Offenses,78207,2026-09-01
70949513104,2026-06-10,Wire Fraud,PROPERTY,DOWNTOWN,Fraud Offenses,78207,2026-09-01
51795007789,2023-08-11,Kidnapping/Abduction,PERSON,EAST,Kidnapping/Abduction,78208,2026-09-01
52807484161,2023-10-26,Embezzlement,PROPERTY,NORTH,Embezzlement,78209,2026-09-01
66767229212,2025-10-17,Fondling,PERSON,NORTH,"Sex Offenses, Forcible",78209,2026-09-01
45004800820,2023-03-05,Wire Fraud,PROPERTY,NORTH,Fraud Offenses,78209,2026-09-01
52491053308,2023-10-02,Wire Fraud,PROPERTY,NORTH,Fraud Offenses,78209,2026-09-01
58329958518,2025-01-21,Fondling,PERSON,EAST,"Sex Offenses, Forcible",78210,2026-09-01
64306778205,2025-06-03,Fondling,PERSON,EAST,"Sex Offenses, Forcible",78210,2026-09-01
62304316398,2025-01-17,Stolen Property Offenses,PROPERTY,DOWNTOWN,Stolen Property Offenses,78210,2026-09-01
50453585330,2023-05-31,Wire Fraud,PROPERTY,CENTRAL,Fraud Offenses,78210,2026-09-01
52049400263,2023-08-29,Wire Fraud,PROPERTY,EAST,Fraud Offenses,78210,2026-09-01
40593068319,2023-01-17,Arson,PROPERTY,SOUTH,Arson,78211,2026-09-01
66366580614,2025-10-04,Wire Fraud,PROPERTY,SOUTH,Fraud Offenses,78211,2026-09-01
41048720369,2023-01-22,Stolen Property Offenses,PROPERTY,CENTRAL,Stolen Property Offenses,78213,2026-09-01
69783363609,2026-04-21,Wire Fraud,PROPERTY,NORTH,Fraud Offenses,78213,2026-09-01
70869834273,2026-06-05,Pornography/Obscene Material,SOCIETY,SOUTH,Pornography/Obscene Material,78214,2026-09-01
64155548689,2025-05-27,Wire Fraud,PROPERTY,SOUTH,Fraud Offenses,78214,2026-09-01
49319086639,2023-05-01,Welfare Fraud,PROPERTY,NORTH,Fraud Offenses,78216,2026-09-01
62762534082,2025-02-13,Wire Fraud,PROPERTY,NORTH,Fraud Offenses,78216,2026-09-01
72275417413,2026-08-18,Impersonation,PROPERTY,NORTH,Fraud Offenses,78217,2026-09-01
51888081444,2023-08-14,Wire Fraud,PROPERTY,NORTH,Fraud Offenses,78217,2026-09-01
52756022203,2023-10-22,Wire Fraud,PROPERTY,NORTH,Fraud Offenses,78217,2026-09-01
53296645861,2023-12-11,Arson,PROPERTY,EAST,Arson,78218,2026-09-01
54058973348,2024-02-06,Fondling,PERSON,EAST,"Sex Offenses, Forcible",78218,2026-09-01
44058329672,2023-02-28,"Human Trafficking, Commercial Sex Acts",PERSON,EAST,Human Trafficking,78218,2026-09-01
56411106002,2024-05-25,Sexual Assault With An Object,PERSON,EAST,"Sex Offenses, Forcible",78218,2026-09-01
45199508253,2023-03-08,Stolen Property Offenses,PROPERTY,NORTH,Stolen Property Offenses,78218,2026-09-01
49294799879,2023-04-28,Impersonation,PROPERTY,EAST,Fraud Offenses,78219,2026-09-01
61754492391,2024-12-13,Pornography/Obscene Material,SOCIETY,EAST,Pornography/Obscene Material,78219,2026-09-01
64509232823,2025-06-13,Pornography/Obscene Material,SOCIETY,EAST,Pornography/Obscene Material,78219,2026-09-01
68503530752,2026-02-10,Pornography/Obscene Material,SOCIETY,EAST,Pornography/Obscene Material,78219,2026-09-01
68504705196,2026-02-10,Pornography/Obscene Material,SOCIETY,EAST,Pornography/Obscene Material,78219,2026-09-01
49371779464,2023-05-08,Fondling,PERSON,EAST,"Sex Offenses, Forcible",78220,2026-09-01
67797695253,2025-12-14,Fondling,PERSON,EAST,"Sex Offenses, Forcible",78220,2026-09-01
63617364873,2025-04-17,"Human Trafficking, Commercial Sex Acts",PERSON,EAST,Human Trafficking,78220,2026-09-01
57770426728,2024-07-19,Arson,PROPERTY,SOUTH,Arson,78221,2026-09-01
70325673444,2026-05-06,Impersonation,PROPERTY,EAST,Fraud Offenses,78222,2026-09-01
53841124740,2024-01-20,Pornography/Obscene Material,SOCIETY,EAST,Pornography/Obscene Material,78222,2026-09-01
48426276103,2023-04-01,Arson,PROPERTY,SOUTH,Arson,78223,2026-09-01
66408676774,2025-10-09,Embezzlement,PROPERTY,SOUTH,Embezzlement,78223,2026-09-01
41210465347,2023-01-26,Fondling,PERSON,EAST,"Sex Offenses, Forcible",78223,2026-09-01
51358412218,2023-07-11,Fondling,PERSON,EAST,"Sex Offenses, Forcible",78223,2026-09-01
51526695195,2023-07-27,Fondling,PERSON,SOUTH,"Sex Offenses, Forcible",78223,2026-09-01
62355656843,2025-01-20,Fondling,PERSON,SOUTH,"Sex Offenses, Forcible",78223,2026-09-01
70492495004,2026-05-16,Impersonation,PROPERTY,SOUTH,Fraud Offenses,78223,2026-09-01
50870170931,2023-06-02,Kidnapping/Abduction,PERSON,SOUTH,Kidnapping/Abduction,78223,2026-09-01
52350659874,2023-09-18,Stolen Property Offenses,PROPERTY,SOUTH,Stolen Property Offenses,78223,2026-09-01
69433954342,2026-03-27,Wire Fraud,PROPERTY,EAST,Fraud Offenses,78223,2026-09-01
63378140109,2025-03-28,Gambling Equipment Violation,SOCIETY,SOUTH,Gambling Offenses,78224,2026-09-01
66147532817,2025-09-20,Pornography/Obscene Material,SOCIETY,SOUTH,Pornography/Obscene Material,78224,2026-09-01
55669004972,2024-04-24,Pornography/Obscene Material,SOCIETY,SOUTH,Pornography/Obscene Material,78225,2026-09-01
51822318956,2023-08-13,Animal Cruelty,SOCIETY,WEST,Animal Cruelty,78227,2026-09-01
65669941109,2025-08-31,Embezzlement,PROPERTY,SOUTH,Embezzlement,78227,2026-09-01
68033486450,2026-01-03,Embezzlement,PROPERTY,SOUTH,Embezzlement,78227,2026-09-01
53088720419,2023-11-16,Fondling,PERSON,WEST,"Sex Offenses, Forcible",78227,2026-09-01
45275843311,2023-03-08,Stolen Property Offenses,PROPERTY,SOUTH,Stolen Property Offenses,78227,2026-09-01
64606991299,2025-06-21,Theft From Coin-Operated Machine or Device,PROPERTY,WEST,Larceny/Theft Offenses,78227,2026-09-01
62770991489,2025-02-14,Pornography/Obscene Material,SOCIETY,WEST,Pornography/Obscene Material,78228,2026-09-01
63524287899,2025-04-10,Pornography/Obscene Material,SOCIETY,WEST,Pornography/Obscene Material,78228,2026-09-01
65460938202,2025-08-14,Stolen Property Offenses,PROPERTY,PRUE,Stolen Property Offenses,78229,2026-09-01
71021471069,2026-06-16,Stolen Property Offenses,PROPERTY,PRUE,Stolen Property Offenses,78229,2026-09-01
53874801754,2024-01-23,Wire Fraud,PROPERTY,PRUE,Fraud Offenses,78229,2026-09-01
62665318459,2025-02-07,Assisting or Promoting Prostitution,SOCIETY,PRUE,Prostitution Offenses,78230,2026-09-01
46455224673,2023-03-14,Fondling,PERSON,PRUE,"Sex Offenses, Forcible",78230,2026-09-01
68152533312,2026-01-12,Pornography/Obscene Material,SOCIETY,PRUE,Pornography/Obscene Material,78230,2026-09-01
62665080417,2025-02-07,Prostitution,SOCIETY,PRUE,Prostitution Offenses,78230,2026-09-01
52188665285,2023-09-04,Stolen Property Offenses,PROPERTY,PRUE,Stolen Property Offenses,78230,2026-09-01
54227393335,2024-02-17,Stolen Property Offenses,PROPERTY,PRUE,Stolen Property Offenses,78230,2026-09-01
53948073117,2024-01-29,Wire Fraud,PROPERTY,NORTH,Fraud Offenses,78232,2026-09-01
62997955211,2025-03-04,Wire Fraud,PROPERTY,NORTH,Fraud Offenses,78232,2026-09-01
68035208172,2026-01-03,Embezzlement,PROPERTY,NORTH,Embezzlement,78233,2026-09-01
69516564600,2026-04-03,Embezzlement,PROPERTY,NORTH,Embezzlement,78233,2026-09-01
45551424795,2023-03-09,Fondling,PERSON,NORTH,"Sex Offenses, Forcible",78233,2026-09-01
51455631746,2023-07-22,Pornography/Obscene Material,SOCIETY,NORTH,Pornography/Obscene Material,78233,2026-09-01
68694047410,2026-02-24,Pornography/Obscene Material,SOCIETY,NORTH,Pornography/Obscene Material,78233,2026-09-01
67972500250,2025-12-29,Pornography/Obscene Material,SOCIETY,EAST,Pornography/Obscene Material,78234,2026-09-01
52594520163,2023-10-15,Fondling,PERSON,SOUTH,"Sex Offenses, Forcible",78235,2026-09-01
49177549022,2023-04-19,Embezzlement,PROPERTY,SOUTH,Embezzlement,78237,2026-09-01
69987981736,2026-04-29,Purchasing Prostitution,SOCIETY,WEST,Prostitution Offenses,78237,2026-09-01
53560192826,2023-12-26,Sodomy,PERSON,WEST,"Sex Offenses, Forcible",78237,2026-09-01
60998869800,2024-11-26,Wire Fraud,PROPERTY,WEST,Fraud Offenses,78237,2026-09-01
58269905809,2024-08-09,Fondling,PERSON,WEST,"Sex Offenses, Forcible",78238,2026-09-01
68418778824,2026-02-05,Fondling,PERSON,WEST,"Sex Offenses, Forcible",78238,2026-09-01
72058547697,2026-08-08,Fondling,PERSON,WEST,"Sex Offenses, Forcible",78238,2026-09-01
43268394661,2023-02-24,Stolen Property Offenses,PROPERTY,WEST,Stolen Property Offenses,78238,2026-09-01
49787610834,2023-05-15,Theft From Coin-Operated Machine or Device,PROPERTY,EAST,Larceny/Theft Offenses,78239,2026-09-01
68726142892,2026-02-27,Extortion/Blackmail,PROPERTY,PRUE,Extortion/Blackmail,78240,2026-09-01
71851721857,2026-07-25,Fondling,PERSON,PRUE,"Sex Offenses, Forcible",78240,2026-09-01
59982456784,2024-10-09,Pornography/Obscene Material,SOCIETY,PRUE,Pornography/Obscene Material,78240,2026-09-01
51936559520,2023-08-18,Wire Fraud,PROPERTY,PRUE,Fraud Offenses,78240,2026-09-01
49402039338,2023-08-03,Fondling,PERSON,SOUTH,"Sex Offenses, Forcible",78242,2026-09-01
65710244982,2025-09-03,Impersonation,PROPERTY,WEST,Fraud Offenses,78245,2026-09-01
53653146420,2024-01-05,Sexual Assault With An Object,PERSON,WEST,"Sex Offenses, Forcible",78245,2026-09-01
42500232773,2023-02-16,Wire Fraud,PROPERTY,WEST,Fraud Offenses,78245,2026-09-01
72415819988,2026-08-24,Kidnapping/Abduction,PERSON,NORTH,Kidnapping/Abduction,78247,2026-09-01
55291900211,2024-04-09,Pornography/Obscene Material,SOCIETY,NORTH,Pornography/Obscene Material,78247,2026-09-01
65228559749,2025-08-01,Pornography/Obscene Material,SOCIETY,NORTH,Pornography/Obscene Material,78247,2026-09-01
69603970220,2026-04-09,Embezzlement,PROPERTY,PRUE,Embezzlement,78248,2026-09-01
62759296505,2025-02-13,Fondling,PERSON,PRUE,"Sex Offenses, Forcible",78249,2026-09-01
72471831493,2026-08-27,Hacking/Computer Invasion,PROPERTY,PRUE,Fraud Offenses,78249,2026-09-01
54305531730,2024-02-21,Negligent Manslaughter,PERSON,PRUE,Homicide Offenses,78249,2026-09-01
53043252639,2023-11-14,Pornography/Obscene Material,SOCIETY,PRUE,Pornography/Obscene Material,78249,2026-09-01
62250549091,2025-01-13,Pornography/Obscene Material,SOCIETY,PRUE,Pornography/Obscene Material,78249,2026-09-01
63643146932,2025-04-20,Theft From Coin-Operated Machine or Device,PROPERTY,PRUE,Larceny/Theft Offenses,78249,2026-09-01
67302042506,2025-11-10,Wire Fraud,PROPERTY,PRUE,Fraud Offenses,78249,2026-09-01
62018770047,2024-12-26,Wire Fraud,PROPERTY,PRUE,Fraud Offenses,78250,2026-09-01
51709226468,2023-08-05,Extortion/Blackmail,PROPERTY,WEST,Extortion/Blackmail,78251,2026-09-01
63877350838,2025-05-08,Fondling,PERSON,WEST,"Sex Offenses, Forcible",78251,2026-09-01
55720932620,2024-04-29,Pocket-picking,PROPERTY,WEST,Larceny/Theft Offenses,78251,2026-09-01
50048943416,2023-05-22,Pornography/Obscene Material,SOCIETY,WEST,Pornography/Obscene Material,78251,2026-09-01
63602424912,2025-04-16,Pornography/Obscene Material,SOCIETY,WEST,Pornography/Obscene Material,78251,2026-09-01
53841707076,2024-01-20,Sexual Assault With An Object,PERSON,WEST,"Sex Offenses, Forcible",78251,2026-09-01
65462091178,2025-08-14,Wire Fraud,PROPERTY,WEST,Fraud Offenses,78251,2026-09-01
63643351641,2025-04-20,Stolen Property Offenses,PROPERTY,WEST,Stolen Property Offenses,78253,2026-09-01
54300661378,2024-02-21,Theft From Coin-Operated Machine or Device,PROPERTY,WEST,Larceny/Theft Offenses,78253,2026-09-01
63499169143,2025-04-07,Pocket-picking,PROPERTY,PRUE,Larceny/Theft Offenses,78254,2026-09-01
57881812394,2024-07-23,Wire Fraud,PROPERTY,PRUE,Fraud Offenses,78254,2026-09-01
58416749364,2024-08-15,Wire Fraud,PROPERTY,PRUE,Fraud Offenses,78254,2026-09-01
68722269318,2026-02-26,Wire Fraud,PROPERTY,PRUE,Fraud Offenses,78254,2026-09-01
71514275787,2026-07-08,Wire Fraud,PROPERTY,PRUE,Fraud Offenses,78257,2026-09-01
51646494057,2023-08-01,Impersonation,PROPERTY,NORTH,Fraud Offenses,78258,2026-09-01
67928254142,2025-12-25,Pornography/Obscene Material,SOCIETY,NORTH,Pornography/Obscene Material,78258,2026-09-01
70661132905,2026-05-25,Pornography/Obscene Material,SOCIETY,NORTH,Pornography/Obscene Material,78258,2026-09-01
49097456310,2023-04-17,Sexual Assault With An Object,PERSON,NORTH,"Sex Offenses, Forcible",78258,2026-09-01
52272659187,2023-09-12,Sodomy,PERSON,NORTH,"Sex Offenses, Forcible",78258,2026-09-01
57993327036,2024-07-31,Wire Fraud,PROPERTY,NORTH,Fraud Offenses,78258,2026-09-01
55161933362,2024-04-03,Sexual Assault With An Object,PERSON,NORTH,"Sex Offenses, Forcible",78259,2026-09-01
58459824375,2024-08-19,Wire Fraud,PROPERTY,NORTH,Fraud Offenses,78259,2026-09-01
68368463289,2026-01-31,Animal Cruelty,SOCIETY,EAST,Animal Cruelty,Out of Jurisdiction,2026-09-01
68033279723,2026-01-05,Kidnapping/Abduction,PERSON,PRUE,Kidnapping/Abduction,Out of Jurisdiction,2026-09-01
40969111808,2023-01-20,Murder & Nonnegligent Manslaughter,PERSON,EAST,Homicide Offenses,Out of Jurisdiction,2026-09-01
62692481381,2025-02-09,Negligent Manslaughter,PERSON,WEST,Homicide Offenses,78201,2026-09-01
63581698864,2025-04-14,Purchasing Prostitution,SOCIETY,CENTRAL,Prostitution Offenses,78201,2026-09-01
51121323773,2023-06-26,Prostitution,SOCIETY,EAST,Prostitution Offenses,78202,2026-09-01
66918014708,2025-10-29,Stolen Property Offenses,PROPERTY,EAST,Stolen Property Offenses,78202,2026-09-01
49223759599,2023-04-21,Fondling,PERSON,EAST,"Sex Offenses, Forcible",78203,2026-09-01
52507655532,2023-10-04,Fondling,PERSON,CENTRAL,"Sex Offenses, Forcible",78205,2026-09-01
70359722499,2026-05-08,Stolen Property Offenses,PROPERTY,DOWNTOWN,Stolen Property Offenses,78205,2026-09-01
56060574954,2024-06-14,Arson,PROPERTY,CENTRAL,Arson,78207,2026-09-01
52198082009,2023-09-05,Extortion/Blackmail,PROPERTY,CENTRAL,Extortion/Blackmail,78207,2026-09-01
40566022959,2023-01-12,Murder & Nonnegligent Manslaughter,PERSON,CENTRAL,Homicide Offenses,78207,2026-09-01
53111774900,2023-11-19,Pornography/Obscene Material,SOCIETY,CENTRAL,Pornography/Obscene Material,78207,2026-09-01
55056750309,2024-03-28,Pornography/Obscene Material,SOCIETY,CENTRAL,Pornography/Obscene Material,78207,2026-09-01
69194413485,2026-03-12,Prostitution,SOCIETY,CENTRAL,Prostitution Offenses,78207,2026-09-01
54158804398,2024-02-14,Sodomy,PERSON,CENTRAL,"Sex Offenses, Forcible",78207,2026-09-01
53342322931,2023-12-07,Stolen Property Offenses,PROPERTY,CENTRAL,Stolen Property Offenses,78207,2026-09-01
61391068321,2024-12-03,Wire Fraud,PROPERTY,CENTRAL,Fraud Offenses,78207,2026-09-01
69662006745,2026-04-13,Embezzlement,PROPERTY,NORTH,Embezzlement,78209,2026-09-01
71566340150,2026-07-11,Arson,PROPERTY,SOUTH,Arson,78210,2026-09-01
59616618845,2024-09-25,Fondling,PERSON,EAST,"Sex Offenses, Forcible",78210,2026-09-01
62594058288,2025-02-03,Fondling,PERSON,SOUTH,"Sex Offenses, Forcible",78211,2026-09-01
58463164717,2024-08-19,Welfare Fraud,PROPERTY,SOUTH,Fraud Offenses,78211,2026-09-01
65732456091,2025-09-05,Fondling,PERSON,DOWNTOWN,"Sex Offenses, Forcible",78212,2026-09-01
65252777228,2025-08-04,Stolen Property Offenses,PROPERTY,DOWNTOWN,Stolen Property Offenses,78212,2026-09-01
63510967483,2025-04-08,Fondling,PERSON,NORTH,"Sex Offenses, Forcible",78213,2026-09-01
55049478566,2024-06-20,Impersonation,PROPERTY,NORTH,Fraud Offenses,78213,2026-09-01
69470739900,2026-03-30,Pornography/Obscene Material,SOCIETY,CENTRAL,Pornography/Obscene Material,78213,2026-09-01
53316021897,2023-12-06,Prostitution,SOCIETY,CENTRAL,Prostitution Offenses,78213,2026-09-01
55983416317,2024-05-07,Theft From Coin-Operated Machine or Device,PROPERTY,CENTRAL,Larceny/Theft Offenses,78213,2026-09-01
52055339789,2023-08-29,Arson,PROPERTY,SOUTH,Arson,78214,2026-09-01
67533455491,2025-11-25,Wire Fraud,PROPERTY,SOUTH,Fraud Offenses,78214,2026-09-01
67915705813,2025-12-23,Embezzlement,PROPERTY,NORTH,Embezzlement,78216,2026-09-01
56238449011,2024-05-21,Negligent Manslaughter,PERSON,NORTH,Homicide Offenses,78216,2026-09-01
52770627985,2023-10-23,Stolen Property Offenses,PROPERTY,NORTH,Stolen Property Offenses,78216,2026-09-01
70420700491,2026-05-12,Wire Fraud,PROPERTY,PRUE,Fraud Offenses,78216,2026-09-01
51476459029,2023-07-23,Extortion/Blackmail,PROPERTY,NORTH,Extortion/Blackmail,78217,2026-09-01
67775948860,2025-12-12,Pornography/Obscene Material,SOCIETY,NORTH,Pornography/Obscene Material,78217,2026-09-01
63916394966,2025-05-09,Wire Fraud,PROPERTY,NORTH,Fraud Offenses,78217,2026-09-01
46562827149,2023-03-15,Fondling,PERSON,EAST,"Sex Offenses, Forcible",78218,2026-09-01
64267932872,2025-05-31,Fondling,PERSON,NORTH,"Sex Offenses, Forcible",78218,2026-09-01
51638341529,2023-08-01,"Human Trafficking, Commercial Sex Acts",PERSON,EAST,Human Trafficking,78218,2026-09-01
50448465360,2023-05-30,Kidnapping/Abduction,PERSON,EAST,Kidnapping/Abduction,78218,2026-09-01
63565752109,2025-04-13,Pornography/Obscene Material,SOCIETY,EAST,Pornography/Obscene Material,78218,2026-09-01
49071044433,2023-04-17,Purse-snatching,PROPERTY,EAST,Larceny/Theft Offenses,78218,2026-09-01
69857062291,2026-04-27,Stolen Property Offenses,PROPERTY,EAST,Stolen Property Offenses,78218,2026-09-01
57391767675,2024-07-04,Wire Fraud,PROPERTY,EAST,Fraud Offenses,78218,2026-09-01
42985893042,2023-02-21,Pocket-picking,PROPERTY,EAST,Larceny/Theft Offenses,78219,2026-09-01
65267461107,2025-08-05,Wire Fraud,PROPERTY,EAST,Fraud Offenses,78219,2026-09-01
72363589693,2026-08-21,Arson,PROPERTY,EAST,Arson,78220,2026-09-01
63180489527,2025-03-14,Fondling,PERSON,EAST,"Sex Offenses, Forcible",78220,2026-09-01
63841450344,2025-05-05,Fondling,PERSON,EAST,"Sex Offenses, Forcible",78220,2026-09-01
70618393643,2026-05-22,Fondling,PERSON,EAST,"Sex Offenses, Forcible",78220,2026-09-01
71230751997,2026-06-30,Fondling,PERSON,EAST,"Sex Offenses, Forcible",78220,2026-09-01
70152815037,2026-05-03,Impersonation,PROPERTY,EAST,Fraud Offenses,78220,2026-09-01
53846363375,2024-01-20,Pornography/Obscene Material,SOCIETY,EAST,Pornography/Obscene Material,78220,2026-09-01
55058797319,2024-03-29,Pornography/Obscene Material,SOCIETY,EAST,Pornography/Obscene Material,78220,2026-09-01
69886616139,2026-04-28,Animal Cruelty,SOCIETY,SOUTH,Animal Cruelty,78221,2026-09-01
71869354896,2026-07-27,Kidnapping/Abduction,PERSON,SOUTH,Kidnapping/Abduction,78221,2026-09-01
63710599725,2025-04-27,Pocket-picking,PROPERTY,SOUTH,Larceny/Theft Offenses,78221,2026-09-01
65213649820,2025-07-31,Pornography/Obscene Material,SOCIETY,SOUTH,Pornography/Obscene Material,78221,2026-09-01
66840400343,2025-10-22,Prostitution,SOCIETY,SOUTH,Prostitution Offenses,78221,2026-09-01
57534715403,2024-07-11,Sodomy,PERSON,SOUTH,"Sex Offenses, Forcible",78221,2026-09-01
63842535192,2025-05-05,Wire Fraud,PROPERTY,SOUTH,Fraud Offenses,78221,2026-09-01
71630106431,2026-07-14,Wire Fraud,PROPERTY,SOUTH,Fraud Offenses,78221,2026-09-01
67911172168,2025-12-23,Animal Cruelty,SOCIETY,EAST,Animal Cruelty,78222,2026-09-01
52183178101,2023-09-04,Fondling,PERSON,EAST,"Sex Offenses, Forcible",78222,2026-09-01
52440226048,2023-09-25,Fondling,PERSON,EAST,"Sex Offenses, Forcible",78222,2026-09-01
70619279483,2026-05-22,Fondling,PERSON,EAST,"Sex Offenses, Forcible",78222,2026-09-01
68433201185,2026-02-05,Stolen Property Offenses,PROPERTY,EAST,Stolen Property Offenses,78222,2026-09-01
53600557509,2023-12-31,Wire Fraud,PROPERTY,EAST,Fraud Offenses,78222,2026-09-01
54964565341,2024-03-22,Embezzlement,PROPERTY,SOUTH,Embezzlement,78223,2026-09-01
63073728147,2025-03-06,Fondling,PERSON,EAST,"Sex Offenses, Forcible",78223,2026-09-01
72258285654,2026-08-17,Fondling,PERSON,EAST,"Sex Offenses, Forcible",78223,2026-09-01
54732388322,2024-03-15,Pornography/Obscene Material,SOCIETY,SOUTH,Pornography/Obscene Material,78223,2026-09-01
40900460519,2023-01-19,Sexual Assault With An Object,PERSON,SOUTH,"Sex Offenses, Forcible",78223,2026-09-01
68607578309,2026-02-18,Wire Fraud,PROPERTY,EAST,Fraud Offenses,78223,2026-09-01
69544422096,2026-04-04,Wire Fraud,PROPERTY,EAST,Fraud Offenses,78223,2026-09-01
70132237969,2026-04-30,Wire Fraud,PROPERTY,EAST,Fraud Offenses,78223,2026-09-01
62823088115,2025-02-17,Impersonation,PROPERTY,SOUTH,Fraud Offenses,78224,2026-09-01
52204938796,2023-09-06,Kidnapping/Abduction,PERSON,SOUTH,Kidnapping/Abduction,78224,2026-09-01
43083756534,2023-02-22,Fondling,PERSON,SOUTH,"Sex Offenses, Forcible",78226,2026-09-01
70236901019,2026-05-01,Fondling,PERSON,SOUTH,"Sex Offenses, Forcible",78226,2026-09-01
49369108498,2023-05-08,Sexual Assault With An Object,PERSON,SOUTH,"Sex Offenses, Forcible",78226,2026-09-01
52550154589,2023-10-10,Extortion/Blackmail,PROPERTY,WEST,Extortion/Blackmail,78227,2026-09-01
41155361540,2023-01-25,Fondling,PERSON,WEST,"Sex Offenses, Forcible",78227,2026-09-01
61372319402,2024-12-01,Stolen Property Offenses,PROPERTY,WEST,Stolen Property Offenses,78227,2026-09-01
65437508258,2025-08-13,Stolen Property Offenses,PROPERTY,WEST,Stolen Property Offenses,78227,2026-09-01
54292413855,2024-02-20,Fondling,PERSON,WEST,"Sex Offenses, Forcible",78228,2026-09-01
69319084315,2026-03-20,Stolen Property Offenses,PROPERTY,WEST,Stolen Property Offenses,78228,2026-09-01
71107248927,2026-06-22,Stolen Property Offenses,PROPERTY,WEST,Stolen Property Offenses,78228,2026-09-01
51027293442,2023-06-15,Wire Fraud,PROPERTY,WEST,Fraud Offenses,78228,2026-09-01
67249706264,2025-11-07,Wire Fraud,PROPERTY,WEST,Fraud Offenses,78228,2026-09-01
55076227297,2024-03-29,Embezzlement,PROPERTY,PRUE,Embezzlement,78229,2026-09-01
57904214106,2024-07-25,Wire Fraud,PROPERTY,PRUE,Fraud Offenses,78229,2026-09-01
51019080154,2023-06-14,Embezzlement,PROPERTY,PRUE,Embezzlement,78230,2026-09-01
56016661544,2024-05-10,Pornography/Obscene Material,SOCIETY,PRUE,Pornography/Obscene Material,78230,2026-09-01
63533214169,2025-04-10,Pornography/Obscene Material,SOCIETY,PRUE,Pornography/Obscene Material,78230,2026-09-01
54744226706,2024-03-15,Prostitution,SOCIETY,PRUE,Prostitution Offenses,78230,2026-09-01
72330849141,2026-08-19,Prostitution,SOCIETY,PRUE,Prostitution Offenses,78230,2026-09-01
52398378165,2023-09-22,Stolen Property Offenses,PROPERTY,PRUE,Stolen Property Offenses,78230,2026-09-01
62509027500,2025-01-29,Welfare Fraud,PROPERTY,PRUE,Fraud Offenses,78230,2026-09-01
52894208034,2023-11-02,Fondling,PERSON,NORTH,"Sex Offenses, Forcible",78232,2026-09-01
55094677905,2024-04-02,Prostitution,SOCIETY,NORTH,Prostitution Offenses,78232,2026-09-01
60157252212,2024-10-21,Purse-snatching,PROPERTY,NORTH,Larceny/Theft Offenses,78232,2026-09-01
64056744167,2025-05-20,Welfare Fraud,PROPERTY,NORTH,Fraud Offenses,78233,2026-09-01
51379140154,2023-07-13,Assisting or Promoting Prostitution,SOCIETY,WEST,Prostitution Offenses,78237,2026-09-01
49397407981,2023-05-10,Embezzlement,PROPERTY,WEST,Embezzlement,78237,2026-09-01
44294004709,2023-03-01,Murder & Nonnegligent Manslaughter,PERSON,WEST,Homicide Offenses,78237,2026-09-01
57210111164,2024-06-30,Murder & Nonnegligent Manslaughter,PERSON,WEST,Homicide Offenses,78237,2026-09-01
71628499956,2026-07-14,Purse-snatching,PROPERTY,WEST,Larceny/Theft Offenses,78237,2026-09-01
52008134441,2023-08-24,Sodomy,PERSON,WEST,"Sex Offenses, Forcible",78237,2026-09-01
57419021248,2024-07-06,Stolen Property Offenses,PROPERTY,WEST,Stolen Property Offenses,78237,2026-09-01
63206139929,2025-03-16,Fondling,PERSON,WEST,"Sex Offenses, Forcible",78238,2026-09-01
71184787264,2026-06-26,Impersonation,PROPERTY,WEST,Fraud Offenses,78238,2026-09-01
56423823164,2024-05-26,Prostitution,SOCIETY,WEST,Prostitution Offenses,78238,2026-09-01
59346610741,2024-09-16,Prostitution,SOCIETY,PRUE,Prostitution Offenses,78238,2026-09-01
53273063811,2023-12-01,Stolen Property Offenses,PROPERTY,WEST,Stolen Property Offenses,78238,2026-09-01
64652266978,2025-06-24,Theft From Coin-Operated Machine or Device,PROPERTY,WEST,Larceny/Theft Offenses,78238,2026-09-01
63623116302,2025-04-18,Wire Fraud,PROPERTY,WEST,Fraud Offenses,78238,2026-09-01
68876131712,2026-03-04,Wire Fraud,PROPERTY,WEST,Fraud Offenses,78238,2026-09-01
54043176088,2024-02-05,Theft From Coin-Operated Machine or Device,PROPERTY,NORTH,Larceny/Theft Offenses,78239,2026-09-01
52293646766,2023-09-14,Wire Fraud,PROPERTY,NORTH,Fraud Offenses,78239,2026-09-01
55095781525,2024-03-30,Embezzlement,PROPERTY,PRUE,Embezzlement,78240,2026-09-01
60968994934,2024-11-23,Fondling,PERSON,PRUE,"Sex Offenses, Forcible",78240,2026-09-01
62283166920,2025-01-16,Prostitution,SOCIETY,PRUE,Prostitution Offenses,78240,2026-09-01
49023022511,2023-04-14,Sodomy,PERSON,PRUE,"Sex Offenses, Forcible",78240,2026-09-01
57191674139,2024-06-28,Stolen Property Offenses,PROPERTY,PRUE,Stolen Property Offenses,78240,2026-09-01
69175686036,2026-03-11,Stolen Property Offenses,PROPERTY,PRUE,Stolen Property Offenses,78240,2026-09-01
52781663642,2023-10-24,Wire Fraud,PROPERTY,PRUE,Fraud Offenses,78240,2026-09-01
64909693801,2025-07-10,Wire Fraud,PROPERTY,PRUE,Fraud Offenses,78240,2026-09-01
57540856368,2024-07-12,Pornography/Obscene Material,SOCIETY,SOUTH,Pornography/Obscene Material,78242,2026-09-01
70824128224,2026-06-01,Welfare Fraud,PROPERTY,SOUTH,Fraud Offenses,78242,2026-09-01
55344887943,2024-04-10,Sexual Assault With An Object,PERSON,WEST,"Sex Offenses, Forcible",78245,2026-09-01
68779215821,2026-03-02,Fondling,PERSON,NORTH,"Sex Offenses, Forcible",78247,2026-09-01
63413811621,2025-03-31,Pornography/Obscene Material,SOCIETY,NORTH,Pornography/Obscene Material,78247,2026-09-01
51485922404,2023-07-24,Sexual Assault With An Object,PERSON,NORTH,"Sex Offenses, Forcible",78247,2026-09-01
71477737986,2026-07-07,Wire Fraud,PROPERTY,NORTH,Fraud Offenses,78247,2026-09-01
54321258511,2024-02-22,Pocket-picking,PROPERTY,PRUE,Larceny/Theft Offenses,78249,2026-09-01
56611287212,2024-06-07,Pornography/Obscene Material,SOCIETY,PRUE,Pornography/Obscene Material,78250,2026-09-01
59857112807,2024-10-03,Arson,PROPERTY,WEST,Arson,78251,2026-09-01
52397170135,2023-09-22,Embezzlement,PROPERTY,PRUE,Embezzlement,78251,2026-09-01
64151264827,2025-05-27,Fondling,PERSON,WEST,"Sex Offenses, Forcible",78251,2026-09-01
41412680302,2023-02-02,Theft From Coin-Operated Machine or Device,PROPERTY,PRUE,Larceny/Theft Offenses,78251,2026-09-01
54173811964,2024-02-15,Wire Fraud,PROPERTY,WEST,Fraud Offenses,78251,2026-09-01
54344050256,2024-02-23,Wire Fraud,PROPERTY,WEST,Fraud Offenses,78251,2026-09-01
59940649129,2024-10-07,Wire Fraud,PROPERTY,WEST,Fraud Offenses,78251,2026-09-01
68730067693,2026-02-27,Wire Fraud,PROPERTY,WEST,Fraud Offenses,78251,2026-09-01
66284579956,2025-09-28,Embezzlement,PROPERTY,PRUE,Embezzlement,78254,2026-09-01
70764803214,2026-05-27,Wire Fraud,PROPERTY,PRUE,Fraud Offenses,78254,2026-09-01
66072279725,2025-09-15,Pornography/Obscene Material,SOCIETY,PRUE,Pornography/Obscene Material,78256,2026-09-01
52447410376,2023-09-26,Fondling,PERSON,NORTH,"Sex Offenses, Forcible",78258,2026-09-01
68398148441,2026-02-03,Pornography/Obscene Material,SOCIETY,NORTH,Pornography/Obscene Material,78258,2026-09-01
69560073362,2026-04-06,Pornography/Obscene Material,SOCIETY,NORTH,Pornography/Obscene Material,78258,2026-09-01
62390058377,2025-01-22,Wire Fraud,PROPERTY,NORTH,Fraud Offenses,78258,2026-09-01
50102826245,2023-05-28,Fondling,PERSON,NORTH,"Sex Offenses, Forcible",78259,2026-09-01
49297399508,2023-04-28,Wire Fraud,PROPERTY,NORTH,Fraud Offenses,78260,2026-09-01
54045399364,2024-02-05,Fondling,PERSON,EAST,"Sex Offenses, Forcible",Out of Jurisdiction,2026-09-01
70898979625,2026-06-06,Fondling,PERSON,DOWNTOWN,"Sex Offenses, Forcible",78201,2026-09-01
66828293081,2025-10-21,Wire Fraud,PROPERTY,EAST,Fraud Offenses,78202,2026-09-01
63264610358,2025-03-20,Pornography/Obscene Material,SOCIETY,EAST,Pornography/Obscene Material,78203,2026-09-01
62188053060,2025-01-07,Pocket-picking,PROPERTY,DOWNTOWN,Larceny/Theft Offenses,78204,2026-09-01
69577005002,2026-04-07,Pornography/Obscene Material,SOCIETY,DOWNTOWN,Pornography/Obscene Material,78204,2026-09-01
54131700108,2024-02-12,Stolen Property Offenses,PROPERTY,CENTRAL,Stolen Property Offenses,78205,2026-09-01
56403502654,2024-05-24,Wire Fraud,PROPERTY,DOWNTOWN,Fraud Offenses,78205,2026-09-01
68815110330,2026-03-25,Arson,PROPERTY,CENTRAL,Arson,78207,2026-09-01
53525585029,2023-12-22,Fondling,PERSON,CENTRAL,"Sex Offenses, Forcible",78207,2026-09-01
68222939273,2026-01-18,Fondling,PERSON,DOWNTOWN,"Sex Offenses, Forcible",78207,2026-09-01
50971107372,2023-06-08,Pocket-picking,PROPERTY,CENTRAL,Larceny/Theft Offenses,78207,2026-09-01
52972489375,2023-11-09,Prostitution,SOCIETY,CENTRAL,Prostitution Offenses,78207,2026-09-01
52973175132,2023-11-09,Prostitution,SOCIETY,CENTRAL,Prostitution Offenses,78207,2026-09-01
67745666760,2025-12-09,Prostitution,SOCIETY,CENTRAL,Prostitution Offenses,78207,2026-09-01
40594319024,2023-01-12,Sodomy,PERSON,CENTRAL,"Sex Offenses, Forcible",78207,2026-09-01
71155267932,2026-06-25,Stolen Property Offenses,PROPERTY,DOWNTOWN,Stolen Property Offenses,78207,2026-09-01
63942332614,2025-05-11,Welfare Fraud,PROPERTY,CENTRAL,Fraud Offenses,78207,2026-09-01
71962569639,2026-08-02,Welfare Fraud,PROPERTY,CENTRAL,Fraud Offenses,78207,2026-09-01
60904531528,2024-11-20,Wire Fraud,PROPERTY,CENTRAL,Fraud Offenses,78207,2026-09-01
62586092149,2025-02-03,Wire Fraud,PROPERTY,DOWNTOWN,Fraud Offenses,78207,2026-09-01
53301884014,2023-12-05,Arson,PROPERTY,EAST,Arson,78208,2026-09-01
62687941232,2025-02-09,Arson,PROPERTY,EAST,Arson,78208,2026-09-01
63285257227,2025-03-22,Arson,PROPERTY,DOWNTOWN,Arson,78208,2026-09-01
49703791823,2023-05-14,Fondling,PERSON,NORTH,"Sex Offenses, Forcible",78209,2026-09-01
53873016153,2024-01-23,Pornography/Obscene Material,SOCIETY,EAST,Pornography/Obscene Material,78209,2026-09-01
63641686278,2025-04-20,Animal Cruelty,SOCIETY,EAST,Animal Cruelty,78210,2026-09-01
51325370226,2023-07-06,Stolen Property Offenses,PROPERTY,EAST,Stolen Property Offenses,78210,2026-09-01
60808825982,2024-11-12,Stolen Property Offenses,PROPERTY,SOUTH,Stolen Property Offenses,78210,2026-09-01
68571580173,2026-02-15,Extortion/Blackmail,PROPERTY,SOUTH,Extortion/Blackmail,78211,2026-09-01
60836131825,2024-11-15,Impersonation,PROPERTY,SOUTH,Fraud Offenses,78211,2026-09-01
50089520504,2023-06-01,Operating/Promoting/Assisting Gambling,SOCIETY,SOUTH,Gambling Offenses,78211,2026-09-01
55621320258,2024-04-21,Wire Fraud,PROPERTY,SOUTH,Fraud Offenses,78211,2026-09-01
57890761821,2024-07-31,Fondling,PERSON,DOWNTOWN,"Sex Offenses, Forcible",78212,2026-09-01
68225912536,2026-01-18,Fondling,PERSON,DOWNTOWN,"Sex Offenses, Forcible",78212,2026-09-01
68057196911,2026-01-05,Pocket-picking,PROPERTY,DOWNTOWN,Larceny/Theft Offenses,78212,2026-09-01
68134233695,2026-01-11,Stolen Property Offenses,PROPERTY,DOWNTOWN,Stolen Property Offenses,78212,2026-09-01
61379220202,2024-12-02,Wire Fraud,PROPERTY,CENTRAL,Fraud Offenses,78212,2026-09-01
39356343084,2023-01-02,Arson,PROPERTY,CENTRAL,Arson,78213,2026-09-01
71916894635,2026-07-30,Kidnapping/Abduction,PERSON,NORTH,Kidnapping/Abduction,78213,2026-09-01
48986042407,2023-04-09,Sexual Assault With An Object,PERSON,NORTH,"Sex Offenses, Forcible",78213,2026-09-01
49067099880,2023-04-17,Sodomy,PERSON,CENTRAL,"Sex Offenses, Forcible",78213,2026-09-01
51541277230,2023-07-29,Stolen Property Offenses,PROPERTY,CENTRAL,Stolen Property Offenses,78213,2026-09-01
67749705002,2025-12-10,Hacking/Computer Invasion,PROPERTY,SOUTH,Fraud Offenses,78214,2026-09-01
57534417409,2024-07-11,Stolen Property Offenses,PROPERTY,SOUTH,Stolen Property Offenses,78214,2026-09-01
68207692932,2026-01-17,Stolen Property Offenses,PROPERTY,SOUTH,Stolen Property Offenses,78214,2026-09-01
65645898858,2025-08-28,Wire Fraud,PROPERTY,SOUTH,Fraud Offenses,78214,2026-09-01
41375917131,2023-02-01,Prostitution,SOCIETY,EAST,Prostitution Offenses,78215,2026-09-01
69392567536,2026-03-24,Wire Fraud,PROPERTY,PRUE,Fraud Offenses,78216,2026-09-01
62460027945,2025-01-27,Pornography/Obscene Material,SOCIETY,NORTH,Pornography/Obscene Material,78217,2026-09-01
55663993227,2024-04-24,Wire Fraud,PROPERTY,NORTH,Fraud Offenses,78217,2026-09-01
63354829856,2025-03-28,Animal Cruelty,SOCIETY,EAST,Animal Cruelty,78218,2026-09-01
64024105319,2025-05-17,Animal Cruelty,SOCIETY,EAST,Animal Cruelty,78218,2026-09-01
51121126834,2023-06-26,Pornography/Obscene Material,SOCIETY,EAST,Pornography/Obscene Material,78218,2026-09-01
64261971445,2025-05-30,Pornography/Obscene Material,SOCIETY,NORTH,Pornography/Obscene Material,78218,2026-09-01
62189493569,2025-01-07,Theft From Coin-Operated Machine or Device,PROPERTY,EAST,Larceny/Theft Offenses,78218,2026-09-01
51301904936,2023-07-04,Murder & Nonnegligent Manslaughter,PERSON,EAST,Homicide Offenses,78219,2026-09-01
63539984544,2025-04-11,Theft From Coin-Operated Machine or Device,PROPERTY,EAST,Larceny/Theft Offenses,78219,2026-09-01
70491697866,2026-05-16,Pornography/Obscene Material,SOCIETY,EAST,Pornography/Obscene Material,78220,2026-09-01
71690775233,2026-07-16,Wire Fraud,PROPERTY,EAST,Fraud Offenses,78220,2026-09-01
41180741800,2023-01-25,Animal Cruelty,SOCIETY,SOUTH,Animal Cruelty,78221,2026-09-01
51082062776,2023-06-22,Fondling,PERSON,SOUTH,"Sex Offenses, Forcible",78221,2026-09-01
54641057017,2024-03-09,Fondling,PERSON,SOUTH,"Sex Offenses, Forcible",78221,2026-09-01
63931998547,2025-05-10,Pornography/Obscene Material,SOCIETY,SOUTH,Pornography/Obscene Material,78221,2026-09-01
58502560677,2024-08-22,Wire Fraud,PROPERTY,SOUTH,Fraud Offenses,78221,2026-09-01
64508596531,2025-06-13,Wire Fraud,PROPERTY,SOUTH,Fraud Offenses,78221,2026-09-01
49240336943,2023-04-24,Animal Cruelty,SOCIETY,SOUTH,Animal Cruelty,78223,2026-09-01
71574730107,2026-07-11,Fondling,PERSON,SOUTH,"Sex Offenses, Forcible",78223,2026-09-01
72021971225,2026-08-06,Pornography/Obscene Material,SOCIETY,SOUTH,Pornography/Obscene Material,78223,2026-09-01
60145760493,2024-10-21,Wire Fraud,PROPERTY,EAST,Fraud Offenses,78223,2026-09-01
41047511724,2023-01-22,Purse-snatching,PROPERTY,SOUTH,Larceny/Theft Offenses,78224,2026-09-01
69737801630,2026-04-18,Stolen Property Offenses,PROPERTY,SOUTH,Stolen Property Offenses,78224,2026-09-01
53370443104,2023-12-10,Impersonation,PROPERTY,SOUTH,Fraud Offenses,78226,2026-09-01
71104231108,2026-06-22,Kidnapping/Abduction,PERSON,SOUTH,Kidnapping/Abduction,78226,2026-09-01
68730067184,2026-02-27,Fondling,PERSON,WEST,"Sex Offenses, Forcible",78227,2026-09-01
71854325106,2026-07-25,Fondling,PERSON,WEST,"Sex Offenses, Forcible",78227,2026-09-01
71006765399,2026-06-14,Kidnapping/Abduction,PERSON,WEST,Kidnapping/Abduction,78227,2026-09-01
49235847190,2023-06-04,Murder & Nonnegligent Manslaughter,PERSON,SOUTH,Homicide Offenses,78227,2026-09-01
71826319607,2026-07-23,Stolen Property Offenses,PROPERTY,WEST,Stolen Property Offenses,78227,2026-09-01
50111507229,2023-05-29,Arson,PROPERTY,CENTRAL,Arson,78228,2026-09-01
56843804602,2024-06-13,Stolen Property Offenses,PROPERTY,WEST,Stolen Property Offenses,78228,2026-09-01
66326498779,2025-09-30,Wire Fraud,PROPERTY,WEST,Fraud Offenses,78228,2026-09-01
70881601124,2026-06-05,Animal Cruelty,SOCIETY,PRUE,Animal Cruelty,78229,2026-09-01
69721573932,2026-04-17,Hacking/Computer Invasion,PROPERTY,PRUE,Fraud Offenses,78229,2026-09-01
62835981163,2025-02-18,Pornography/Obscene Material,SOCIETY,PRUE,Pornography/Obscene Material,78229,2026-09-01
50971712041,2023-06-08,Sexual Assault With An Object,PERSON,PRUE,"Sex Offenses, Forcible",78229,2026-09-01
51654890590,2023-08-01,Animal Cruelty,SOCIETY,PRUE,Animal Cruelty,78230,2026-09-01
63612927845,2025-04-17,Fondling,PERSON,PRUE,"Sex Offenses, Forcible",78230,2026-09-01
57204830544,2024-06-29,Purse-snatching,PROPERTY,PRUE,Larceny/Theft Offenses,78230,2026-09-01
51094753464,2023-06-23,Wire Fraud,PROPERTY,PRUE,Fraud Offenses,78230,2026-09-01
63453961712,2025-04-02,Wire Fraud,PROPERTY,PRUE,Fraud Offenses,78230,2026-09-01
64856956454,2025-07-07,Wire Fraud,PROPERTY,PRUE,Fraud Offenses,78230,2026-09-01
63087912197,2025-03-07,Wire Fraud,PROPERTY,PRUE,Fraud Offenses,78231,2026-09-01
65695860116,2025-09-02,Wire Fraud,PROPERTY,PRUE,Fraud Offenses,78231,2026-09-01
68232371292,2026-01-19,Wire Fraud,PROPERTY,NORTH,Fraud Offenses,78232,2026-09-01
54206756283,2024-02-16,Animal Cruelty,SOCIETY,NORTH,Animal Cruelty,78233,2026-09-01
51056577279,2023-06-19,Kidnapping/Abduction,PERSON,NORTH,Kidnapping/Abduction,78233,2026-09-01
61000393730,2024-11-26,Pocket-picking,PROPERTY,NORTH,Larceny/Theft Offenses,78233,2026-09-01
52278186191,2023-09-13,Sexual Assault With An Object,PERSON,NORTH,"Sex Offenses, Forcible",78233,2026-09-01
52082806630,2023-08-31,Stolen Property Offenses,PROPERTY,NORTH,Stolen Property Offenses,78233,2026-09-01
67403691007,2025-11-17,Embezzlement,PROPERTY,SOUTH,Embezzlement,78235,2026-09-01
67985277754,2025-12-30,Animal Cruelty,SOCIETY,WEST,Animal Cruelty,78237,2026-09-01
54017938279,2024-02-06,Arson,PROPERTY,WEST,Arson,78237,2026-09-01
48969437905,2023-04-06,Fondling,PERSON,CENTRAL,"Sex Offenses, Forcible",78237,2026-09-01
43273552122,2023-02-24,Stolen Property Offenses,PROPERTY,WEST,Stolen Property Offenses,78237,2026-09-01
59874271262,2024-10-05,Wire Fraud,PROPERTY,WEST,Fraud Offenses,78237,2026-09-01
62953634405,2025-02-28,Pornography/Obscene Material,SOCIETY,WEST,Pornography/Obscene Material,78238,2026-09-01
49100461990,2023-04-17,Stolen Property Offenses,PROPERTY,NORTH,Stolen Property Offenses,78239,2026-09-01
52519491371,2023-10-06,Sexual Assault With An Object,PERSON,PRUE,"Sex Offenses, Forcible",78240,2026-09-01
64985813366,2025-07-16,Wire Fraud,PROPERTY,PRUE,Fraud Offenses,78240,2026-09-01
71034314951,2026-06-16,Wire Fraud,PROPERTY,PRUE,Fraud Offenses,78240,2026-09-01
64118289681,2025-05-24,Animal Cruelty,SOCIETY,WEST,Animal Cruelty,78245,2026-09-01
48319418471,2023-03-31,Extortion/Blackmail,PROPERTY,WEST,Extortion/Blackmail,78245,2026-09-01
64432323768,2025-06-10,Kidnapping/Abduction,PERSON,WEST,Kidnapping/Abduction,78245,2026-09-01
48862465895,2023-04-05,Pornography/Obscene Material,SOCIETY,WEST,Pornography/Obscene Material,78245,2026-09-01
56225577903,2024-05-20,Wire Fraud,PROPERTY,WEST,Fraud Offenses,78245,2026-09-01
59260614323,2024-09-15,Wire Fraud,PROPERTY,WEST,Fraud Offenses,78245,2026-09-01
58774940954,2024-09-06,Pornography/Obscene Material,SOCIETY,NORTH,Pornography/Obscene Material,78247,2026-09-01
67403996402,2025-11-17,Prostitution,SOCIETY,NORTH,Prostitution Offenses,78247,2026-09-01
57365678211,2024-07-04,Stolen Property Offenses,PROPERTY,NORTH,Stolen Property Offenses,78247,2026-09-01
58714840453,2024-09-04,Wire Fraud,PROPERTY,PRUE,Fraud Offenses,78248,2026-09-01
53949586619,2024-01-29,Fondling,PERSON,PRUE,"Sex Offenses, Forcible",78249,2026-09-01
65346121893,2025-08-07,Fondling,PERSON,PRUE,"Sex Offenses, Forcible",78249,2026-09-01
68662759934,2026-02-23,Stolen Property Offenses,PROPERTY,PRUE,Stolen Property Offenses,78249,2026-09-01
59754833802,2024-09-30,Embezzlement,PROPERTY,PRUE,Embezzlement,78250,2026-09-01
60925175299,2024-11-20,Fondling,PERSON,PRUE,"Sex Offenses, Forcible",78250,2026-09-01
52844474761,2023-10-31,Fondling,PERSON,WEST,"Sex Offenses, Forcible",78251,2026-09-01
64066702567,2025-05-21,Pornography/Obscene Material,SOCIETY,SOUTH,Pornography/Obscene Material,78252,2026-09-01
60998895871,2024-11-26,Embezzlement,PROPERTY,WEST,Embezzlement,78254,2026-09-01
70828066023,2026-06-01,Embezzlement,PROPERTY,PRUE,Embezzlement,78256,2026-09-01
68294990490,2026-01-24,Fondling,PERSON,NORTH,"Sex Offenses, Forcible",78258,2026-09-01
57989734485,2024-07-31,Impersonation,PROPERTY,NORTH,Fraud Offenses,78258,2026-09-01
54609960495,2024-03-07,Fondling,PERSON,WEST,"Sex Offenses, Forcible",78201,2026-09-01
49014021836,2023-04-13,Kidnapping/Abduction,PERSON,WEST,Kidnapping/Abduction,78201,2026-09-01
57197541236,2024-06-28,Pornography/Obscene Material,SOCIETY,CENTRAL,Pornography/Obscene Material,78201,2026-09-01
51535780952,2023-07-28,Arson,PROPERTY,EAST,Arson,78202,2026-09-01
58337203165,2024-08-13,Pornography/Obscene Material,SOCIETY,EAST,Pornography/Obscene Material,78202,2026-09-01
56568466643,2024-06-04,Sodomy,PERSON,EAST,"Sex Offenses, Forcible",78202,2026-09-01
54272246318,2024-02-19,Wire Fraud,PROPERTY,CENTRAL,Fraud Offenses,78204,2026-09-01
44058380695,2023-02-28,Embezzlement,PROPERTY,CENTRAL,Embezzlement,78205,2026-09-01
43370210313,2023-02-25,Fondling,PERSON,CENTRAL,"Sex Offenses, Forcible",78207,2026-09-01
51314265117,2023-07-05,Fondling,PERSON,CENTRAL,"Sex Offenses, Forcible",78207,2026-09-01
59857018522,2024-10-03,Fondling,PERSON,CENTRAL,"Sex Offenses, Forcible",78207,2026-09-01
54334054716,2024-02-23,Pornography/Obscene Material,SOCIETY,CENTRAL,Pornography/Obscene Material,78207,2026-09-01
66373888234,2025-10-05,Pornography/Obscene Material,SOCIETY,CENTRAL,Pornography/Obscene Material,78207,2026-09-01
40782647640,2023-01-17,Sodomy,PERSON,CENTRAL,"Sex Offenses, Forcible",78207,2026-09-01
49223672914,2023-04-21,Sodomy,PERSON,CENTRAL,"Sex Offenses, Forcible",78207,2026-09-01
53922237821,2024-01-27,Stolen Property Offenses,PROPERTY,CENTRAL,Stolen Property Offenses,78207,2026-09-01
49937302344,2023-05-18,Wire Fraud,PROPERTY,CENTRAL,Fraud Offenses,78207,2026-09-01
55286532633,2024-04-08,Wire Fraud,PROPERTY,CENTRAL,Fraud Offenses,78207,2026-09-01
57489159158,2024-07-08,Wire Fraud,PROPERTY,CENTRAL,Fraud Offenses,78207,2026-09-01
56575715685,2024-06-05,Extortion/Blackmail,PROPERTY,NORTH,Extortion/Blackmail,78209,2026-09-01
53008783827,2023-11-12,Fondling,PERSON,NORTH,"Sex Offenses, Forcible",78209,2026-09-01
53125763478,2023-11-21,Embezzlement,PROPERTY,EAST,Embezzlement,78210,2026-09-01
64348757590,2025-06-05,Fondling,PERSON,DOWNTOWN,"Sex Offenses, Forcible",78210,2026-09-01
56449378388,2024-05-29,Theft From Coin-Operated Machine or Device,PROPERTY,DOWNTOWN,Larceny/Theft Offenses,78210,2026-09-01
62607019839,2025-02-04,Pornography/Obscene Material,SOCIETY,SOUTH,Pornography/Obscene Material,78211,2026-09-01
54048674169,2024-02-05,Stolen Property Offenses,PROPERTY,SOUTH,Stolen Property Offenses,78211,2026-09-01
68636220305,2026-02-20,Wire Fraud,PROPERTY,SOUTH,Fraud Offenses,78211,2026-09-01
57214100821,2024-06-30,Arson,PROPERTY,CENTRAL,Arson,78212,2026-09-01
64953295603,2025-07-14,Negligent Manslaughter,PERSON,DOWNTOWN,Homicide Offenses,78212,2026-09-01
65476801637,2025-08-16,Operating/Promoting/Assisting Gambling,SOCIETY,NORTH,Gambling Offenses,78212,2026-09-01
64284021392,2025-06-01,Pornography/Obscene Material,SOCIETY,CENTRAL,Pornography/Obscene Material,78212,2026-09-01
58840836095,2024-09-07,Extortion/Blackmail,PROPERTY,NORTH,Extortion/Blackmail,78213,2026-09-01
70914439777,2026-06-07,Fondling,PERSON,CENTRAL,"Sex Offenses, Forcible",78213,2026-09-01
57181724185,2024-06-27,Stolen Property Offenses,PROPERTY,CENTRAL,Stolen Property Offenses,78213,2026-09-01
64808897522,2025-07-03,Welfare Fraud,PROPERTY,CENTRAL,Fraud Offenses,78213,2026-09-01
51315524693,2023-07-05,Prostitution,SOCIETY,SOUTH,Prostitution Offenses,78214,2026-09-01
71103785617,2026-06-22,Purse-snatching,PROPERTY,SOUTH,Larceny/Theft Offenses,78214,2026-09-01
63640998277,2025-04-20,Wire Fraud,PROPERTY,SOUTH,Fraud Offenses,78214,2026-09-01
65543175447,2025-08-21,Assisting or Promoting Prostitution,SOCIETY,NORTH,Prostitution Offenses,78216,2026-09-01
54031767143,2024-02-04,Prostitution,SOCIETY,NORTH,Prostitution Offenses,78216,2026-09-01
57424043774,2024-07-06,Prostitution,SOCIETY,NORTH,Prostitution Offenses,78216,2026-09-01
48982933323,2023-04-08,Stolen Property Offenses,PROPERTY,NORTH,Stolen Property Offenses,78216,2026-09-01
57519288452,2024-07-11,Stolen Property Offenses,PROPERTY,NORTH,Stolen Property Offenses,78216,2026-09-01
67301831225,2025-11-10,Embezzlement,PROPERTY,NORTH,Embezzlement,78217,2026-09-01
64297956164,2025-06-02,Fondling,PERSON,NORTH,"Sex Offenses, Forcible",78217,2026-09-01
46665260758,2023-03-16,Stolen Property Offenses,PROPERTY,NORTH,Stolen Property Offenses,78217,2026-09-01
59616932550,2024-09-25,Theft From Coin-Operated Machine or Device,PROPERTY,NORTH,Larceny/Theft Offenses,78217,2026-09-01
56264287487,2024-05-21,Wire Fraud,PROPERTY,NORTH,Fraud Offenses,78217,2026-09-01
69430757281,2026-03-27,Wire Fraud,PROPERTY,NORTH,Fraud Offenses,78217,2026-09-01
52500288452,2023-10-03,Embezzlement,PROPERTY,EAST,Embezzlement,78218,2026-09-01
64984958335,2025-07-16,Embezzlement,PROPERTY,EAST,Embezzlement,78218,2026-09-01
54085369134,2024-02-07,Impersonation,PROPERTY,EAST,Fraud Offenses,78218,2026-09-01
55842591543,2024-05-04,Murder & Nonnegligent Manslaughter,PERSON,EAST,Homicide Offenses,78218,2026-09-01
64791176026,2025-07-02,Wire Fraud,PROPERTY,EAST,Fraud Offenses,78218,2026-09-01
54588524038,2024-03-05,Embezzlement,PROPERTY,EAST,Embezzlement,78219,2026-09-01
52546219993,2023-10-10,Impersonation,PROPERTY,EAST,Fraud Offenses,78219,2026-09-01
62392091992,2025-01-21,Extortion/Blackmail,PROPERTY,EAST,Extortion/Blackmail,78220,2026-09-01
49322798041,2023-05-01,Fondling,PERSON,EAST,"Sex Offenses, Forcible",78220,2026-09-01
65975541462,2025-09-10,Fondling,PERSON,EAST,"Sex Offenses, Forcible",78220,2026-09-01
58301407973,2024-08-12,Pocket-picking,PROPERTY,EAST,Larceny/Theft Offenses,78220,2026-09-01
66062795163,2025-09-14,Stolen Property Offenses,PROPERTY,EAST,Stolen Property Offenses,78220,2026-09-01
51487257635,2023-07-24,Welfare Fraud,PROPERTY,EAST,Fraud Offenses,78220,2026-09-01
51464448719,2023-07-22,Arson,PROPERTY,SOUTH,Arson,78221,2026-09-01
42496746256,2023-02-16,Embezzlement,PROPERTY,SOUTH,Embezzlement,78221,2026-09-01
69522590908,2026-04-09,Hacking/Computer Invasion,PROPERTY,SOUTH,Fraud Offenses,78221,2026-09-01
71868910474,2026-07-27,Purchasing Prostitution,SOCIETY,SOUTH,Prostitution Offenses,78221,2026-09-01
55500365803,2024-04-16,Sodomy,PERSON,SOUTH,"Sex Offenses, Forcible",78221,2026-09-01
50794215338,2023-06-01,Stolen Property Offenses,PROPERTY,SOUTH,Stolen Property Offenses,78221,2026-09-01
60184309383,2024-10-23,Stolen Property Offenses,PROPERTY,SOUTH,Stolen Property Offenses,78221,2026-09-01
71821945864,2026-07-23,Wire Fraud,PROPERTY,SOUTH,Fraud Offenses,78221,2026-09-01
51330350085,2023-07-07,Pornography/Obscene Material,SOCIETY,EAST,Pornography/Obscene Material,78222,2026-09-01
46236481999,2023-03-12,Wire Fraud,PROPERTY,EAST,Fraud Offenses,78222,2026-09-01
44111340264,2023-02-28,Fondling,PERSON,EAST,"Sex Offenses, Forcible",78223,2026-09-01
66910362562,2025-10-28,Fondling,PERSON,EAST,"Sex Offenses, Forcible",78223,2026-09-01
70179377092,2026-04-30,Fondling,PERSON,EAST,"Sex Offenses, Forcible",78223,2026-09-01
64479110009,2025-06-11,Welfare Fraud,PROPERTY,EAST,Fraud Offenses,78223,2026-09-01
49036549244,2023-04-16,Wire Fraud,PROPERTY,EAST,Fraud Offenses,78223,2026-09-01
72524618228,2026-08-30,Fondling,PERSON,SOUTH,"Sex Offenses, Forcible",78224,2026-09-01
50990030023,2024-04-08,Murder & Nonnegligent Manslaughter,PERSON,SOUTH,Homicide Offenses,78224,2026-09-01
65066616970,2025-07-22,Pornography/Obscene Material,SOCIETY,SOUTH,Pornography/Obscene Material,78224,2026-09-01
68261896137,2026-01-21,Pornography/Obscene Material,SOCIETY,SOUTH,Pornography/Obscene Material,78224,2026-09-01
52205521204,2023-09-06,Arson,PROPERTY,SOUTH,Arson,78225,2026-09-01
52194894377,2023-09-05,Impersonation,PROPERTY,SOUTH,Fraud Offenses,78225,2026-09-01
40517018206,2023-01-11,Stolen Property Offenses,PROPERTY,SOUTH,Stolen Property Offenses,78225,2026-09-01
62402993536,2025-01-22,Theft From Coin-Operated Machine or Device,PROPERTY,SOUTH,Larceny/Theft Offenses,78225,2026-09-01
71757786057,2026-07-20,Embezzlement,PROPERTY,WEST,Embezzlement,78227,2026-09-01
53886924650,2024-01-24,Fondling,PERSON,WEST,"Sex Offenses, Forcible",78227,2026-09-01
62026096038,2024-12-27,Fondling,PERSON,SOUTH,"Sex Offenses, Forcible",78227,2026-09-01
60030588497,2024-10-13,Pocket-picking,PROPERTY,WEST,Larceny/Theft Offenses,78227,2026-09-01
62251621377,2025-01-13,Pornography/Obscene Material,SOCIETY,WEST,Pornography/Obscene Material,78227,2026-09-01
58491835093,2024-08-22,Stolen Property Offenses,PROPERTY,WEST,Stolen Property Offenses,78227,2026-09-01
69491967697,2026-04-01,Stolen Property Offenses,PROPERTY,WEST,Stolen Property Offenses,78227,2026-09-01
69318274354,2026-03-20,Wire Fraud,PROPERTY,WEST,Fraud Offenses,78227,2026-09-01
69065628171,2026-03-06,Embezzlement,PROPERTY,WEST,Embezzlement,78228,2026-09-01
69356213948,2026-03-23,Embezzlement,PROPERTY,CENTRAL,Embezzlement,78228,2026-09-01
66323213857,2025-09-30,Fondling,PERSON,WEST,"Sex Offenses, Forcible",78228,2026-09-01
49502008013,2023-05-11,Prostitution,SOCIETY,WEST,Prostitution Offenses,78228,2026-09-01
56099642019,2024-05-16,Stolen Property Offenses,PROPERTY,WEST,Stolen Property Offenses,78228,2026-09-01
62449115444,2025-01-27,Stolen Property Offenses,PROPERTY,WEST,Stolen Property Offenses,78228,2026-09-01
68304958373,2026-01-25,Theft From Coin-Operated Machine or Device,PROPERTY,WEST,Larceny/Theft Offenses,78228,2026-09-01
68162521461,2026-01-14,Arson,PROPERTY,PRUE,Arson,78229,2026-09-01
67946286958,2025-12-27,Embezzlement,PROPERTY,PRUE,Embezzlement,78229,2026-09-01
51447827332,2023-07-20,Wire Fraud,PROPERTY,PRUE,Fraud Offenses,78229,2026-09-01
63523659771,2025-04-10,Wire Fraud,PROPERTY,PRUE,Fraud Offenses,78229,2026-09-01
54305001509,2024-02-21,Fondling,PERSON,PRUE,"Sex Offenses, Forcible",78230,2026-09-01
51909242499,2023-08-15,Sodomy,PERSON,PRUE,"Sex Offenses, Forcible",78230,2026-09-01
51134668678,2023-06-27,Stolen Property Offenses,PROPERTY,PRUE,Stolen Property Offenses,78230,2026-09-01
63675331862,2025-04-23,Wire Fraud,PROPERTY,PRUE,Fraud Offenses,78230,2026-09-01
64860959954,2025-07-08,Stolen Property Offenses,PROPERTY,NORTH,Stolen Property Offenses,78231,2026-09-01
60828567030,2024-11-14,Embezzlement,PROPERTY,NORTH,Embezzlement,78232,2026-09-01
52049185514,2023-08-29,Fondling,PERSON,NORTH,"Sex Offenses, Forcible",78232,2026-09-01
68733665494,2026-02-27,Pornography/Obscene Material,SOCIETY,NORTH,Pornography/Obscene Material,78232,2026-09-01
42798085379,2023-02-20,Wire Fraud,PROPERTY,NORTH,Fraud Offenses,78232,2026-09-01
70475294171,2026-05-15,Embezzlement,PROPERTY,NORTH,Embezzlement,78233,2026-09-01
55006112798,2024-03-26,Pornography/Obscene Material,SOCIETY,NORTH,Pornography/Obscene Material,78233,2026-09-01
65578605023,2025-08-24,Welfare Fraud,PROPERTY,NORTH,Fraud Offenses,78233,2026-09-01
66878534149,2025-10-26,Fondling,PERSON,WEST,"Sex Offenses, Forcible",78237,2026-09-01
68613557434,2026-02-19,Kidnapping/Abduction,PERSON,WEST,Kidnapping/Abduction,78237,2026-09-01
71920272626,2026-07-30,Pornography/Obscene Material,SOCIETY,WEST,Pornography/Obscene Material,78237,2026-09-01
64225479688,2025-05-29,Stolen Property Offenses,PROPERTY,WEST,Stolen Property Offenses,78237,2026-09-01
71760753287,2026-07-20,Embezzlement,PROPERTY,PRUE,Embezzlement,78238,2026-09-01
64381145640,2025-06-09,Pornography/Obscene Material,SOCIETY,WEST,Pornography/Obscene Material,78238,2026-09-01
53650771578,2024-01-05,Wire Fraud,PROPERTY,WEST,Fraud Offenses,78238,2026-09-01
63288542943,2025-03-22,Wire Fraud,PROPERTY,WEST,Fraud Offenses,78238,2026-09-01
63542469147,2025-04-12,Wire Fraud,PROPERTY,WEST,Fraud Offenses,78238,2026-09-01
72413842191,2026-08-24,Wire Fraud,PROPERTY,WEST,Fraud Offenses,78238,2026-09-01
70793246606,2026-05-29,Arson,PROPERTY,PRUE,Arson,78240,2026-09-01
71960289776,2026-08-02,"Human Trafficking, Commercial Sex Acts",PERSON,PRUE,Human Trafficking,78240,2026-09-01
42403046755,2023-02-15,Murder & Nonnegligent Manslaughter,PERSON,PRUE,Homicide Offenses,78240,2026-09-01
67164564618,2025-11-02,Pornography/Obscene Material,SOCIETY,PRUE,Pornography/Obscene Material,78240,2026-09-01
56151946715,2024-05-18,Prostitution,SOCIETY,PRUE,Prostitution Offenses,78240,2026-09-01
59949837624,2024-10-08,Prostitution,SOCIETY,PRUE,Prostitution Offenses,78240,2026-09-01
68091191573,2026-01-07,Welfare Fraud,PROPERTY,PRUE,Fraud Offenses,78240,2026-09-01
53517347034,2023-12-21,Wire Fraud,PROPERTY,PRUE,Fraud Offenses,78240,2026-09-01
56857923579,2024-06-13,Wire Fraud,PROPERTY,PRUE,Fraud Offenses,78240,2026-09-01
71096759402,2026-06-21,Animal Cruelty,SOCIETY,SOUTH,Animal Cruelty,78242,2026-09-01
59977141808,2024-10-09,Sodomy,PERSON,SOUTH,"Sex Offenses, Forcible",78242,2026-09-01
64479216900,2025-06-11,Stolen Property Offenses,PROPERTY,WEST,Stolen Property Offenses,78245,2026-09-01
71222000635,2026-06-29,Pornography/Obscene Material,SOCIETY,NORTH,Pornography/Obscene Material,78247,2026-09-01
55476799535,2024-04-15,Theft From Coin-Operated Machine or Device,PROPERTY,NORTH,Larceny/Theft Offenses,78247,2026-09-01
51928656746,2023-08-17,Wire Fraud,PROPERTY,NORTH,Fraud Offenses,78247,2026-09-01
66348193550,2025-10-02,Wire Fraud,PROPERTY,NORTH,Fraud Offenses,78247,2026-09-01
52644038844,2023-10-19,Wire Fraud,PROPERTY,PRUE,Fraud Offenses,78248,2026-09-01
55995547110,2024-05-08,Fondling,PERSON,PRUE,"Sex Offenses, Forcible",78249,2026-09-01
48320688494,2023-03-31,Impersonation,PROPERTY,PRUE,Fraud Offenses,78249,2026-09-01
53517028825,2023-12-21,Pornography/Obscene Material,SOCIETY,PRUE,Pornography/Obscene Material,78249,2026-09-01
69833306725,2026-04-24,Wire Fraud,PROPERTY,PRUE,Fraud Offenses,78249,2026-09-01
53685573349,2024-01-09,Fondling,PERSON,PRUE,"Sex Offenses, Forcible",78250,2026-09-01
61390652845,2024-12-03,Impersonation,PROPERTY,PRUE,Fraud Offenses,78250,2026-09-01
55740820896,2024-04-30,Pornography/Obscene Material,SOCIETY,PRUE,Pornography/Obscene Material,78250,2026-09-01
53827859459,2024-02-08,Sodomy,PERSON,PRUE,"Sex Offenses, Forcible",78250,2026-09-01
55058513370,2024-03-28,Fondling,PERSON,WEST,"Sex Offenses, Forcible",78251,2026-09-01
52682629382,2023-10-20,Pornography/Obscene Material,SOCIETY,WEST,Pornography/Obscene Material,78251,2026-09-01
58494941205,2024-08-22,Pornography/Obscene Material,SOCIETY,WEST,Pornography/Obscene Material,78251,2026-09-01
70240438541,2026-05-02,Pornography/Obscene Material,SOCIETY,WEST,Pornography/Obscene Material,78251,2026-09-01
69578676841,2026-04-07,Animal Cruelty,SOCIETY,SOUTH,Animal Cruelty,78252,2026-09-01
51830406427,2023-08-14,Arson,PROPERTY,SOUTH,Arson,78252,2026-09-01
55330659704,2024-04-10,Pornography/Obscene Material,SOCIETY,SOUTH,Pornography/Obscene Material,78252,2026-09-01
72024480083,2026-08-06,Embezzlement,PROPERTY,WEST,Embezzlement,78253,2026-09-01
70446120066,2026-06-11,Arson,PROPERTY,PRUE,Arson,78254,2026-09-01
58653504981,2024-08-30,Hacking/Computer Invasion,PROPERTY,PRUE,Fraud Offenses,78256,2026-09-01
56422879909,2024-05-26,Wire Fraud,PROPERTY,PRUE,Fraud Offenses,78256,2026-09-01
53726103492,2024-01-11,Embezzlement,PROPERTY,PRUE,Embezzlement,78257,2026-09-01
71962468822,2026-08-02,Pornography/Obscene Material,SOCIETY,PRUE,Pornography/Obscene Material,78257,2026-09-01
66020354831,2025-09-11,Wire Fraud,PROPERTY,PRUE,Fraud Offenses,78257,2026-09-01
60818269902,2024-11-13,Murder & Nonnegligent Manslaughter,PERSON,NORTH,Homicide Offenses,78258,2026-09-01
72020632257,2026-08-06,Negligent Manslaughter,PERSON,NORTH,Homicide Offenses,78258,2026-09-01
51818757058,2023-08-13,Wire Fraud,PROPERTY,NORTH,Fraud Offenses,78258,2026-09-01
64666573453,2025-06-24,Stolen Property Offenses,PROPERTY,WEST,Stolen Property Offenses,Not Listed,2026-09-01
53549601793,2023-12-24,Sexual Assault With An Object,PERSON,NORTH,"Sex Offenses, Forcible",Out of Jurisdiction,2026-09-01
67067824982,2025-10-30,Animal Cruelty,SOCIETY,WEST,Animal Cruelty,78201,2026-09-01
55955527875,2024-05-06,Fondling,PERSON,CENTRAL,"Sex Offenses, Forcible",78201,2026-09-01
56528487593,2024-06-02,Kidnapping/Abduction,PERSON,CENTRAL,Kidnapping/Abduction,78201,2026-09-01
65655880715,2025-08-29,Kidnapping/Abduction,PERSON,WEST,Kidnapping/Abduction,78201,2026-09-01
57126915669,2024-06-24,Wire Fraud,PROPERTY,CENTRAL,Fraud Offenses,78201,2026-09-01
49942956858,2023-05-18,Sexual Assault With An Object,PERSON,EAST,"Sex Offenses, Forcible",78202,2026-09-01
62180535200,2025-01-06,Stolen Property Offenses,PROPERTY,EAST,Stolen Property Offenses,78202,2026-09-01
59981910605,2024-10-09,Extortion/Blackmail,PROPERTY,EAST,Extortion/Blackmail,78203,2026-09-01
62748664360,2025-02-12,Wire Fraud,PROPERTY,DOWNTOWN,Fraud Offenses,78205,2026-09-01
51421125070,2023-07-18,Arson,PROPERTY,CENTRAL,Arson,78207,2026-09-01
54621828328,2024-04-06,Arson,PROPERTY,CENTRAL,Arson,78207,2026-09-01
68211746236,2026-01-17,Arson,PROPERTY,CENTRAL,Arson,78207,2026-09-01
54709388646,2024-03-13,Fondling,PERSON,CENTRAL,"Sex Offenses, Forcible",78207,2026-09-01
62703959204,2025-02-10,Fondling,PERSON,CENTRAL,"Sex Offenses, Forcible",78207,2026-09-01
66222013752,2025-09-24,Fondling,PERSON,CENTRAL,"Sex Offenses, Forcible",78207,2026-09-01
69613305296,2026-04-09,Fondling,PERSON,CENTRAL,"Sex Offenses, Forcible",78207,2026-09-01
56040674394,2024-05-11,Pornography/Obscene Material,SOCIETY,CENTRAL,Pornography/Obscene Material,78207,2026-09-01
57658789350,2024-07-16,Pornography/Obscene Material,SOCIETY,CENTRAL,Pornography/Obscene Material,78207,2026-09-01
69567297876,2026-04-06,Pornography/Obscene Material,SOCIETY,CENTRAL,Pornography/Obscene Material,78207,2026-09-01
51476162304,2023-07-23,Prostitution,SOCIETY,CENTRAL,Prostitution Offenses,78207,2026-09-01
55713605663,2024-04-28,Welfare Fraud,PROPERTY,CENTRAL,Fraud Offenses,78207,2026-09-01
62016805018,2024-12-26,Wire Fraud,PROPERTY,CENTRAL,Fraud Offenses,78207,2026-09-01
71826053510,2026-07-23,Wire Fraud,PROPERTY,CENTRAL,Fraud Offenses,78207,2026-09-01
39848484770,2023-01-06,Murder & Nonnegligent Manslaughter,PERSON,EAST,Homicide Offenses,78208,2026-09-01
64063683563,2025-05-21,Pornography/Obscene Material,SOCIETY,NORTH,Pornography/Obscene Material,78209,2026-09-01
58497109494,2024-08-23,Pornography/Obscene Material,SOCIETY,EAST,Pornography/Obscene Material,78210,2026-09-01
50980479990,2023-06-09,Sexual Assault With An Object,PERSON,SOUTH,"Sex Offenses, Forcible",78210,2026-09-01
51764584164,2023-08-10,Stolen Property Offenses,PROPERTY,CENTRAL,Stolen Property Offenses,78210,2026-09-01
48749739964,2023-04-04,Arson,PROPERTY,SOUTH,Arson,78211,2026-09-01
62821538078,2025-02-17,Pornography/Obscene Material,SOCIETY,SOUTH,Pornography/Obscene Material,78211,2026-09-01
39632126995,2023-01-05,Arson,PROPERTY,CENTRAL,Arson,78212,2026-09-01
59842394050,2024-10-02,Assisting or Promoting Prostitution,SOCIETY,CENTRAL,Prostitution Offenses,78213,2026-09-01
49393824690,2023-05-09,Fondling,PERSON,CENTRAL,"Sex Offenses, Forcible",78213,2026-09-01
71233993927,2026-06-30,Fondling,PERSON,CENTRAL,"Sex Offenses, Forcible",78213,2026-09-01
65742625436,2025-09-06,Stolen Property Offenses,PROPERTY,CENTRAL,Stolen Property Offenses,78213,2026-09-01
43374585165,2023-02-25,Fondling,PERSON,SOUTH,"Sex Offenses, Forcible",78214,2026-09-01
51121076212,2023-06-26,Pornography/Obscene Material,SOCIETY,SOUTH,Pornography/Obscene Material,78214,2026-09-01
52309924675,2023-09-16,Welfare Fraud,PROPERTY,SOUTH,Fraud Offenses,78214,2026-09-01
72493550374,2026-08-28,Wire Fraud,PROPERTY,SOUTH,Fraud Offenses,78214,2026-09-01
70872121785,2026-06-04,Fondling,PERSON,DOWNTOWN,"Sex Offenses, Forcible",78215,2026-09-01
51429237102,2023-07-19,Fondling,PERSON,NORTH,"Sex Offenses, Forcible",78216,2026-09-01
61454758303,2024-12-10,Prostitution,SOCIETY,NORTH,Prostitution Offenses,78216,2026-09-01
56647379950,2024-06-09,Purchasing Prostitution,SOCIETY,NORTH,Prostitution Offenses,78216,2026-09-01
64294178993,2025-06-02,Wire Fraud,PROPERTY,NORTH,Fraud Offenses,78216,2026-09-01
68734072730,2026-02-27,Wire Fraud,PROPERTY,NORTH,Fraud Offenses,78216,2026-09-01
51035355431,2023-06-16,Embezzlement,PROPERTY,NORTH,Embezzlement,78217,2026-09-01
54172487496,2024-02-15,Fondling,PERSON,NORTH,"Sex Offenses, Forcible",78217,2026-09-01
53393748460,2023-12-13,Pornography/Obscene Material,SOCIETY,NORTH,Pornography/Obscene Material,78217,2026-09-01
53708948384,2024-01-10,Sexual Assault With An Object,PERSON,NORTH,"Sex Offenses, Forcible",78217,2026-09-01
65850584734,2025-09-08,Wire Fraud,PROPERTY,NORTH,Fraud Offenses,78217,2026-09-01
57517980866,2024-07-10,Fondling,PERSON,NORTH,"Sex Offenses, Forcible",78218,2026-09-01
64129714902,2025-05-25,Fondling,PERSON,EAST,"Sex Offenses, Forcible",78218,2026-09-01
51120074660,2023-06-26,Impersonation,PROPERTY,NORTH,Fraud Offenses,78218,2026-09-01
55756574141,2024-05-01,Stolen Property Offenses,PROPERTY,EAST,Stolen Property Offenses,78218,2026-09-01
69346817776,2026-03-22,Pocket-picking,PROPERTY,EAST,Larceny/Theft Offenses,78219,2026-09-01
60103900966,2024-10-18,Pornography/Obscene Material,SOCIETY,EAST,Pornography/Obscene Material,78219,2026-09-01
63624301058,2025-04-18,Pornography/Obscene Material,SOCIETY,EAST,Pornography/Obscene Material,78219,2026-09-01
41582245184,2023-02-08,Fondling,PERSON,EAST,"Sex Offenses, Forcible",78220,2026-09-01
54403640373,2024-02-26,Fondling,PERSON,EAST,"Sex Offenses, Forcible",78220,2026-09-01
63394518338,2025-03-30,Fondling,PERSON,EAST,"Sex Offenses, Forcible",78220,2026-09-01
66795250876,2025-10-19,Fondling,PERSON,EAST,"Sex Offenses, Forcible",78220,2026-09-01
63651803318,2025-04-21,Pornography/Obscene Material,SOCIETY,EAST,Pornography/Obscene Material,78220,2026-09-01
71707603900,2026-07-17,Pornography/Obscene Material,SOCIETY,EAST,Pornography/Obscene Material,78220,2026-09-01
51144055625,2023-06-28,Stolen Property Offenses,PROPERTY,EAST,Stolen Property Offenses,78220,2026-09-01
50064388950,2023-05-24,Fondling,PERSON,SOUTH,"Sex Offenses, Forcible",78221,2026-09-01
53829714543,2024-01-18,Stolen Property Offenses,PROPERTY,SOUTH,Stolen Property Offenses,78221,2026-09-01
62667790032,2025-02-07,Stolen Property Offenses,PROPERTY,EAST,Stolen Property Offenses,78222,2026-09-01
69187708238,2026-03-12,Stolen Property Offenses,PROPERTY,EAST,Stolen Property Offenses,78222,2026-09-01
62992582838,2025-03-04,Theft From Coin-Operated Machine or Device,PROPERTY,EAST,Larceny/Theft Offenses,78222,2026-09-01
52900589007,2023-11-03,Embezzlement,PROPERTY,SOUTH,Embezzlement,78223,2026-09-01
63521131895,2025-04-10,Fondling,PERSON,SOUTH,"Sex Offenses, Forcible",78223,2026-09-01
64600951714,2025-06-20,Pornography/Obscene Material,SOCIETY,EAST,Pornography/Obscene Material,78223,2026-09-01
56011343810,2024-05-10,Purse-snatching,PROPERTY,EAST,Larceny/Theft Offenses,78223,2026-09-01
72330996369,2026-08-19,Wire Fraud,PROPERTY,EAST,Fraud Offenses,78223,2026-09-01
70250931027,2026-05-02,Pornography/Obscene Material,SOCIETY,SOUTH,Pornography/Obscene Material,78224,2026-09-01
66099878710,2025-09-17,Wire Fraud,PROPERTY,SOUTH,Fraud Offenses,78224,2026-09-01
48536446982,2023-04-03,Animal Cruelty,SOCIETY,WEST,Animal Cruelty,78227,2026-09-01
70762848461,2026-05-27,Arson,PROPERTY,WEST,Arson,78227,2026-09-01
64600280035,2025-06-20,Pornography/Obscene Material,SOCIETY,WEST,Pornography/Obscene Material,78227,2026-09-01
68562279276,2026-02-14,Pornography/Obscene Material,SOCIETY,WEST,Pornography/Obscene Material,78227,2026-09-01
70532885038,2026-05-19,Wire Fraud,PROPERTY,WEST,Fraud Offenses,78227,2026-09-01
60794614243,2024-11-11,Animal Cruelty,SOCIETY,WEST,Animal Cruelty,78228,2026-09-01
62713626876,2025-02-10,Arson,PROPERTY,WEST,Arson,78228,2026-09-01
52004952343,2023-08-24,"Human Trafficking, Commercial Sex Acts",PERSON,WEST,Human Trafficking,78228,2026-09-01
58924545721,2024-09-11,Pornography/Obscene Material,SOCIETY,WEST,Pornography/Obscene Material,78228,2026-09-01
66335737941,2025-10-01,Wire Fraud,PROPERTY,WEST,Fraud Offenses,78228,2026-09-01
67591853978,2025-11-29,Wire Fraud,PROPERTY,WEST,Fraud Offenses,78228,2026-09-01
51470834713,2023-07-23,Sexual Assault With An Object,PERSON,PRUE,"Sex Offenses, Forcible",78229,2026-09-01
69597623698,2026-04-08,Stolen Property Offenses,PROPERTY,WEST,Stolen Property Offenses,78229,2026-09-01
64794652011,2025-07-02,Welfare Fraud,PROPERTY,PRUE,Fraud Offenses,78229,2026-09-01
40934420231,2023-01-19,Fondling,PERSON,PRUE,"Sex Offenses, Forcible",78230,2026-09-01
71222814963,2026-06-29,Fondling,PERSON,PRUE,"Sex Offenses, Forcible",78230,2026-09-01
71462822386,2026-07-07,Prostitution,SOCIETY,PRUE,Prostitution Offenses,78230,2026-09-01
55729744387,2024-04-29,Sodomy,PERSON,PRUE,"Sex Offenses, Forcible",78230,2026-09-01
64094906635,2025-05-22,Wire Fraud,PROPERTY,PRUE,Fraud Offenses,78230,2026-09-01
59710817254,2024-09-29,Animal Cruelty,SOCIETY,NORTH,Animal Cruelty,78233,2026-09-01
61091538567,2024-12-08,Arson,PROPERTY,NORTH,Arson,78233,2026-09-01
52472025153,2023-09-29,Sexual Assault With An Object,PERSON,NORTH,"Sex Offenses, Forcible",78233,2026-09-01
65968229543,2025-09-10,Stolen Property Offenses,PROPERTY,NORTH,Stolen Property Offenses,78233,2026-09-01
63917866453,2025-05-09,Wire Fraud,PROPERTY,NORTH,Fraud Offenses,78233,2026-09-01
52504847805,2023-10-04,Arson,PROPERTY,WEST,Arson,78237,2026-09-01
69463455474,2026-03-30,Stolen Property Offenses,PROPERTY,WEST,Stolen Property Offenses,78237,2026-09-01
52462931590,2023-09-28,Wire Fraud,PROPERTY,WEST,Fraud Offenses,78237,2026-09-01
53449110877,2023-12-18,Wire Fraud,PROPERTY,CENTRAL,Fraud Offenses,78237,2026-09-01
62969223826,2025-03-02,Fondling,PERSON,WEST,"Sex Offenses, Forcible",78238,2026-09-01
55132870544,2024-04-01,Pornography/Obscene Material,SOCIETY,WEST,Pornography/Obscene Material,78238,2026-09-01
52237737753,2023-09-09,Wire Fraud,PROPERTY,WEST,Fraud Offenses,78238,2026-09-01
57960732735,2024-07-29,Extortion/Blackmail,PROPERTY,PRUE,Extortion/Blackmail,78240,2026-09-01
54547509032,2024-03-02,Pornography/Obscene Material,SOCIETY,PRUE,Pornography/Obscene Material,78240,2026-09-01
49330515002,2023-05-02,Wire Fraud,PROPERTY,PRUE,Fraud Offenses,78240,2026-09-01
53887333630,2024-01-24,Fondling,PERSON,SOUTH,"Sex Offenses, Forcible",78242,2026-09-01
69576672426,2026-04-07,Hacking/Computer Invasion,PROPERTY,WEST,Fraud Offenses,78245,2026-09-01
55715639121,2024-04-28,Pornography/Obscene Material,SOCIETY,WEST,Pornography/Obscene Material,78245,2026-09-01
53966109453,2024-01-30,Theft From Coin-Operated Machine or Device,PROPERTY,WEST,Larceny/Theft Offenses,78245,2026-09-01
71921272090,2026-07-30,Wire Fraud,PROPERTY,WEST,Fraud Offenses,78245,2026-09-01
67203227832,2025-11-05,Fondling,PERSON,NORTH,"Sex Offenses, Forcible",78247,2026-09-01
70522891096,2026-05-18,Pornography/Obscene Material,SOCIETY,NORTH,Pornography/Obscene Material,78247,2026-09-01
57163750458,2024-06-25,Wire Fraud,PROPERTY,NORTH,Fraud Offenses,78247,2026-09-01
63470214027,2025-04-04,Wire Fraud,PROPERTY,NORTH,Fraud Offenses,78247,2026-09-01
69433064995,2026-03-27,Wire Fraud,PROPERTY,NORTH,Fraud Offenses,78247,2026-09-01
59706788546,2024-09-29,Pocket-picking,PROPERTY,PRUE,Larceny/Theft Offenses,78249,2026-09-01
52803192948,2023-10-26,Pornography/Obscene Material,SOCIETY,PRUE,Pornography/Obscene Material,78249,2026-09-01
67626387915,2025-12-01,Pornography/Obscene Material,SOCIETY,PRUE,Pornography/Obscene Material,78249,2026-09-01
58933679734,2024-09-12,Wire Fraud,PROPERTY,PRUE,Fraud Offenses,78249,2026-09-01
47176124308,2023-03-21,Fondling,PERSON,PRUE,"Sex Offenses, Forcible",78250,2026-09-01
39357620785,2023-01-16,Pornography/Obscene Material,SOCIETY,PRUE,Pornography/Obscene Material,78250,2026-09-01
62276959820,2025-01-15,Stolen Property Offenses,PROPERTY,PRUE,Stolen Property Offenses,78250,2026-09-01
63666289364,2025-04-22,Wire Fraud,PROPERTY,PRUE,Fraud Offenses,78250,2026-09-01
69662382781,2026-04-13,Wire Fraud,PROPERTY,PRUE,Fraud Offenses,78250,2026-09-01
70748674557,2026-05-26,Wire Fraud,PROPERTY,PRUE,Fraud Offenses,78250,2026-09-01
52444113389,2023-09-26,Fondling,PERSON,WEST,"Sex Offenses, Forcible",78251,2026-09-01
71082821267,2026-06-20,Fondling,PERSON,WEST,"Sex Offenses, Forcible",78251,2026-09-01
72084110826,2026-08-10,Fondling,PERSON,WEST,"Sex Offenses, Forcible",78251,2026-09-01
58121279322,2024-08-04,Wire Fraud,PROPERTY,WEST,Fraud Offenses,78251,2026-09-01
52485520936,2023-10-02,"Human Trafficking, Involuntary Servitude",PERSON,SOUTH,Human Trafficking,78252,2026-09-01
60868549744,2024-11-18,Arson,PROPERTY,PRUE,Arson,78254,2026-09-01
54605725343,2024-03-06,"Human Trafficking, Commercial Sex Acts",PERSON,PRUE,Human Trafficking,78254,2026-09-01
55982955191,2024-05-07,Pornography/Obscene Material,SOCIETY,PRUE,Pornography/Obscene Material,78254,2026-09-01
70459239930,2026-05-14,Pornography/Obscene Material,SOCIETY,PRUE,Pornography/Obscene Material,78257,2026-09-01
57533589753,2024-07-11,Embezzlement,PROPERTY,NORTH,Embezzlement,78258,2026-09-01
50058335174,2023-05-23,Pornography/Obscene Material,SOCIETY,NORTH,Pornography/Obscene Material,78258,2026-09-01
63919384732,2025-05-09,Pornography/Obscene Material,SOCIETY,NORTH,Pornography/Obscene Material,78259,2026-09-01
61911195484,2024-12-18,Wire Fraud,PROPERTY,NORTH,Fraud Offenses,78259,2026-09-01
20323239762,2023-03-07,Negligent Manslaughter,PERSON,SOUTH,Homicide Offenses,78264,2026-09-01
51344891074,2023-07-09,Sodomy,PERSON,SOUTH,"Sex Offenses, Forcible",Not Listed,2026-09-01
58298275301,2024-08-11,Pornography/Obscene Material,SOCIETY,SOUTH,Pornography/Obscene Material,Out of Jurisdiction,2026-09-01
51549975822,2023-08-28,Arson,PROPERTY,CENTRAL,Arson,78201,2026-09-01
68413234977,2026-02-04,Embezzlement,PROPERTY,DOWNTOWN,Embezzlement,78201,2026-09-01
64107538328,2025-05-23,Fondling,PERSON,WEST,"Sex Offenses, Forcible",78201,2026-09-01
65559705360,2025-08-22,Impersonation,PROPERTY,WEST,Fraud Offenses,78201,2026-09-01
54590677548,2024-03-05,Pornography/Obscene Material,SOCIETY,WEST,Pornography/Obscene Material,78201,2026-09-01
70000808090,2026-04-29,Stolen Property Offenses,PROPERTY,DOWNTOWN,Stolen Property Offenses,78201,2026-09-01
53456192796,2023-12-19,Pornography/Obscene Material,SOCIETY,EAST,Pornography/Obscene Material,78202,2026-09-01
51313550053,2023-07-05,Wire Fraud,PROPERTY,EAST,Fraud Offenses,78203,2026-09-01
63374302324,2025-03-28,Hacking/Computer Invasion,PROPERTY,SOUTH,Fraud Offenses,78204,2026-09-01
65610317560,2025-08-26,Fondling,PERSON,DOWNTOWN,"Sex Offenses, Forcible",78205,2026-09-01
68571562250,2026-02-15,Fondling,PERSON,DOWNTOWN,"Sex Offenses, Forcible",78205,2026-09-01
70670763630,2026-05-25,Murder & Nonnegligent Manslaughter,PERSON,DOWNTOWN,Homicide Offenses,78205,2026-09-01
68907961057,2026-03-05,Stolen Property Offenses,PROPERTY,DOWNTOWN,Stolen Property Offenses,78205,2026-09-01
53710511617,2024-02-06,Arson,PROPERTY,CENTRAL,Arson,78207,2026-09-01
51410579332,2023-07-17,Fondling,PERSON,CENTRAL,"Sex Offenses, Forcible",78207,2026-09-01
53592932485,2023-12-30,Fondling,PERSON,CENTRAL,"Sex Offenses, Forcible",78207,2026-09-01
54018905832,2024-02-03,Fondling,PERSON,CENTRAL,"Sex Offenses, Forcible",78207,2026-09-01
53901699517,2024-01-26,Murder & Nonnegligent Manslaughter,PERSON,CENTRAL,Homicide Offenses,78207,2026-09-01
54650341998,2024-03-11,Pornography/Obscene Material,SOCIETY,CENTRAL,Pornography/Obscene Material,78207,2026-09-01
69478738718,2026-03-31,Pornography/Obscene Material,SOCIETY,CENTRAL,Pornography/Obscene Material,78207,2026-09-01
67912951268,2025-12-23,Prostitution,SOCIETY,CENTRAL,Prostitution Offenses,78207,2026-09-01
62286501069,2025-01-16,Purchasing Prostitution,SOCIETY,CENTRAL,Prostitution Offenses,78207,2026-09-01
71726947151,2026-07-18,Purchasing Prostitution,SOCIETY,CENTRAL,Prostitution Offenses,78207,2026-09-01
41119324208,2023-01-23,Sexual Assault With An Object,PERSON,CENTRAL,"Sex Offenses, Forcible",78207,2026-09-01
61961044427,2024-12-22,Stolen Property Offenses,PROPERTY,CENTRAL,Stolen Property Offenses,78207,2026-09-01
65065260899,2025-07-22,Stolen Property Offenses,PROPERTY,CENTRAL,Stolen Property Offenses,78207,2026-09-01
51918041401,2023-08-16,Wire Fraud,PROPERTY,CENTRAL,Fraud Offenses,78207,2026-09-01
51354833445,2023-07-10,Fondling,PERSON,NORTH,"Sex Offenses, Forcible",78209,2026-09-01
53394308786,2023-12-13,Fondling,PERSON,NORTH,"Sex Offenses, Forcible",78209,2026-09-01
55233997515,2024-04-06,Stolen Property Offenses,PROPERTY,NORTH,Stolen Property Offenses,78209,2026-09-01
57060129027,2024-06-23,Stolen Property Offenses,PROPERTY,NORTH,Stolen Property Offenses,78209,2026-09-01
52364987761,2023-09-19,Fondling,PERSON,EAST,"Sex Offenses, Forcible",78210,2026-09-01
54642649009,2024-03-10,Fondling,PERSON,EAST,"Sex Offenses, Forcible",78210,2026-09-01
68233524234,2026-01-19,Fondling,PERSON,EAST,"Sex Offenses, Forcible",78210,2026-09-01
69190731616,2026-03-12,Pornography/Obscene Material,SOCIETY,EAST,Pornography/Obscene Material,78210,2026-09-01
49202108360,2023-04-19,Wire Fraud,PROPERTY,EAST,Fraud Offenses,78210,2026-09-01
65392937498,2025-08-11,Arson,PROPERTY,SOUTH,Arson,78211,2026-09-01
64129483238,2025-05-25,Pornography/Obscene Material,SOCIETY,SOUTH,Pornography/Obscene Material,78211,2026-09-01
64475650075,2025-06-11,Pornography/Obscene Material,SOCIETY,SOUTH,Pornography/Obscene Material,78211,2026-09-01
65703231201,2025-09-03,Wire Fraud,PROPERTY,SOUTH,Fraud Offenses,78211,2026-09-01
58668766604,2024-08-31,Extortion/Blackmail,PROPERTY,CENTRAL,Extortion/Blackmail,78212,2026-09-01
69579782223,2026-04-07,Fondling,PERSON,DOWNTOWN,"Sex Offenses, Forcible",78212,2026-09-01
43579777696,2023-02-26,Impersonation,PROPERTY,NORTH,Fraud Offenses,78213,2026-09-01
56025869254,2024-05-10,Wire Fraud,PROPERTY,NORTH,Fraud Offenses,78213,2026-09-01
51493479950,2023-07-25,Arson,PROPERTY,SOUTH,Arson,78214,2026-09-01
53830120269,2024-01-18,Fondling,PERSON,SOUTH,"Sex Offenses, Forcible",78214,2026-09-01
68363418597,2026-01-31,Pornography/Obscene Material,SOCIETY,SOUTH,Pornography/Obscene Material,78214,2026-09-01
68411134398,2026-02-04,Fondling,PERSON,DOWNTOWN,"Sex Offenses, Forcible",78215,2026-09-01
59923458507,2024-10-23,Arson,PROPERTY,NORTH,Arson,78216,2026-09-01
70340363056,2026-05-07,Embezzlement,PROPERTY,NORTH,Embezzlement,78216,2026-09-01
48534779816,2023-04-02,Fondling,PERSON,NORTH,"Sex Offenses, Forcible",78216,2026-09-01
66442835642,2025-11-16,"Human Trafficking, Commercial Sex Acts",PERSON,NORTH,Human Trafficking,78216,2026-09-01
68391650880,2026-02-03,Pocket-picking,PROPERTY,NORTH,Larceny/Theft Offenses,78216,2026-09-01
64382840553,2025-06-08,Pornography/Obscene Material,SOCIETY,NORTH,Pornography/Obscene Material,78216,2026-09-01
52723611439,2023-10-21,Theft From Coin-Operated Machine or Device,PROPERTY,NORTH,Larceny/Theft Offenses,78216,2026-09-01
51888161796,2023-08-14,Wire Fraud,PROPERTY,NORTH,Fraud Offenses,78216,2026-09-01
64376701343,2025-06-07,Wire Fraud,PROPERTY,NORTH,Fraud Offenses,78216,2026-09-01
54976195084,2024-03-24,Prostitution,SOCIETY,NORTH,Prostitution Offenses,78217,2026-09-01
60742592870,2024-11-08,Murder & Nonnegligent Manslaughter,PERSON,EAST,Homicide Offenses,78218,2026-09-01
65481487327,2025-08-16,Pornography/Obscene Material,SOCIETY,EAST,Pornography/Obscene Material,78218,2026-09-01
48308991364,2023-03-31,Stolen Property Offenses,PROPERTY,EAST,Stolen Property Offenses,78218,2026-09-01
53839149116,2024-01-19,Stolen Property Offenses,PROPERTY,SOUTH,Stolen Property Offenses,78218,2026-09-01
40787115691,2023-01-17,Murder & Nonnegligent Manslaughter,PERSON,EAST,Homicide Offenses,78219,2026-09-01
40506539101,2023-01-11,Pocket-picking,PROPERTY,EAST,Larceny/Theft Offenses,78219,2026-09-01
54341997679,2024-02-23,Stolen Property Offenses,PROPERTY,EAST,Stolen Property Offenses,78219,2026-09-01
46433972721,2023-03-14,Theft From Coin-Operated Machine or Device,PROPERTY,EAST,Larceny/Theft Offenses,78219,2026-09-01
58865755479,2024-09-08,Animal Cruelty,SOCIETY,EAST,Animal Cruelty,78220,2026-09-01
67976910440,2025-12-29,Fondling,PERSON,EAST,"Sex Offenses, Forcible",78220,2026-09-01
44901412383,2023-03-04,Murder & Nonnegligent Manslaughter,PERSON,EAST,Homicide Offenses,78220,2026-09-01
49234083647,2023-04-23,Pocket-picking,PROPERTY,EAST,Larceny/Theft Offenses,78220,2026-09-01
67194412625,2025-11-04,Pocket-picking,PROPERTY,EAST,Larceny/Theft Offenses,78220,2026-09-01
62942589579,2025-02-27,Embezzlement,PROPERTY,SOUTH,Embezzlement,78221,2026-09-01
50988870733,2023-06-11,Extortion/Blackmail,PROPERTY,SOUTH,Extortion/Blackmail,78221,2026-09-01
69842360880,2026-04-25,Fondling,PERSON,SOUTH,"Sex Offenses, Forcible",78221,2026-09-01
61448036457,2024-12-09,Impersonation,PROPERTY,SOUTH,Fraud Offenses,78221,2026-09-01
52188876205,2023-09-04,Wire Fraud,PROPERTY,SOUTH,Fraud Offenses,78221,2026-09-01
50957668849,2023-06-07,Extortion/Blackmail,PROPERTY,EAST,Extortion/Blackmail,78222,2026-09-01
65580626794,2025-08-24,Kidnapping/Abduction,PERSON,EAST,Kidnapping/Abduction,78222,2026-09-01
68384329810,2026-02-02,Wire Fraud,PROPERTY,EAST,Fraud Offenses,78222,2026-09-01
53273383513,2023-12-01,Fondling,PERSON,EAST,"Sex Offenses, Forcible",78223,2026-09-01
64166187971,2025-05-28,Fondling,PERSON,SOUTH,"Sex Offenses, Forcible",78223,2026-09-01
66634055971,2025-10-10,Fondling,PERSON,EAST,"Sex Offenses, Forcible",78223,2026-09-01
66095144131,2025-09-17,Pornography/Obscene Material,SOCIETY,SOUTH,Pornography/Obscene Material,78223,2026-09-01
72364728211,2026-08-21,Pornography/Obscene Material,SOCIETY,EAST,Pornography/Obscene Material,78223,2026-09-01
56749619823,2024-06-10,Sodomy,PERSON,EAST,"Sex Offenses, Forcible",78223,2026-09-01
58769712032,2024-09-06,Stolen Property Offenses,PROPERTY,EAST,Stolen Property Offenses,78223,2026-09-01
55346668914,2024-04-11,Wire Fraud,PROPERTY,SOUTH,Fraud Offenses,78224,2026-09-01
55456159537,2024-04-14,Wire Fraud,PROPERTY,SOUTH,Fraud Offenses,78224,2026-09-01
57997008272,2024-08-01,Murder & Nonnegligent Manslaughter,PERSON,SOUTH,Homicide Offenses,78225,2026-09-01
53064066078,2023-11-14,Animal Cruelty,SOCIETY,WEST,Animal Cruelty,78227,2026-09-01
52174185143,2023-09-02,Fondling,PERSON,WEST,"Sex Offenses, Forcible",78227,2026-09-01
65530024117,2025-08-20,Embezzlement,PROPERTY,WEST,Embezzlement,78228,2026-09-01
64819390651,2025-07-04,Fondling,PERSON,WEST,"Sex Offenses, Forcible",78228,2026-09-01
62573439245,2025-02-02,Impersonation,PROPERTY,WEST,Fraud Offenses,78228,2026-09-01
35860096347,2023-05-30,Murder & Nonnegligent Manslaughter,PERSON,WEST,Homicide Offenses,78228,2026-09-01
55254564218,2024-04-07,Theft From Coin-Operated Machine or Device,PROPERTY,WEST,Larceny/Theft Offenses,78228,2026-09-01
53135775212,2023-11-22,Fondling,PERSON,WEST,"Sex Offenses, Forcible",78229,2026-09-01
62462127608,2025-01-27,Impersonation,PROPERTY,PRUE,Fraud Offenses,78229,2026-09-01
64746456641,2025-06-29,Kidnapping/Abduction,PERSON,PRUE,Kidnapping/Abduction,78229,2026-09-01
69320586483,2026-03-20,Stolen Property Offenses,PROPERTY,PRUE,Stolen Property Offenses,78229,2026-09-01
51477287160,2023-07-24,Arson,PROPERTY,PRUE,Arson,78230,2026-09-01
58241407187,2024-08-08,Assisting or Promoting Prostitution,SOCIETY,PRUE,Prostitution Offenses,78230,2026-09-01
60209846372,2024-10-25,Kidnapping/Abduction,PERSON,PRUE,Kidnapping/Abduction,78231,2026-09-01
56356653750,2024-05-23,Sodomy,PERSON,NORTH,"Sex Offenses, Forcible",78232,2026-09-01
57999356972,2024-08-01,Arson,PROPERTY,NORTH,Arson,78233,2026-09-01
66248833347,2025-09-25,Fondling,PERSON,NORTH,"Sex Offenses, Forcible",78233,2026-09-01
61399980848,2024-12-04,Pornography/Obscene Material,SOCIETY,NORTH,Pornography/Obscene Material,78233,2026-09-01
45098620513,2023-03-06,Wire Fraud,PROPERTY,NORTH,Fraud Offenses,78233,2026-09-01
65217845128,2025-07-31,Embezzlement,PROPERTY,SOUTH,Embezzlement,78234,2026-09-01
51767341387,2023-08-10,Arson,PROPERTY,WEST,Arson,78237,2026-09-01
49863837799,2023-05-17,Embezzlement,PROPERTY,CENTRAL,Embezzlement,78237,2026-09-01
53861028985,2024-01-22,Fondling,PERSON,WEST,"Sex Offenses, Forcible",78237,2026-09-01
69784310918,2026-04-21,Pornography/Obscene Material,SOCIETY,WEST,Pornography/Obscene Material,78237,2026-09-01
55131485474,2024-04-01,Sexual Assault With An Object,PERSON,WEST,"Sex Offenses, Forcible",78237,2026-09-01
55740775850,2024-04-30,Sodomy,PERSON,WEST,"Sex Offenses, Forcible",78237,2026-09-01
53908561161,2024-01-26,Stolen Property Offenses,PROPERTY,WEST,Stolen Property Offenses,78237,2026-09-01
63164278725,2025-03-13,Theft From Coin-Operated Machine or Device,PROPERTY,WEST,Larceny/Theft Offenses,78237,2026-09-01
59870856738,2024-10-04,Pornography/Obscene Material,SOCIETY,WEST,Pornography/Obscene Material,78238,2026-09-01
53357423716,2023-12-08,Stolen Property Offenses,PROPERTY,WEST,Stolen Property Offenses,78238,2026-09-01
54026331250,2024-02-04,Arson,PROPERTY,PRUE,Arson,78240,2026-09-01
58002519838,2024-08-01,Embezzlement,PROPERTY,PRUE,Embezzlement,78240,2026-09-01
53862259818,2024-01-22,Sexual Assault With An Object,PERSON,PRUE,"Sex Offenses, Forcible",78240,2026-09-01
54808079089,2024-03-18,Sodomy,PERSON,PRUE,"Sex Offenses, Forcible",78240,2026-09-01
54324931637,2024-02-23,Stolen Property Offenses,PROPERTY,PRUE,Stolen Property Offenses,78240,2026-09-01
64174022777,2025-05-28,Wire Fraud,PROPERTY,PRUE,Fraud Offenses,78240,2026-09-01
71945741113,2026-08-01,Murder & Nonnegligent Manslaughter,PERSON,SOUTH,Homicide Offenses,78241,2026-09-01
53273186858,2023-12-01,Pornography/Obscene Material,SOCIETY,SOUTH,Pornography/Obscene Material,78242,2026-09-01
58691966172,2024-09-02,Pornography/Obscene Material,SOCIETY,SOUTH,Pornography/Obscene Material,78242,2026-09-01
72020888915,2026-08-06,Pornography/Obscene Material,SOCIETY,SOUTH,Pornography/Obscene Material,78242,2026-09-01
49099353855,2023-04-17,Wire Fraud,PROPERTY,SOUTH,Fraud Offenses,78242,2026-09-01
51922249884,2023-08-16,Wire Fraud,PROPERTY,SOUTH,Fraud Offenses,78242,2026-09-01
47828478540,2023-03-27,Fondling,PERSON,EAST,"Sex Offenses, Forcible",78244,2026-09-01
55742618674,2024-04-30,Fondling,PERSON,EAST,"Sex Offenses, Forcible",78244,2026-09-01
51887129877,2023-08-14,Stolen Property Offenses,PROPERTY,EAST,Stolen Property Offenses,78244,2026-09-01
64805223085,2025-07-03,Pornography/Obscene Material,SOCIETY,WEST,Pornography/Obscene Material,78245,2026-09-01
66163627858,2025-09-21,Stolen Property Offenses,PROPERTY,WEST,Stolen Property Offenses,78245,2026-09-01
72038454051,2026-08-07,Welfare Fraud,PROPERTY,WEST,Fraud Offenses,78245,2026-09-01
70229429700,2026-05-01,Embezzlement,PROPERTY,NORTH,Embezzlement,78247,2026-09-01
55469265900,2024-04-15,Extortion/Blackmail,PROPERTY,NORTH,Extortion/Blackmail,78247,2026-09-01
63185065976,2025-03-14,Fondling,PERSON,NORTH,"Sex Offenses, Forcible",78247,2026-09-01
40906991496,2023-01-19,Purse-snatching,PROPERTY,NORTH,Larceny/Theft Offenses,78247,2026-09-01
60944453842,2024-11-21,Wire Fraud,PROPERTY,NORTH,Fraud Offenses,78247,2026-09-01
64801597938,2025-07-03,Pocket-picking,PROPERTY,PRUE,Larceny/Theft Offenses,78249,2026-09-01
65471851443,2025-08-15,Wire Fraud,PROPERTY,PRUE,Fraud Offenses,78249,2026-09-01
70421685033,2026-06-01,Arson,PROPERTY,PRUE,Arson,78250,2026-09-01
66407211845,2025-10-08,Fondling,PERSON,PRUE,"Sex Offenses, Forcible",78250,2026-09-01
54086772751,2024-02-07,Pornography/Obscene Material,SOCIETY,PRUE,Pornography/Obscene Material,78250,2026-09-01
59634617395,2024-09-26,Pornography/Obscene Material,SOCIETY,PRUE,Pornography/Obscene Material,78250,2026-09-01
63313014685,2025-03-24,Pornography/Obscene Material,SOCIETY,PRUE,Pornography/Obscene Material,78250,2026-09-01
56007717804,2024-05-09,Wire Fraud,PROPERTY,PRUE,Fraud Offenses,78250,2026-09-01
57462525121,2024-07-07,Wire Fraud,PROPERTY,PRUE,Fraud Offenses,78250,2026-09-01
72043302980,2026-08-07,Wire Fraud,PROPERTY,PRUE,Fraud Offenses,78250,2026-09-01
53057728545,2023-11-14,Pornography/Obscene Material,SOCIETY,WEST,Pornography/Obscene Material,78251,2026-09-01
72304347189,2026-08-19,Pornography/Obscene Material,SOCIETY,WEST,Pornography/Obscene Material,78251,2026-09-01
43847155756,2023-02-27,Sexual Assault With An Object,PERSON,WEST,"Sex Offenses, Forcible",78251,2026-09-01
65396197628,2025-08-10,Kidnapping/Abduction,PERSON,WEST,Kidnapping/Abduction,78253,2026-09-01
62416662644,2025-01-23,Stolen Property Offenses,PROPERTY,PRUE,Stolen Property Offenses,78256,2026-09-01
67586341924,2025-11-28,Wire Fraud,PROPERTY,PRUE,Fraud Offenses,78256,2026-09-01
52602729310,2023-10-16,Pornography/Obscene Material,SOCIETY,PRUE,Pornography/Obscene Material,78257,2026-09-01
53865142162,2024-01-22,Pornography/Obscene Material,SOCIETY,PRUE,Pornography/Obscene Material,78257,2026-09-01
62351907599,2025-01-19,Pornography/Obscene Material,SOCIETY,PRUE,Pornography/Obscene Material,78257,2026-09-01
39789216973,2023-01-06,Purse-snatching,PROPERTY,NORTH,Larceny/Theft Offenses,78258,2026-09-01
64645585484,2025-06-23,Wire Fraud,PROPERTY,NORTH,Fraud Offenses,78260,2026-09-01
51936358816,2023-08-18,Fondling,PERSON,WEST,"Sex Offenses, Forcible",78201,2026-09-01
50933583543,2023-06-03,Pornography/Obscene Material,SOCIETY,WEST,Pornography/Obscene Material,78201,2026-09-01
50961399739,2023-06-07,Pornography/Obscene Material,SOCIETY,CENTRAL,Pornography/Obscene Material,78201,2026-09-01
55026855285,2024-03-27,Pornography/Obscene Material,SOCIETY,WEST,Pornography/Obscene Material,78201,2026-09-01
50788372221,2023-05-31,Prostitution,SOCIETY,EAST,Prostitution Offenses,78201,2026-09-01
57657293649,2024-07-16,Stolen Property Offenses,PROPERTY,WEST,Stolen Property Offenses,78201,2026-09-01
70147176801,2026-04-30,Theft From Coin-Operated Machine or Device,PROPERTY,WEST,Larceny/Theft Offenses,78201,2026-09-01
55151322868,2024-04-02,Wire Fraud,PROPERTY,WEST,Fraud Offenses,78201,2026-09-01
66400489560,2025-10-07,Wire Fraud,PROPERTY,EAST,Fraud Offenses,78202,2026-09-01
56110435715,2024-05-17,Welfare Fraud,PROPERTY,EAST,Fraud Offenses,78203,2026-09-01
53946261520,2024-01-29,Pocket-picking,PROPERTY,CENTRAL,Larceny/Theft Offenses,78205,2026-09-01
54998748801,2024-03-25,Pocket-picking,PROPERTY,CENTRAL,Larceny/Theft Offenses,78205,2026-09-01
55821920656,2024-05-03,Prostitution,SOCIETY,CENTRAL,Prostitution Offenses,78205,2026-09-01
56252558556,2024-05-21,Purse-snatching,PROPERTY,CENTRAL,Larceny/Theft Offenses,78205,2026-09-01
71574813384,2026-07-11,Purse-snatching,PROPERTY,DOWNTOWN,Larceny/Theft Offenses,78205,2026-09-01
51329485970,2023-07-07,Sodomy,PERSON,CENTRAL,"Sex Offenses, Forcible",78205,2026-09-01
61999416267,2024-12-24,Animal Cruelty,SOCIETY,CENTRAL,Animal Cruelty,78207,2026-09-01
62877841991,2025-02-23,Arson,PROPERTY,CENTRAL,Arson,78207,2026-09-01
47282393968,2023-03-22,Fondling,PERSON,CENTRAL,"Sex Offenses, Forcible",78207,2026-09-01
53605948759,2024-01-01,Fondling,PERSON,CENTRAL,"Sex Offenses, Forcible",78207,2026-09-01
62521704147,2025-01-30,Fondling,PERSON,DOWNTOWN,"Sex Offenses, Forcible",78207,2026-09-01
66660877597,2025-10-12,Fondling,PERSON,CENTRAL,"Sex Offenses, Forcible",78207,2026-09-01
67727894705,2025-12-08,Impersonation,PROPERTY,DOWNTOWN,Fraud Offenses,78207,2026-09-01
51494827425,2023-07-25,Kidnapping/Abduction,PERSON,CENTRAL,Kidnapping/Abduction,78207,2026-09-01
52284567799,2023-09-14,Murder & Nonnegligent Manslaughter,PERSON,CENTRAL,Homicide Offenses,78207,2026-09-01
60941953107,2024-11-21,Pornography/Obscene Material,SOCIETY,CENTRAL,Pornography/Obscene Material,78207,2026-09-01
65144710654,2025-07-29,Prostitution,SOCIETY,CENTRAL,Prostitution Offenses,78207,2026-09-01
72199053747,2026-08-13,Prostitution,SOCIETY,CENTRAL,Prostitution Offenses,78207,2026-09-01
51014181192,2023-06-14,Sexual Assault With An Object,PERSON,CENTRAL,"Sex Offenses, Forcible",78207,2026-09-01
53466152339,2023-12-20,Stolen Property Offenses,PROPERTY,CENTRAL,Stolen Property Offenses,78207,2026-09-01
65436721323,2025-08-12,Stolen Property Offenses,PROPERTY,CENTRAL,Stolen Property Offenses,78207,2026-09-01
60310847806,2024-10-30,Animal Cruelty,SOCIETY,NORTH,Animal Cruelty,78209,2026-09-01
58840169044,2024-09-07,Pornography/Obscene Material,SOCIETY,NORTH,Pornography/Obscene Material,78209,2026-09-01
58885177990,2024-09-09,Wire Fraud,PROPERTY,NORTH,Fraud Offenses,78209,2026-09-01
71150610178,2026-06-24,Wire Fraud,PROPERTY,DOWNTOWN,Fraud Offenses,78209,2026-09-01
53950445606,2024-01-29,Animal Cruelty,SOCIETY,EAST,Animal Cruelty,78210,2026-09-01
63065413863,2025-03-06,Fondling,PERSON,EAST,"Sex Offenses, Forcible",78210,2026-09-01
60191882475,2024-10-24,Stolen Property Offenses,PROPERTY,DOWNTOWN,Stolen Property Offenses,78210,2026-09-01
44641675979,2023-03-02,Wire Fraud,PROPERTY,EAST,Fraud Offenses,78210,2026-09-01
60368001044,2024-11-02,Wire Fraud,PROPERTY,EAST,Fraud Offenses,78210,2026-09-01
72097863485,2026-08-11,Fondling,PERSON,SOUTH,"Sex Offenses, Forcible",78211,2026-09-01
65058148696,2025-07-22,Impersonation,PROPERTY,SOUTH,Fraud Offenses,78211,2026-09-01
71984803817,2026-08-04,Wire Fraud,PROPERTY,SOUTH,Fraud Offenses,78211,2026-09-01
56893512069,2024-06-17,Wire Fraud,PROPERTY,DOWNTOWN,Fraud Offenses,78212,2026-09-01
69871567627,2026-04-27,Fondling,PERSON,SOUTH,"Sex Offenses, Forcible",78214,2026-09-01
51449903216,2023-07-21,Stolen Property Offenses,PROPERTY,SOUTH,Stolen Property Offenses,78214,2026-09-01
71727578020,2026-07-18,Stolen Property Offenses,PROPERTY,DOWNTOWN,Stolen Property Offenses,78215,2026-09-01
70844888843,2026-06-02,Embezzlement,PROPERTY,NORTH,Embezzlement,78216,2026-09-01
56637572077,2024-06-09,Prostitution,SOCIETY,NORTH,Prostitution Offenses,78216,2026-09-01
57423483269,2024-07-06,Purchasing Prostitution,SOCIETY,NORTH,Prostitution Offenses,78216,2026-09-01
66677470782,2025-10-13,Stolen Property Offenses,PROPERTY,NORTH,Stolen Property Offenses,78216,2026-09-01
56626385622,2024-06-08,Stolen Property Offenses,PROPERTY,NORTH,Stolen Property Offenses,78217,2026-09-01
70750613617,2026-05-26,Fondling,PERSON,EAST,"Sex Offenses, Forcible",78218,2026-09-01
49353470051,2023-05-05,Wire Fraud,PROPERTY,EAST,Fraud Offenses,78218,2026-09-01
50109803778,2023-05-29,Pocket-picking,PROPERTY,EAST,Larceny/Theft Offenses,78219,2026-09-01
53288777244,2023-12-03,Sexual Assault With An Object,PERSON,EAST,"Sex Offenses, Forcible",78219,2026-09-01
65336563433,2025-08-06,Fondling,PERSON,EAST,"Sex Offenses, Forcible",78220,2026-09-01
67873054611,2025-12-19,Fondling,PERSON,EAST,"Sex Offenses, Forcible",78220,2026-09-01
40645519353,2023-01-13,"Human Trafficking, Commercial Sex Acts",PERSON,EAST,Human Trafficking,78220,2026-09-01
63876174556,2025-05-07,Pornography/Obscene Material,SOCIETY,EAST,Pornography/Obscene Material,78220,2026-09-01
50932367405,2023-06-03,Sodomy,PERSON,EAST,"Sex Offenses, Forcible",78220,2026-09-01
56562311820,2024-06-03,Wire Fraud,PROPERTY,EAST,Fraud Offenses,78220,2026-09-01
63432101566,2025-04-01,Wire Fraud,PROPERTY,EAST,Fraud Offenses,78220,2026-09-01
64892953483,2025-07-09,Embezzlement,PROPERTY,SOUTH,Embezzlement,78221,2026-09-01
60229076602,2024-10-27,Purse-snatching,PROPERTY,SOUTH,Larceny/Theft Offenses,78221,2026-09-01
51701588249,2023-08-04,Murder & Nonnegligent Manslaughter,PERSON,EAST,Homicide Offenses,78222,2026-09-01
55011841408,2024-03-26,Stolen Property Offenses,PROPERTY,EAST,Stolen Property Offenses,78222,2026-09-01
58916140945,2024-09-10,Welfare Fraud,PROPERTY,EAST,Fraud Offenses,78222,2026-09-01
54666557382,2024-03-11,Extortion/Blackmail,PROPERTY,EAST,Extortion/Blackmail,78223,2026-09-01
64824464351,2025-07-05,Fondling,PERSON,SOUTH,"Sex Offenses, Forcible",78223,2026-09-01
49100317296,2023-04-17,Sodomy,PERSON,SOUTH,"Sex Offenses, Forcible",78223,2026-09-01
53007708720,2023-11-12,Welfare Fraud,PROPERTY,SOUTH,Fraud Offenses,78223,2026-09-01
51525283802,2023-07-27,Wire Fraud,PROPERTY,SOUTH,Fraud Offenses,78223,2026-09-01
53661153700,2024-01-06,Wire Fraud,PROPERTY,EAST,Fraud Offenses,78223,2026-09-01
55441207358,2024-04-13,Fondling,PERSON,SOUTH,"Sex Offenses, Forcible",78224,2026-09-01
57993142958,2024-07-31,Sexual Assault With An Object,PERSON,SOUTH,"Sex Offenses, Forcible",78224,2026-09-01
58562651094,2024-08-25,Wire Fraud,PROPERTY,SOUTH,Fraud Offenses,78225,2026-09-01
59204483245,2024-09-14,Stolen Property Offenses,PROPERTY,SOUTH,Stolen Property Offenses,78226,2026-09-01
66114812889,2025-09-18,Embezzlement,PROPERTY,SOUTH,Embezzlement,78227,2026-09-01
53808495234,2024-01-16,Fondling,PERSON,WEST,"Sex Offenses, Forcible",78227,2026-09-01
56278649496,2024-05-22,Hacking/Computer Invasion,PROPERTY,WEST,Fraud Offenses,78227,2026-09-01
60755368082,2024-11-09,Pornography/Obscene Material,SOCIETY,SOUTH,Pornography/Obscene Material,78227,2026-09-01
65368946112,2025-08-08,Pornography/Obscene Material,SOCIETY,WEST,Pornography/Obscene Material,78227,2026-09-01
41235542682,2023-01-27,Sexual Assault With An Object,PERSON,WEST,"Sex Offenses, Forcible",78227,2026-09-01
47394124521,2023-03-23,Sexual Assault With An Object,PERSON,SOUTH,"Sex Offenses, Forcible",78227,2026-09-01
63520280713,2025-04-09,Welfare Fraud,PROPERTY,WEST,Fraud Offenses,78227,2026-09-01
41180051431,2023-01-27,Animal Cruelty,SOCIETY,WEST,Animal Cruelty,78228,2026-09-01
64885329160,2025-07-08,Fondling,PERSON,WEST,"Sex Offenses, Forcible",78228,2026-09-01
64898572778,2025-07-09,Fondling,PERSON,WEST,"Sex Offenses, Forcible",78228,2026-09-01
62666528850,2025-02-07,"Human Trafficking, Commercial Sex Acts",PERSON,WEST,Human Trafficking,78228,2026-09-01
54343013481,2024-02-23,Impersonation,PROPERTY,WEST,Fraud Offenses,78228,2026-09-01
49309938326,2023-04-29,Murder & Nonnegligent Manslaughter,PERSON,WEST,Homicide Offenses,78228,2026-09-01
66063036969,2025-09-14,Stolen Property Offenses,PROPERTY,WEST,Stolen Property Offenses,78228,2026-09-01
61418645188,2024-12-06,Wire Fraud,PROPERTY,WEST,Fraud Offenses,78228,2026-09-01
58507569028,2024-08-23,Embezzlement,PROPERTY,PRUE,Embezzlement,78229,2026-09-01
58575511889,2024-08-26,Extortion/Blackmail,PROPERTY,PRUE,Extortion/Blackmail,78229,2026-09-01
51958630496,2023-08-21,Fondling,PERSON,PRUE,"Sex Offenses, Forcible",78229,2026-09-01
54300977876,2024-02-21,Fondling,PERSON,PRUE,"Sex Offenses, Forcible",78229,2026-09-01
51095995934,2023-06-23,Sodomy,PERSON,PRUE,"Sex Offenses, Forcible",78229,2026-09-01
53109867374,2023-11-19,Stolen Property Offenses,PROPERTY,PRUE,Stolen Property Offenses,78229,2026-09-01
67404499745,2025-11-17,Stolen Property Offenses,PROPERTY,PRUE,Stolen Property Offenses,78229,2026-09-01
68459594694,2026-02-07,Wire Fraud,PROPERTY,PRUE,Fraud Offenses,78229,2026-09-01
65029669697,2025-07-19,Animal Cruelty,SOCIETY,PRUE,Animal Cruelty,78230,2026-09-01
53395363672,2023-12-13,Wire Fraud,PROPERTY,PRUE,Fraud Offenses,78230,2026-09-01
69121967897,2026-03-08,Extortion/Blackmail,PROPERTY,NORTH,Extortion/Blackmail,78233,2026-09-01
60081109607,2024-10-17,Welfare Fraud,PROPERTY,SOUTH,Fraud Offenses,78235,2026-09-01
54548114814,2024-03-02,Stolen Property Offenses,PROPERTY,WEST,Stolen Property Offenses,78237,2026-09-01
70782011279,2026-05-28,Stolen Property Offenses,PROPERTY,WEST,Stolen Property Offenses,78237,2026-09-01
51765149088,2023-08-10,Extortion/Blackmail,PROPERTY,WEST,Extortion/Blackmail,78238,2026-09-01
59347629725,2024-09-16,Prostitution,SOCIETY,WEST,Prostitution Offenses,78238,2026-09-01
58404766752,2024-08-15,Animal Cruelty,SOCIETY,PRUE,Animal Cruelty,78240,2026-09-01
55095713161,2024-03-30,Embezzlement,PROPERTY,PRUE,Embezzlement,78240,2026-09-01
52005466693,2023-08-24,Fondling,PERSON,PRUE,"Sex Offenses, Forcible",78240,2026-09-01
71020267678,2026-06-15,Kidnapping/Abduction,PERSON,PRUE,Kidnapping/Abduction,78240,2026-09-01
64804515771,2025-07-03,Pornography/Obscene Material,SOCIETY,PRUE,Pornography/Obscene Material,78240,2026-09-01
58884552283,2024-09-09,Wire Fraud,PROPERTY,PRUE,Fraud Offenses,78240,2026-09-01
51951811803,2023-08-20,Fondling,PERSON,SOUTH,"Sex Offenses, Forcible",78242,2026-09-01
59969121695,2024-10-08,Fondling,PERSON,SOUTH,"Sex Offenses, Forcible",78242,2026-09-01
52171403403,2025-02-11,Fondling,PERSON,SOUTH,"Sex Offenses, Forcible",78242,2026-09-01
62113595512,2025-01-02,Pornography/Obscene Material,SOCIETY,SOUTH,Pornography/Obscene Material,78242,2026-09-01
63500809955,2025-04-07,Pornography/Obscene Material,SOCIETY,SOUTH,Pornography/Obscene Material,78242,2026-09-01
71039622633,2026-06-17,Pornography/Obscene Material,SOCIETY,EAST,Pornography/Obscene Material,78244,2026-09-01
51091923156,2023-06-23,Arson,PROPERTY,WEST,Arson,78245,2026-09-01
72214350748,2026-08-14,Impersonation,PROPERTY,WEST,Fraud Offenses,78245,2026-09-01
60224314889,2024-10-27,Sodomy,PERSON,WEST,"Sex Offenses, Forcible",78245,2026-09-01
69406807294,2026-03-25,Wire Fraud,PROPERTY,WEST,Fraud Offenses,78245,2026-09-01
56785476781,2024-06-11,Sodomy,PERSON,NORTH,"Sex Offenses, Forcible",78247,2026-09-01
58731013844,2024-09-04,Theft From Coin-Operated Machine or Device,PROPERTY,NORTH,Larceny/Theft Offenses,78247,2026-09-01
65543697297,2025-08-21,Wire Fraud,PROPERTY,NORTH,Fraud Offenses,78247,2026-09-01
41292189477,2023-01-29,Pornography/Obscene Material,SOCIETY,PRUE,Pornography/Obscene Material,78249,2026-09-01
52601192715,2023-10-16,Pornography/Obscene Material,SOCIETY,PRUE,Pornography/Obscene Material,78249,2026-09-01
51733723633,2023-08-08,Wire Fraud,PROPERTY,PRUE,Fraud Offenses,78249,2026-09-01
54407448032,2024-02-27,Extortion/Blackmail,PROPERTY,PRUE,Extortion/Blackmail,78250,2026-09-01
48968240612,2023-04-06,Fondling,PERSON,PRUE,"Sex Offenses, Forcible",78250,2026-09-01
67817649624,2025-12-15,Fondling,PERSON,PRUE,"Sex Offenses, Forcible",78250,2026-09-01
63490229438,2025-04-06,Pornography/Obscene Material,SOCIETY,PRUE,Pornography/Obscene Material,78250,2026-09-01
64541774333,2025-06-16,Stolen Property Offenses,PROPERTY,PRUE,Stolen Property Offenses,78250,2026-09-01
55683279726,2024-04-25,Wire Fraud,PROPERTY,PRUE,Fraud Offenses,78250,2026-09-01
64999797671,2025-07-17,Wire Fraud,PROPERTY,PRUE,Fraud Offenses,78250,2026-09-01
67849939519,2025-12-18,Wire Fraud,PROPERTY,PRUE,Fraud Offenses,78250,2026-09-01
51394313130,2023-07-15,Fondling,PERSON,WEST,"Sex Offenses, Forcible",78251,2026-09-01
58135597328,2024-08-05,Fondling,PERSON,WEST,"Sex Offenses, Forcible",78251,2026-09-01
61470541794,2024-12-11,Fondling,PERSON,WEST,"Sex Offenses, Forcible",78251,2026-09-01
53893435996,2024-01-25,Pornography/Obscene Material,SOCIETY,WEST,Pornography/Obscene Material,78251,2026-09-01
68285337890,2026-01-23,Pornography/Obscene Material,SOCIETY,WEST,Pornography/Obscene Material,78251,2026-09-01
69654522838,2026-04-12,Pornography/Obscene Material,SOCIETY,WEST,Pornography/Obscene Material,78251,2026-09-01
63347537270,2025-03-27,Stolen Property Offenses,PROPERTY,WEST,Stolen Property Offenses,78251,2026-09-01
63527215100,2025-04-10,Stolen Property Offenses,PROPERTY,WEST,Stolen Property Offenses,78251,2026-09-01
69379252542,2026-03-23,Hacking/Computer Invasion,PROPERTY,PRUE,Fraud Offenses,78254,2026-09-01
55281082987,2024-04-08,Wire Fraud,PROPERTY,PRUE,Fraud Offenses,78254,2026-09-01
61871414554,2024-12-16,Wire Fraud,PROPERTY,PRUE,Fraud Offenses,78254,2026-09-01
49181930722,2023-04-19,Fondling,PERSON,PRUE,"Sex Offenses, Forcible",78256,2026-09-01
57631728380,2024-07-15,Wire Fraud,PROPERTY,PRUE,Fraud Offenses,78256,2026-09-01
63386498089,2025-03-29,Pornography/Obscene Material,SOCIETY,NORTH,Pornography/Obscene Material,78258,2026-09-01
50028948487,2023-05-20,Embezzlement,PROPERTY,NORTH,Embezzlement,78259,2026-09-01
68589163491,2026-02-17,Pornography/Obscene Material,SOCIETY,PRUE,Pornography/Obscene Material,Out of Jurisdiction,2026-09-01
55991334586,2024-05-08,Embezzlement,PROPERTY,CENTRAL,Embezzlement,78201,2026-09-01
52869041592,2023-11-01,Fondling,PERSON,WEST,"Sex Offenses, Forcible",78201,2026-09-01
50084822240,2023-05-27,Sexual Assault With An Object,PERSON,CENTRAL,"Sex Offenses, Forcible",78201,2026-09-01
66207256951,2025-09-23,Theft From Coin-Operated Machine or Device,PROPERTY,WEST,Larceny/Theft Offenses,78201,2026-09-01
56486129820,2024-06-01,Pornography/Obscene Material,SOCIETY,EAST,Pornography/Obscene Material,78202,2026-09-01
55376210866,2024-04-11,Fondling,PERSON,EAST,"Sex Offenses, Forcible",78203,2026-09-01
55501138943,2024-04-16,Fondling,PERSON,EAST,"Sex Offenses, Forcible",78203,2026-09-01
70254660644,2026-05-02,Extortion/Blackmail,PROPERTY,DOWNTOWN,Extortion/Blackmail,78204,2026-09-01
41440421464,2023-02-03,Fondling,PERSON,SOUTH,"Sex Offenses, Forcible",78204,2026-09-01
64156558710,2025-05-27,Kidnapping/Abduction,PERSON,DOWNTOWN,Kidnapping/Abduction,78204,2026-09-01
59457511881,2024-09-21,Stolen Property Offenses,PROPERTY,DOWNTOWN,Stolen Property Offenses,78204,2026-09-01
53550819078,2023-12-24,Fondling,PERSON,CENTRAL,"Sex Offenses, Forcible",78205,2026-09-01
52460660336,2023-09-28,Embezzlement,PROPERTY,CENTRAL,Embezzlement,78207,2026-09-01
65620518114,2025-08-27,Fondling,PERSON,DOWNTOWN,"Sex Offenses, Forcible",78207,2026-09-01
71843921529,2026-07-24,Fondling,PERSON,CENTRAL,"Sex Offenses, Forcible",78207,2026-09-01
63461899082,2025-04-03,Pornography/Obscene Material,SOCIETY,DOWNTOWN,Pornography/Obscene Material,78207,2026-09-01
70301651603,2026-05-05,Prostitution,SOCIETY,CENTRAL,Prostitution Offenses,78207,2026-09-01
49252472908,2023-04-26,Sexual Assault With An Object,PERSON,CENTRAL,"Sex Offenses, Forcible",78207,2026-09-01
50968088670,2023-06-08,Sexual Assault With An Object,PERSON,CENTRAL,"Sex Offenses, Forcible",78207,2026-09-01
67523091696,2025-11-24,Stolen Property Offenses,PROPERTY,CENTRAL,Stolen Property Offenses,78207,2026-09-01
62025827796,2024-12-27,Theft From Coin-Operated Machine or Device,PROPERTY,CENTRAL,Larceny/Theft Offenses,78207,2026-09-01
53847711388,2024-01-20,Welfare Fraud,PROPERTY,CENTRAL,Fraud Offenses,78207,2026-09-01
65624241664,2025-08-27,Welfare Fraud,PROPERTY,CENTRAL,Fraud Offenses,78207,2026-09-01
51370789318,2023-07-12,Wire Fraud,PROPERTY,CENTRAL,Fraud Offenses,78207,2026-09-01
58920579005,2024-09-10,Wire Fraud,PROPERTY,CENTRAL,Fraud Offenses,78207,2026-09-01
69597058710,2026-04-08,Wire Fraud,PROPERTY,CENTRAL,Fraud Offenses,78207,2026-09-01
52552782439,2023-10-10,Arson,PROPERTY,EAST,Arson,78208,2026-09-01
64719237216,2025-06-27,Wire Fraud,PROPERTY,NORTH,Fraud Offenses,78209,2026-09-01
42889542979,2023-02-20,Arson,PROPERTY,EAST,Arson,78210,2026-09-01
51297595433,2023-07-03,Fondling,PERSON,SOUTH,"Sex Offenses, Forcible",78210,2026-09-01
47827921362,2023-03-27,Pornography/Obscene Material,SOCIETY,EAST,Pornography/Obscene Material,78210,2026-09-01
39685189637,2023-01-05,Embezzlement,PROPERTY,SOUTH,Embezzlement,78211,2026-09-01
51970412702,2023-08-22,Fondling,PERSON,SOUTH,"Sex Offenses, Forcible",78211,2026-09-01
52737787733,2023-10-21,Pornography/Obscene Material,SOCIETY,SOUTH,Pornography/Obscene Material,78211,2026-09-01
64139458222,2025-05-26,Pornography/Obscene Material,SOCIETY,SOUTH,Pornography/Obscene Material,78211,2026-09-01
58883648800,2024-09-09,Theft From Coin-Operated Machine or Device,PROPERTY,SOUTH,Larceny/Theft Offenses,78211,2026-09-01
58312714379,2024-08-12,Wire Fraud,PROPERTY,SOUTH,Fraud Offenses,78211,2026-09-01
62145081472,2025-03-31,Arson,PROPERTY,DOWNTOWN,Arson,78212,2026-09-01
63247377935,2025-07-29,Arson,PROPERTY,DOWNTOWN,Arson,78212,2026-09-01
51133761970,2023-06-27,Embezzlement,PROPERTY,CENTRAL,Embezzlement,78212,2026-09-01
48978643565,2023-04-07,Operating/Promoting/Assisting Gambling,SOCIETY,CENTRAL,Gambling Offenses,78212,2026-09-01
64346927134,2025-06-05,Stolen Property Offenses,PROPERTY,DOWNTOWN,Stolen Property Offenses,78212,2026-09-01
70889519796,2026-06-06,Murder & Nonnegligent Manslaughter,PERSON,CENTRAL,Homicide Offenses,78213,2026-09-01
67973973073,2025-12-29,Pornography/Obscene Material,SOCIETY,NORTH,Pornography/Obscene Material,78213,2026-09-01
66061479373,2025-09-14,Arson,PROPERTY,SOUTH,Arson,78214,2026-09-01
66671275422,2025-10-13,Arson,PROPERTY,SOUTH,Arson,78214,2026-09-01
66878156596,2025-10-25,Fondling,PERSON,SOUTH,"Sex Offenses, Forcible",78214,2026-09-01
50925452083,2023-06-02,Sodomy,PERSON,SOUTH,"Sex Offenses, Forcible",78214,2026-09-01
52495180430,2023-10-03,Wire Fraud,PROPERTY,SOUTH,Fraud Offenses,78214,2026-09-01
57215703482,2024-06-30,Stolen Property Offenses,PROPERTY,DOWNTOWN,Stolen Property Offenses,78215,2026-09-01
47940372405,2023-03-28,Embezzlement,PROPERTY,NORTH,Embezzlement,78216,2026-09-01
65082313950,2025-07-23,Embezzlement,PROPERTY,NORTH,Embezzlement,78216,2026-09-01
42986221049,2023-03-16,Fondling,PERSON,NORTH,"Sex Offenses, Forcible",78216,2026-09-01
53334708906,2023-12-09,Pornography/Obscene Material,SOCIETY,NORTH,Pornography/Obscene Material,78216,2026-09-01
58462426216,2024-08-19,Prostitution,SOCIETY,NORTH,Prostitution Offenses,78216,2026-09-01
50449611875,2023-05-30,Sodomy,PERSON,PRUE,"Sex Offenses, Forcible",78216,2026-09-01
64599851294,2025-06-20,Wire Fraud,PROPERTY,NORTH,Fraud Offenses,78216,2026-09-01
66759599057,2025-10-17,Kidnapping/Abduction,PERSON,NORTH,Kidnapping/Abduction,78217,2026-09-01
67215309580,2025-11-05,Pornography/Obscene Material,SOCIETY,NORTH,Pornography/Obscene Material,78217,2026-09-01
70493774531,2026-05-16,Pornography/Obscene Material,SOCIETY,NORTH,Pornography/Obscene Material,78217,2026-09-01
49395422164,2023-05-10,Sodomy,PERSON,NORTH,"Sex Offenses, Forcible",78217,2026-09-01
48750144025,2023-04-04,Stolen Property Offenses,PROPERTY,NORTH,Stolen Property Offenses,78217,2026-09-01
55134093901,2024-04-02,Wire Fraud,PROPERTY,NORTH,Fraud Offenses,78217,2026-09-01
68334674856,2026-01-28,"Human Trafficking, Commercial Sex Acts",PERSON,EAST,Human Trafficking,78218,2026-09-01
50976008014,2023-06-09,Murder & Nonnegligent Manslaughter,PERSON,EAST,Homicide Offenses,78218,2026-09-01
51659183284,2023-08-01,Pornography/Obscene Material,SOCIETY,EAST,Pornography/Obscene Material,78219,2026-09-01
67627886600,2025-12-01,Wire Fraud,PROPERTY,EAST,Fraud Offenses,78219,2026-09-01
51074525559,2023-06-21,Fondling,PERSON,EAST,"Sex Offenses, Forcible",78220,2026-09-01
55097380516,2024-03-30,Murder & Nonnegligent Manslaughter,PERSON,EAST,Homicide Offenses,78220,2026-09-01
54996981482,2024-03-25,Pornography/Obscene Material,SOCIETY,EAST,Pornography/Obscene Material,78220,2026-09-01
69494231912,2026-04-01,Pornography/Obscene Material,SOCIETY,EAST,Pornography/Obscene Material,78220,2026-09-01
66796657957,2025-10-19,Stolen Property Offenses,PROPERTY,EAST,Stolen Property Offenses,78220,2026-09-01
53997443593,2024-02-01,Impersonation,PROPERTY,SOUTH,Fraud Offenses,78221,2026-09-01
51380085575,2023-07-13,Purse-snatching,PROPERTY,SOUTH,Larceny/Theft Offenses,78221,2026-09-01
69101631298,2026-03-06,Purse-snatching,PROPERTY,SOUTH,Larceny/Theft Offenses,78221,2026-09-01
55058071554,2024-03-28,Wire Fraud,PROPERTY,SOUTH,Fraud Offenses,78221,2026-09-01
55441647327,2024-04-13,Pornography/Obscene Material,SOCIETY,EAST,Pornography/Obscene Material,78222,2026-09-01
67767481211,2025-12-11,Wire Fraud,PROPERTY,EAST,Fraud Offenses,78222,2026-09-01
55131618208,2024-04-01,Animal Cruelty,SOCIETY,SOUTH,Animal Cruelty,78223,2026-09-01
56767223474,2024-06-11,"Human Trafficking, Commercial Sex Acts",PERSON,EAST,Human Trafficking,78223,2026-09-01
71070135813,2026-08-08,Pornography/Obscene Material,SOCIETY,SOUTH,Pornography/Obscene Material,78223,2026-09-01
52545436140,2023-10-09,Sodomy,PERSON,EAST,"Sex Offenses, Forcible",78223,2026-09-01
52977590165,2023-11-09,Sodomy,PERSON,SOUTH,"Sex Offenses, Forcible",78223,2026-09-01
65877968154,2025-09-08,Stolen Property Offenses,PROPERTY,EAST,Stolen Property Offenses,78223,2026-09-01
60387642473,2024-11-04,Wire Fraud,PROPERTY,EAST,Fraud Offenses,78223,2026-09-01
57162841799,2024-06-25,Embezzlement,PROPERTY,SOUTH,Embezzlement,78224,2026-09-01
65562494427,2025-08-22,Embezzlement,PROPERTY,SOUTH,Embezzlement,78224,2026-09-01
55076224862,2024-03-29,Pornography/Obscene Material,SOCIETY,SOUTH,Pornography/Obscene Material,78224,2026-09-01
52796449057,2023-10-25,Sexual Assault With An Object,PERSON,SOUTH,"Sex Offenses, Forcible",78224,2026-09-01
51416327919,2023-07-18,Murder & Nonnegligent Manslaughter,PERSON,SOUTH,Homicide Offenses,78226,2026-09-01
65146577444,2025-07-26,Animal Cruelty,SOCIETY,WEST,Animal Cruelty,78227,2026-09-01
49321779889,2023-05-01,Sodomy,PERSON,WEST,"Sex Offenses, Forcible",78227,2026-09-01
50945869569,2023-06-05,Sodomy,PERSON,WEST,"Sex Offenses, Forcible",78227,2026-09-01
65609307809,2025-08-27,Wire Fraud,PROPERTY,WEST,Fraud Offenses,78227,2026-09-01
72350973216,2026-08-20,Pornography/Obscene Material,SOCIETY,PRUE,Pornography/Obscene Material,78229,2026-09-01
56476217142,2024-05-31,Sodomy,PERSON,PRUE,"Sex Offenses, Forcible",78229,2026-09-01
57172483212,2024-06-26,Stolen Property Offenses,PROPERTY,PRUE,Stolen Property Offenses,78229,2026-09-01
65516863190,2025-08-19,Fondling,PERSON,PRUE,"Sex Offenses, Forcible",78230,2026-09-01
64701248116,2025-06-27,Pornography/Obscene Material,SOCIETY,PRUE,Pornography/Obscene Material,78230,2026-09-01
59765526123,2024-10-01,Prostitution,SOCIETY,PRUE,Prostitution Offenses,78230,2026-09-01
62653513201,2025-02-06,Wire Fraud,PROPERTY,PRUE,Fraud Offenses,78230,2026-09-01
49015743464,2023-04-13,Arson,PROPERTY,PRUE,Arson,78231,2026-09-01
68272448845,2026-01-22,Hacking/Computer Invasion,PROPERTY,PRUE,Fraud Offenses,78231,2026-09-01
63674563687,2025-04-24,Arson,PROPERTY,NORTH,Arson,78232,2026-09-01
52581477787,2023-10-13,Fondling,PERSON,NORTH,"Sex Offenses, Forcible",78232,2026-09-01
67193766475,2025-11-04,Fondling,PERSON,NORTH,"Sex Offenses, Forcible",78232,2026-09-01
67893625898,2025-12-21,Fondling,PERSON,NORTH,"Sex Offenses, Forcible",78232,2026-09-01
63582570321,2025-04-14,Impersonation,PROPERTY,PRUE,Fraud Offenses,78232,2026-09-01
60734725267,2024-11-08,Pornography/Obscene Material,SOCIETY,PRUE,Pornography/Obscene Material,78232,2026-09-01
52621611919,2023-10-17,Wire Fraud,PROPERTY,NORTH,Fraud Offenses,78232,2026-09-01
62176901143,2025-01-06,Wire Fraud,PROPERTY,NORTH,Fraud Offenses,78232,2026-09-01
55984161543,2024-05-07,Embezzlement,PROPERTY,NORTH,Embezzlement,78233,2026-09-01
63624103101,2025-04-18,Embezzlement,PROPERTY,NORTH,Embezzlement,78233,2026-09-01
54567917009,2024-03-11,Extortion/Blackmail,PROPERTY,NORTH,Extortion/Blackmail,78233,2026-09-01
51932852725,2023-08-24,Fondling,PERSON,WEST,"Sex Offenses, Forcible",78237,2026-09-01
54641389289,2024-03-09,Pornography/Obscene Material,SOCIETY,WEST,Pornography/Obscene Material,78237,2026-09-01
57991817581,2024-07-31,Theft From Coin-Operated Machine or Device,PROPERTY,WEST,Larceny/Theft Offenses,78237,2026-09-01
55927132543,2024-05-17,Arson,PROPERTY,WEST,Arson,78238,2026-09-01
70422541146,2026-05-12,Pornography/Obscene Material,SOCIETY,WEST,Pornography/Obscene Material,78238,2026-09-01
60389629261,2024-11-04,Prostitution,SOCIETY,WEST,Prostitution Offenses,78238,2026-09-01
68272994006,2026-01-22,Stolen Property Offenses,PROPERTY,PRUE,Stolen Property Offenses,78238,2026-09-01
71223156448,2026-06-29,"Human Trafficking, Commercial Sex Acts",PERSON,NORTH,Human Trafficking,78239,2026-09-01
53576106031,2023-12-28,Pornography/Obscene Material,SOCIETY,NORTH,Pornography/Obscene Material,78239,2026-09-01
48982341056,2023-04-08,Embezzlement,PROPERTY,PRUE,Embezzlement,78240,2026-09-01
49224331093,2023-04-21,Hacking/Computer Invasion,PROPERTY,PRUE,Fraud Offenses,78240,2026-09-01
62970395628,2025-03-02,Impersonation,PROPERTY,PRUE,Fraud Offenses,78240,2026-09-01
71991867049,2026-08-04,Impersonation,PROPERTY,PRUE,Fraud Offenses,78240,2026-09-01
62771849014,2025-02-14,Pornography/Obscene Material,SOCIETY,PRUE,Pornography/Obscene Material,78240,2026-09-01
67234833282,2025-11-06,Prostitution,SOCIETY,PRUE,Prostitution Offenses,78240,2026-09-01
64022432834,2025-05-17,Wire Fraud,PROPERTY,PRUE,Fraud Offenses,78240,2026-09-01
43085223636,2023-02-22,Stolen Property Offenses,PROPERTY,SOUTH,Stolen Property Offenses,78242,2026-09-01
66846652168,2025-10-23,Fondling,PERSON,EAST,"Sex Offenses, Forcible",78244,2026-09-01
63539983438,2025-04-11,Theft From Coin-Operated Machine or Device,PROPERTY,EAST,Larceny/Theft Offenses,78244,2026-09-01
51666476171,2023-08-02,Wire Fraud,PROPERTY,EAST,Fraud Offenses,78244,2026-09-01
64119473196,2025-05-28,Pornography/Obscene Material,SOCIETY,WEST,Pornography/Obscene Material,78245,2026-09-01
61910342341,2024-12-18,Theft From Coin-Operated Machine or Device,PROPERTY,NORTH,Larceny/Theft Offenses,78247,2026-09-01
63227870106,2025-03-18,Theft From Coin-Operated Machine or Device,PROPERTY,NORTH,Larceny/Theft Offenses,78247,2026-09-01
63584487634,2025-05-13,Arson,PROPERTY,PRUE,Arson,78249,2026-09-01
62393312812,2025-01-21,Murder & Nonnegligent Manslaughter,PERSON,PRUE,Homicide Offenses,78249,2026-09-01
66891032163,2025-10-27,Pornography/Obscene Material,SOCIETY,PRUE,Pornography/Obscene Material,78249,2026-09-01
69155786736,2026-03-10,Pornography/Obscene Material,SOCIETY,PRUE,Pornography/Obscene Material,78249,2026-09-01
68008961959,2026-01-01,Pornography/Obscene Material,SOCIETY,WEST,Pornography/Obscene Material,78251,2026-09-01
70618164604,2026-05-22,Pornography/Obscene Material,SOCIETY,WEST,Pornography/Obscene Material,78251,2026-09-01
62845944236,2025-02-19,Theft From Coin-Operated Machine or Device,PROPERTY,PRUE,Larceny/Theft Offenses,78251,2026-09-01
68022620496,2026-01-02,Pornography/Obscene Material,SOCIETY,SOUTH,Pornography/Obscene Material,78252,2026-09-01
56127789527,2024-05-17,Fondling,PERSON,PRUE,"Sex Offenses, Forcible",78254,2026-09-01
71240345168,2026-07-01,Stolen Property Offenses,PROPERTY,PRUE,Stolen Property Offenses,78254,2026-09-01
52347356804,2023-09-18,Embezzlement,PROPERTY,PRUE,Embezzlement,78256,2026-09-01
68725623801,2026-02-27,Stolen Property Offenses,PROPERTY,PRUE,Stolen Property Offenses,78257,2026-09-01
64776891768,2025-07-01,Murder & Nonnegligent Manslaughter,PERSON,NORTH,Homicide Offenses,78258,2026-09-01
66323001685,2025-09-30,Pornography/Obscene Material,SOCIETY,NORTH,Pornography/Obscene Material,78258,2026-09-01
68708769038,2026-02-25,Fondling,PERSON,NORTH,"Sex Offenses, Forcible",78259,2026-09-01
56801040145,2024-06-11,Wire Fraud,PROPERTY,NORTH,Fraud Offenses,78259,2026-09-01
63390220492,2025-03-29,Hacking/Computer Invasion,PROPERTY,SOUTH,Fraud Offenses,Out of Jurisdiction,2026-09-01
48993227033,2023-04-10,Wire Fraud,PROPERTY,EAST,Fraud Offenses,Out of Jurisdiction,2026-09-01
55133433422,2024-04-01,Fondling,PERSON,WEST,"Sex Offenses, Forcible",78201,2026-09-01
62170480167,2025-01-06,Fondling,PERSON,WEST,"Sex Offenses, Forcible",78201,2026-09-01
71622275290,2026-07-13,Impersonation,PROPERTY,CENTRAL,Fraud Offenses,78201,2026-09-01
48964871454,2023-04-06,Murder & Nonnegligent Manslaughter,PERSON,CENTRAL,Homicide Offenses,78201,2026-09-01
59348485641,2024-09-16,Pornography/Obscene Material,SOCIETY,CENTRAL,Pornography/Obscene Material,78201,2026-09-01
60186377990,2024-10-23,Stolen Property Offenses,PROPERTY,SOUTH,Stolen Property Offenses,78204,2026-09-01
66796887802,2025-10-19,Stolen Property Offenses,PROPERTY,DOWNTOWN,Stolen Property Offenses,78204,2026-09-01
70983747720,2026-06-12,Wire Fraud,PROPERTY,SOUTH,Fraud Offenses,78204,2026-09-01
69228242726,2026-03-14,Fondling,PERSON,DOWNTOWN,"Sex Offenses, Forcible",78205,2026-09-01
70615609396,2026-05-22,Fondling,PERSON,DOWNTOWN,"Sex Offenses, Forcible",78205,2026-09-01
45003081180,2023-11-09,Murder & Nonnegligent Manslaughter,PERSON,CENTRAL,Homicide Offenses,78205,2026-09-01
46563593958,2023-03-15,Purse-snatching,PROPERTY,CENTRAL,Larceny/Theft Offenses,78205,2026-09-01
66063679862,2025-09-14,Stolen Property Offenses,PROPERTY,DOWNTOWN,Stolen Property Offenses,78205,2026-09-01
54063784060,2024-02-06,Arson,PROPERTY,CENTRAL,Arson,78207,2026-09-01
66222739743,2025-09-24,Arson,PROPERTY,CENTRAL,Arson,78207,2026-09-01
71895719848,2026-08-05,Arson,PROPERTY,CENTRAL,Arson,78207,2026-09-01
52477959862,2023-09-30,Fondling,PERSON,CENTRAL,"Sex Offenses, Forcible",78207,2026-09-01
53591951792,2023-12-30,Fondling,PERSON,CENTRAL,"Sex Offenses, Forcible",78207,2026-09-01
54576827563,2024-03-04,Fondling,PERSON,CENTRAL,"Sex Offenses, Forcible",78207,2026-09-01
69249308539,2026-03-16,Fondling,PERSON,DOWNTOWN,"Sex Offenses, Forcible",78207,2026-09-01
69258239897,2026-03-17,Impersonation,PROPERTY,DOWNTOWN,Fraud Offenses,78207,2026-09-01
67303980530,2025-11-10,Prostitution,SOCIETY,CENTRAL,Prostitution Offenses,78207,2026-09-01
51059864261,2023-06-19,Sexual Assault With An Object,PERSON,CENTRAL,"Sex Offenses, Forcible",78207,2026-09-01
56422833956,2024-05-26,Sexual Assault With An Object,PERSON,CENTRAL,"Sex Offenses, Forcible",78207,2026-09-01
41315008667,2023-01-30,Sodomy,PERSON,CENTRAL,"Sex Offenses, Forcible",78207,2026-09-01
60972886650,2024-11-24,Theft From Coin-Operated Machine or Device,PROPERTY,CENTRAL,Larceny/Theft Offenses,78207,2026-09-01
52779951301,2023-10-24,Wire Fraud,PROPERTY,CENTRAL,Fraud Offenses,78207,2026-09-01
69707533274,2026-04-16,Wire Fraud,PROPERTY,CENTRAL,Fraud Offenses,78207,2026-09-01
55742504050,2024-04-30,Stolen Property Offenses,PROPERTY,EAST,Stolen Property Offenses,78208,2026-09-01
62522809559,2025-01-30,Embezzlement,PROPERTY,NORTH,Embezzlement,78209,2026-09-01
65461426008,2025-08-14,Embezzlement,PROPERTY,NORTH,Embezzlement,78209,2026-09-01
64561039890,2025-08-13,Murder & Nonnegligent Manslaughter,PERSON,CENTRAL,Homicide Offenses,78209,2026-09-01
65609267058,2025-08-26,Pornography/Obscene Material,SOCIETY,NORTH,Pornography/Obscene Material,78209,2026-09-01
51724925376,2023-08-07,Wire Fraud,PROPERTY,NORTH,Fraud Offenses,78209,2026-09-01
58383661917,2024-08-14,Wire Fraud,PROPERTY,DOWNTOWN,Fraud Offenses,78209,2026-09-01
66265492017,2025-09-26,Wire Fraud,PROPERTY,NORTH,Fraud Offenses,78209,2026-09-01
45097078841,2023-03-06,Arson,PROPERTY,CENTRAL,Arson,78210,2026-09-01
51539828876,2023-07-29,Kidnapping/Abduction,PERSON,EAST,Kidnapping/Abduction,78210,2026-09-01
67806192786,2025-12-14,Pornography/Obscene Material,SOCIETY,EAST,Pornography/Obscene Material,78210,2026-09-01
58103722913,2024-08-03,Sodomy,PERSON,EAST,"Sex Offenses, Forcible",78210,2026-09-01
55203618221,2024-04-05,Stolen Property Offenses,PROPERTY,SOUTH,Stolen Property Offenses,78210,2026-09-01
64539201103,2025-06-16,Stolen Property Offenses,PROPERTY,EAST,Stolen Property Offenses,78210,2026-09-01
68674018192,2026-02-23,Stolen Property Offenses,PROPERTY,EAST,Stolen Property Offenses,78210,2026-09-01
64808472910,2025-07-03,Wire Fraud,PROPERTY,DOWNTOWN,Fraud Offenses,78210,2026-09-01
69551237620,2026-04-05,Pornography/Obscene Material,SOCIETY,SOUTH,Pornography/Obscene Material,78211,2026-09-01
64308367905,2025-06-03,Prostitution,SOCIETY,SOUTH,Prostitution Offenses,78211,2026-09-01
65410660596,2025-08-11,Stolen Property Offenses,PROPERTY,SOUTH,Stolen Property Offenses,78211,2026-09-01
55427614913,2024-04-12,Wire Fraud,PROPERTY,SOUTH,Fraud Offenses,78211,2026-09-01
63839868983,2025-05-05,Wire Fraud,PROPERTY,SOUTH,Fraud Offenses,78211,2026-09-01
53602812255,2023-12-31,Fondling,PERSON,CENTRAL,"Sex Offenses, Forcible",78212,2026-09-01
70844424981,2026-06-02,Fondling,PERSON,DOWNTOWN,"Sex Offenses, Forcible",78212,2026-09-01
54271438837,2024-02-19,Pornography/Obscene Material,SOCIETY,CENTRAL,Pornography/Obscene Material,78212,2026-09-01
69214814966,2026-03-14,Pornography/Obscene Material,SOCIETY,DOWNTOWN,Pornography/Obscene Material,78212,2026-09-01
52944791918,2023-11-09,Stolen Property Offenses,PROPERTY,CENTRAL,Stolen Property Offenses,78212,2026-09-01
54213417923,2024-02-17,Stolen Property Offenses,PROPERTY,CENTRAL,Stolen Property Offenses,78212,2026-09-01
50120101199,2023-05-30,Animal Cruelty,SOCIETY,CENTRAL,Animal Cruelty,78213,2026-09-01
48998235483,2023-04-11,Kidnapping/Abduction,PERSON,NORTH,Kidnapping/Abduction,78213,2026-09-01
53758247037,2024-01-13,Stolen Property Offenses,PROPERTY,SOUTH,Stolen Property Offenses,78214,2026-09-01
41009016454,2023-01-21,Embezzlement,PROPERTY,CENTRAL,Embezzlement,78215,2026-09-01
52588721489,2023-10-14,Stolen Property Offenses,PROPERTY,CENTRAL,Stolen Property Offenses,78215,2026-09-01
50945361410,2023-06-05,Animal Cruelty,SOCIETY,NORTH,Animal Cruelty,78216,2026-09-01
51081707064,2023-06-22,Animal Cruelty,SOCIETY,NORTH,Animal Cruelty,78216,2026-09-01
70655195708,2026-05-24,Animal Cruelty,SOCIETY,NORTH,Animal Cruelty,78216,2026-09-01
58142901493,2024-08-06,Assisting or Promoting Prostitution,SOCIETY,NORTH,Prostitution Offenses,78216,2026-09-01
60741670393,2024-11-08,Embezzlement,PROPERTY,NORTH,Embezzlement,78216,2026-09-01
62705134386,2025-02-10,Embezzlement,PROPERTY,NORTH,Embezzlement,78216,2026-09-01
58015480525,2024-08-02,Impersonation,PROPERTY,NORTH,Fraud Offenses,78216,2026-09-01
41265603917,2023-01-28,Sodomy,PERSON,NORTH,"Sex Offenses, Forcible",78216,2026-09-01
62804837012,2025-02-15,Stolen Property Offenses,PROPERTY,NORTH,Stolen Property Offenses,78216,2026-09-01
63135891669,2025-03-11,Stolen Property Offenses,PROPERTY,NORTH,Stolen Property Offenses,78216,2026-09-01
56559223304,2024-06-03,Animal Cruelty,SOCIETY,NORTH,Animal Cruelty,78217,2026-09-01
62536717337,2025-01-31,Embezzlement,PROPERTY,NORTH,Embezzlement,78217,2026-09-01
68442607809,2026-02-06,Embezzlement,PROPERTY,NORTH,Embezzlement,78217,2026-09-01
54588866542,2024-03-05,Prostitution,SOCIETY,NORTH,Prostitution Offenses,78217,2026-09-01
71889463831,2026-07-28,Theft From Coin-Operated Machine or Device,PROPERTY,NORTH,Larceny/Theft Offenses,78217,2026-09-01
64033980218,2025-05-18,Animal Cruelty,SOCIETY,EAST,Animal Cruelty,78218,2026-09-01
52797783690,2023-10-25,Extortion/Blackmail,PROPERTY,EAST,Extortion/Blackmail,78218,2026-09-01
71435968470,2026-07-06,Pornography/Obscene Material,SOCIETY,EAST,Pornography/Obscene Material,78218,2026-09-01
62641578167,2025-02-05,Theft From Coin-Operated Machine or Device,PROPERTY,EAST,Larceny/Theft Offenses,78218,2026-09-01
69494516617,2026-04-01,Embezzlement,PROPERTY,EAST,Embezzlement,78219,2026-09-01
71657845535,2026-07-15,Extortion/Blackmail,PROPERTY,EAST,Extortion/Blackmail,78219,2026-09-01
51960121406,2023-08-21,Murder & Nonnegligent Manslaughter,PERSON,EAST,Homicide Offenses,78219,2026-09-01
63498631779,2025-04-07,Pornography/Obscene Material,SOCIETY,EAST,Pornography/Obscene Material,78219,2026-09-01
66119863137,2025-09-18,Welfare Fraud,PROPERTY,EAST,Fraud Offenses,78219,2026-09-01
53810396994,2024-01-16,Fondling,PERSON,EAST,"Sex Offenses, Forcible",78220,2026-09-01
61986757655,2024-12-23,Fondling,PERSON,EAST,"Sex Offenses, Forcible",78220,2026-09-01
53186242378,2023-11-26,Kidnapping/Abduction,PERSON,EAST,Kidnapping/Abduction,78220,2026-09-01
52258457785,2023-09-11,Pornography/Obscene Material,SOCIETY,EAST,Pornography/Obscene Material,78220,2026-09-01
65622356791,2025-08-27,Stolen Property Offenses,PROPERTY,EAST,Stolen Property Offenses,78220,2026-09-01
52084145707,2023-08-31,Extortion/Blackmail,PROPERTY,SOUTH,Extortion/Blackmail,78221,2026-09-01
53109215253,2023-11-19,Wire Fraud,PROPERTY,SOUTH,Fraud Offenses,78221,2026-09-01
65031575996,2025-07-20,Wire Fraud,PROPERTY,EAST,Fraud Offenses,78222,2026-09-01
56630828693,2024-06-09,Animal Cruelty,SOCIETY,EAST,Animal Cruelty,78223,2026-09-01
64953313850,2025-07-14,Fondling,PERSON,SOUTH,"Sex Offenses, Forcible",78223,2026-09-01
51047892958,2023-06-17,Kidnapping/Abduction,PERSON,SOUTH,Kidnapping/Abduction,78223,2026-09-01
52603711484,2023-10-17,Murder & Nonnegligent Manslaughter,PERSON,EAST,Homicide Offenses,78223,2026-09-01
63130077955,2025-03-10,Pocket-picking,PROPERTY,SOUTH,Larceny/Theft Offenses,78223,2026-09-01
68797984332,2026-03-03,Wire Fraud,PROPERTY,EAST,Fraud Offenses,78223,2026-09-01
55134187245,2024-04-02,Murder & Nonnegligent Manslaughter,PERSON,SOUTH,Homicide Offenses,78224,2026-09-01
52175407101,2023-09-04,Wire Fraud,PROPERTY,SOUTH,Fraud Offenses,78224,2026-09-01
58904996188,2024-09-10,Kidnapping/Abduction,PERSON,SOUTH,Kidnapping/Abduction,78226,2026-09-01
52406741866,2023-09-26,Arson,PROPERTY,WEST,Arson,78227,2026-09-01
40895457666,2023-01-19,Fondling,PERSON,WEST,"Sex Offenses, Forcible",78227,2026-09-01
70785413286,2026-05-29,"Human Trafficking, Commercial Sex Acts",PERSON,WEST,Human Trafficking,78227,2026-09-01
64018505056,2025-05-17,Pocket-picking,PROPERTY,WEST,Larceny/Theft Offenses,78227,2026-09-01
58122856550,2024-08-04,Pornography/Obscene Material,SOCIETY,WEST,Pornography/Obscene Material,78227,2026-09-01
68614762685,2026-02-19,Stolen Property Offenses,PROPERTY,SOUTH,Stolen Property Offenses,78227,2026-09-01
70405583887,2026-05-11,Extortion/Blackmail,PROPERTY,WEST,Extortion/Blackmail,78228,2026-09-01
51369836081,2023-07-12,Fondling,PERSON,WEST,"Sex Offenses, Forcible",78228,2026-09-01
48160245922,2023-03-30,Incest,PERSON,WEST,"Sex Offenses, Nonforcible",78228,2026-09-01
62032094946,2024-12-28,Kidnapping/Abduction,PERSON,WEST,Kidnapping/Abduction,78228,2026-09-01
66756496552,2025-10-16,Pornography/Obscene Material,SOCIETY,WEST,Pornography/Obscene Material,78228,2026-09-01
62954898003,2025-03-01,Bribery,PROPERTY,PRUE,Bribery,78229,2026-09-01
52111121844,2023-09-01,Fondling,PERSON,PRUE,"Sex Offenses, Forcible",78229,2026-09-01
67653686406,2025-12-03,Fondling,PERSON,PRUE,"Sex Offenses, Forcible",78229,2026-09-01
52776407847,2023-10-24,Gambling Equipment Violation,SOCIETY,PRUE,Gambling Offenses,78229,2026-09-01
53652939829,2024-01-05,Hacking/Computer Invasion,PROPERTY,PRUE,Fraud Offenses,78229,2026-09-01
53396699858,2023-12-13,Impersonation,PROPERTY,PRUE,Fraud Offenses,78229,2026-09-01
41521652791,2023-02-06,Theft From Coin-Operated Machine or Device,PROPERTY,PRUE,Larceny/Theft Offenses,78229,2026-09-01
72517270159,2026-08-30,Fondling,PERSON,PRUE,"Sex Offenses, Forcible",78230,2026-09-01
52889481876,2023-11-02,Pornography/Obscene Material,SOCIETY,PRUE,Pornography/Obscene Material,78230,2026-09-01
63337458802,2025-03-26,Prostitution,SOCIETY,CENTRAL,Prostitution Offenses,78230,2026-09-01
63514498996,2025-04-09,Stolen Property Offenses,PROPERTY,PRUE,Stolen Property Offenses,78230,2026-09-01
55020685516,2024-03-27,Wire Fraud,PROPERTY,PRUE,Fraud Offenses,78230,2026-09-01
51104633176,2023-06-24,Embezzlement,PROPERTY,NORTH,Embezzlement,78232,2026-09-01
61744917311,2024-12-13,Kidnapping/Abduction,PERSON,NORTH,Kidnapping/Abduction,78232,2026-09-01
47936437430,2023-03-28,Embezzlement,PROPERTY,NORTH,Embezzlement,78233,2026-09-01
45492463074,2023-03-09,Fondling,PERSON,NORTH,"Sex Offenses, Forcible",78233,2026-09-01
67818518320,2025-12-15,Kidnapping/Abduction,PERSON,NORTH,Kidnapping/Abduction,78233,2026-09-01
70148420167,2026-04-30,Pornography/Obscene Material,SOCIETY,NORTH,Pornography/Obscene Material,78233,2026-09-01
69739289620,2026-04-18,Pornography/Obscene Material,SOCIETY,SOUTH,Pornography/Obscene Material,78235,2026-09-01
64968475218,2025-07-15,Fondling,PERSON,WEST,"Sex Offenses, Forcible",78237,2026-09-01
55018059445,2024-03-27,Impersonation,PROPERTY,WEST,Fraud Offenses,78237,2026-09-01
57213182432,2024-06-30,Pocket-picking,PROPERTY,WEST,Larceny/Theft Offenses,78237,2026-09-01
54635508707,2024-03-09,Pornography/Obscene Material,SOCIETY,WEST,Pornography/Obscene Material,78237,2026-09-01
52485115054,2023-10-01,Sexual Assault With An Object,PERSON,WEST,"Sex Offenses, Forcible",78237,2026-09-01
63160990991,2025-03-12,Theft From Coin-Operated Machine or Device,PROPERTY,WEST,Larceny/Theft Offenses,78237,2026-09-01
72009808746,2026-08-05,Wire Fraud,PROPERTY,SOUTH,Fraud Offenses,78237,2026-09-01
57853850483,2024-07-22,Impersonation,PROPERTY,WEST,Fraud Offenses,78238,2026-09-01
61000122808,2024-11-26,Pornography/Obscene Material,SOCIETY,WEST,Pornography/Obscene Material,78238,2026-09-01
63653521342,2025-04-21,Wire Fraud,PROPERTY,WEST,Fraud Offenses,78238,2026-09-01
55095592422,2024-03-30,Embezzlement,PROPERTY,PRUE,Embezzlement,78240,2026-09-01
52723716375,2023-10-21,Fondling,PERSON,PRUE,"Sex Offenses, Forcible",78240,2026-09-01
53951511499,2024-01-29,Wire Fraud,PROPERTY,PRUE,Fraud Offenses,78240,2026-09-01
65960418108,2025-09-09,Wire Fraud,PROPERTY,PRUE,Fraud Offenses,78240,2026-09-01
68261961701,2026-01-21,Animal Cruelty,SOCIETY,SOUTH,Animal Cruelty,78242,2026-09-01
58306108001,2024-08-12,Embezzlement,PROPERTY,SOUTH,Embezzlement,78242,2026-09-01
59345416259,2024-09-16,Embezzlement,PROPERTY,SOUTH,Embezzlement,78242,2026-09-01
63481060616,2025-04-05,Fondling,PERSON,SOUTH,"Sex Offenses, Forcible",78242,2026-09-01
70008584794,2026-04-29,Fondling,PERSON,SOUTH,"Sex Offenses, Forcible",78242,2026-09-01
51336521385,2023-07-08,Murder & Nonnegligent Manslaughter,PERSON,SOUTH,Homicide Offenses,78242,2026-09-01
51723518346,2023-08-07,Stolen Property Offenses,PROPERTY,EAST,Stolen Property Offenses,78244,2026-09-01
68323006785,2026-01-27,Wire Fraud,PROPERTY,EAST,Fraud Offenses,78244,2026-09-01
57556489032,2024-07-12,Wire Fraud,PROPERTY,WEST,Fraud Offenses,78245,2026-09-01
64775858043,2025-07-01,Embezzlement,PROPERTY,NORTH,Embezzlement,78247,2026-09-01
41578428988,2023-02-08,Hacking/Computer Invasion,PROPERTY,NORTH,Fraud Offenses,78247,2026-09-01
66908217945,2025-10-28,Wire Fraud,PROPERTY,NORTH,Fraud Offenses,78247,2026-09-01
64563058553,2025-06-18,Pornography/Obscene Material,SOCIETY,PRUE,Pornography/Obscene Material,78248,2026-09-01
72019407335,2026-08-06,Arson,PROPERTY,PRUE,Arson,78249,2026-09-01
69664198585,2026-04-13,Fondling,PERSON,PRUE,"Sex Offenses, Forcible",78249,2026-09-01
43083207646,2023-02-22,Pocket-picking,PROPERTY,PRUE,Larceny/Theft Offenses,78249,2026-09-01
53651620683,2024-01-05,Wire Fraud,PROPERTY,PRUE,Fraud Offenses,78249,2026-09-01
68782953811,2026-03-02,Wire Fraud,PROPERTY,PRUE,Fraud Offenses,78249,2026-09-01
39478445544,2023-01-04,Embezzlement,PROPERTY,PRUE,Embezzlement,78250,2026-09-01
66795186359,2025-10-19,Fondling,PERSON,PRUE,"Sex Offenses, Forcible",78250,2026-09-01
71972132369,2026-08-03,Pornography/Obscene Material,SOCIETY,PRUE,Pornography/Obscene Material,78250,2026-09-01
52582239092,2023-10-13,Stolen Property Offenses,PROPERTY,PRUE,Stolen Property Offenses,78250,2026-09-01
59985611652,2024-10-09,Animal Cruelty,SOCIETY,PRUE,Animal Cruelty,78251,2026-09-01
56434034663,2024-05-28,Pornography/Obscene Material,SOCIETY,WEST,Pornography/Obscene Material,78251,2026-09-01
52451833542,2023-09-27,Sexual Assault With An Object,PERSON,WEST,"Sex Offenses, Forcible",78251,2026-09-01
66756338655,2025-10-16,Welfare Fraud,PROPERTY,WEST,Fraud Offenses,78251,2026-09-01
64405656225,2025-06-08,Wire Fraud,PROPERTY,WEST,Fraud Offenses,78251,2026-09-01
52473601388,2023-09-29,Sexual Assault With An Object,PERSON,SOUTH,"Sex Offenses, Forcible",78252,2026-09-01
56456448523,2024-05-29,Theft From Coin-Operated Machine or Device,PROPERTY,SOUTH,Larceny/Theft Offenses,78252,2026-09-01
51694468184,2023-08-03,Purse-snatching,PROPERTY,PRUE,Larceny/Theft Offenses,78255,2026-09-01
57514230420,2024-07-10,Sodomy,PERSON,PRUE,"Sex Offenses, Forcible",78255,2026-09-01
64513622775,2025-06-14,Purse-snatching,PROPERTY,PRUE,Larceny/Theft Offenses,78256,2026-09-01
51345117363,2023-07-09,Sexual Assault With An Object,PERSON,PRUE,"Sex Offenses, Forcible",78256,2026-09-01
55759132067,2024-05-01,Pornography/Obscene Material,SOCIETY,PRUE,Pornography/Obscene Material,78257,2026-09-01
69870401463,2026-04-27,Fondling,PERSON,NORTH,"Sex Offenses, Forcible",78259,2026-09-01
64156118641,2025-05-27,Wire Fraud,PROPERTY,NORTH,Fraud Offenses,78259,2026-09-01
62546365414,2025-01-31,Pornography/Obscene Material,SOCIETY,NORTH,Pornography/Obscene Material,78260,2026-09-01
68113864424,2026-01-09,Wire Fraud,PROPERTY,PRUE,Fraud Offenses,78288,2026-09-01
71626539674,2026-07-14,Animal Cruelty,SOCIETY,EAST,Animal Cruelty,Out of Jurisdiction,2026-09-01
53095288561,2023-11-17,Welfare Fraud,PROPERTY,SOUTH,Fraud Offenses,Out of Jurisdiction,2026-09-01
57903460038,2024-07-25,Pornography/Obscene Material,SOCIETY,DOWNTOWN,Pornography/Obscene Material,78201,2026-09-01
58411558867,2024-08-15,Prostitution,SOCIETY,WEST,Prostitution Offenses,78201,2026-09-01
66346736283,2025-10-02,Wire Fraud,PROPERTY,WEST,Fraud Offenses,78201,2026-09-01
63863122104,2025-05-06,Animal Cruelty,SOCIETY,EAST,Animal Cruelty,78202,2026-09-01
69404858619,2026-03-25,Stolen Property Offenses,PROPERTY,DOWNTOWN,Stolen Property Offenses,78204,2026-09-01
60217615092,2024-10-26,Theft From Coin-Operated Machine or Device,PROPERTY,CENTRAL,Larceny/Theft Offenses,78204,2026-09-01
62402796995,2025-01-22,Theft From Coin-Operated Machine or Device,PROPERTY,SOUTH,Larceny/Theft Offenses,78204,2026-09-01
56895441162,2024-06-17,Animal Cruelty,SOCIETY,DOWNTOWN,Animal Cruelty,78205,2026-09-01
51432344154,2023-07-19,Embezzlement,PROPERTY,CENTRAL,Embezzlement,78205,2026-09-01
67416573784,2025-11-18,Fondling,PERSON,DOWNTOWN,"Sex Offenses, Forcible",78205,2026-09-01
53570423280,2023-12-28,Pocket-picking,PROPERTY,CENTRAL,Larceny/Theft Offenses,78205,2026-09-01
55832619402,2024-05-03,Embezzlement,PROPERTY,CENTRAL,Embezzlement,78207,2026-09-01
53702333174,2024-01-10,Fondling,PERSON,CENTRAL,"Sex Offenses, Forcible",78207,2026-09-01
56047370539,2024-05-12,Fondling,PERSON,CENTRAL,"Sex Offenses, Forcible",78207,2026-09-01
53851587603,2024-01-21,Kidnapping/Abduction,PERSON,CENTRAL,Kidnapping/Abduction,78207,2026-09-01
58953054155,2024-09-12,Pornography/Obscene Material,SOCIETY,CENTRAL,Pornography/Obscene Material,78207,2026-09-01
65455307019,2025-08-14,Pornography/Obscene Material,SOCIETY,DOWNTOWN,Pornography/Obscene Material,78207,2026-09-01
51552895445,2023-07-30,Prostitution,SOCIETY,CENTRAL,Prostitution Offenses,78207,2026-09-01
66048457994,2025-09-13,Prostitution,SOCIETY,CENTRAL,Prostitution Offenses,78207,2026-09-01
43275631090,2023-02-24,Purse-snatching,PROPERTY,CENTRAL,Larceny/Theft Offenses,78207,2026-09-01
51141765907,2023-06-28,Sodomy,PERSON,CENTRAL,"Sex Offenses, Forcible",78207,2026-09-01
58243326882,2024-08-08,Sodomy,PERSON,CENTRAL,"Sex Offenses, Forcible",78207,2026-09-01
54075644279,2024-02-07,Stolen Property Offenses,PROPERTY,CENTRAL,Stolen Property Offenses,78207,2026-09-01
59648128718,2024-09-27,Stolen Property Offenses,PROPERTY,CENTRAL,Stolen Property Offenses,78207,2026-09-01
62521365376,2025-01-30,Wire Fraud,PROPERTY,CENTRAL,Fraud Offenses,78207,2026-09-01
63785980861,2025-05-02,Wire Fraud,PROPERTY,CENTRAL,Fraud Offenses,78207,2026-09-01
65265922688,2025-08-05,Wire Fraud,PROPERTY,CENTRAL,Fraud Offenses,78207,2026-09-01
64259414619,2025-05-30,Fondling,PERSON,NORTH,"Sex Offenses, Forcible",78209,2026-09-01
63699066191,2025-04-26,Kidnapping/Abduction,PERSON,NORTH,Kidnapping/Abduction,78209,2026-09-01
53156940577,2023-11-25,Extortion/Blackmail,PROPERTY,CENTRAL,Extortion/Blackmail,78210,2026-09-01
47504071252,2023-03-24,Fondling,PERSON,EAST,"Sex Offenses, Forcible",78210,2026-09-01
59995801028,2024-10-10,Kidnapping/Abduction,PERSON,CENTRAL,Kidnapping/Abduction,78210,2026-09-01
61998914231,2024-12-24,Embezzlement,PROPERTY,SOUTH,Embezzlement,78211,2026-09-01
62730960633,2025-02-11,Embezzlement,PROPERTY,SOUTH,Embezzlement,78211,2026-09-01
58232548214,2024-08-07,Pornography/Obscene Material,SOCIETY,SOUTH,Pornography/Obscene Material,78211,2026-09-01
60954953679,2024-11-22,Stolen Property Offenses,PROPERTY,SOUTH,Stolen Property Offenses,78211,2026-09-01
55132080647,2024-04-01,Theft From Coin-Operated Machine or Device,PROPERTY,SOUTH,Larceny/Theft Offenses,78211,2026-09-01
66206269628,2025-09-23,Wire Fraud,PROPERTY,SOUTH,Fraud Offenses,78211,2026-09-01
52490753912,2023-10-02,Fondling,PERSON,CENTRAL,"Sex Offenses, Forcible",78212,2026-09-01
55985217986,2024-05-07,Fondling,PERSON,CENTRAL,"Sex Offenses, Forcible",78213,2026-09-01
41706500019,2023-02-09,Hacking/Computer Invasion,PROPERTY,NORTH,Fraud Offenses,78213,2026-09-01
65409195608,2025-08-11,Pornography/Obscene Material,SOCIETY,NORTH,Pornography/Obscene Material,78213,2026-09-01
53245458162,2023-11-29,Wire Fraud,PROPERTY,NORTH,Fraud Offenses,78213,2026-09-01
55564985597,2024-04-18,Wire Fraud,PROPERTY,NORTH,Fraud Offenses,78213,2026-09-01
59523223855,2024-10-22,Arson,PROPERTY,SOUTH,Arson,78214,2026-09-01
60876046098,2024-11-19,Fondling,PERSON,SOUTH,"Sex Offenses, Forcible",78214,2026-09-01
51339584624,2023-07-08,Sodomy,PERSON,SOUTH,"Sex Offenses, Forcible",78214,2026-09-01
57991816790,2024-07-31,Theft From Coin-Operated Machine or Device,PROPERTY,SOUTH,Larceny/Theft Offenses,78214,2026-09-01
58380514994,2024-08-14,Theft From Coin-Operated Machine or Device,PROPERTY,SOUTH,Larceny/Theft Offenses,78214,2026-09-01
51277705071,2023-07-01,Sexual Assault With An Object,PERSON,CENTRAL,"Sex Offenses, Forcible",78215,2026-09-01
49241791190,2023-04-24,Impersonation,PROPERTY,NORTH,Fraud Offenses,78216,2026-09-01
41957544206,2023-02-11,Murder & Nonnegligent Manslaughter,PERSON,NORTH,Homicide Offenses,78216,2026-09-01
60807960908,2024-11-12,Prostitution,SOCIETY,NORTH,Prostitution Offenses,78216,2026-09-01
53305382303,2023-12-05,Wire Fraud,PROPERTY,NORTH,Fraud Offenses,78216,2026-09-01
60827160628,2024-11-14,Wire Fraud,PROPERTY,NORTH,Fraud Offenses,78216,2026-09-01
70422584854,2026-05-12,Embezzlement,PROPERTY,NORTH,Embezzlement,78217,2026-09-01
67762175508,2025-12-11,Murder & Nonnegligent Manslaughter,PERSON,NORTH,Homicide Offenses,78217,2026-09-01
71161466538,2026-06-25,Pornography/Obscene Material,SOCIETY,NORTH,Pornography/Obscene Material,78217,2026-09-01
69572047869,2026-04-07,Stolen Property Offenses,PROPERTY,NORTH,Stolen Property Offenses,78217,2026-09-01
56003888766,2024-05-09,Fondling,PERSON,EAST,"Sex Offenses, Forcible",78218,2026-09-01
63693539284,2025-04-25,Welfare Fraud,PROPERTY,EAST,Fraud Offenses,78219,2026-09-01
70872902768,2026-06-04,Wire Fraud,PROPERTY,EAST,Fraud Offenses,78219,2026-09-01
65721736762,2025-09-04,Fondling,PERSON,EAST,"Sex Offenses, Forcible",78220,2026-09-01
61424752720,2024-12-07,Theft From Coin-Operated Machine or Device,PROPERTY,EAST,Larceny/Theft Offenses,78220,2026-09-01
60804498028,2024-11-12,Fondling,PERSON,SOUTH,"Sex Offenses, Forcible",78221,2026-09-01
62913116778,2025-02-25,Pornography/Obscene Material,SOCIETY,SOUTH,Pornography/Obscene Material,78221,2026-09-01
66185823155,2025-09-22,Pornography/Obscene Material,SOCIETY,SOUTH,Pornography/Obscene Material,78221,2026-09-01
52015148479,2023-08-25,Animal Cruelty,SOCIETY,EAST,Animal Cruelty,78222,2026-09-01
72451449977,2026-08-26,Animal Cruelty,SOCIETY,EAST,Animal Cruelty,78222,2026-09-01
55191649638,2024-04-04,Stolen Property Offenses,PROPERTY,EAST,Stolen Property Offenses,78222,2026-09-01
62282194493,2025-01-16,Arson,PROPERTY,SOUTH,Arson,78223,2026-09-01
54043733900,2024-02-05,Embezzlement,PROPERTY,SOUTH,Embezzlement,78223,2026-09-01
54985381148,2024-03-26,Extortion/Blackmail,PROPERTY,SOUTH,Extortion/Blackmail,78223,2026-09-01
62971151973,2025-03-02,Fondling,PERSON,EAST,"Sex Offenses, Forcible",78223,2026-09-01
68613035460,2026-02-18,Pocket-picking,PROPERTY,EAST,Larceny/Theft Offenses,78223,2026-09-01
39356788761,2023-01-02,Sexual Assault With An Object,PERSON,SOUTH,"Sex Offenses, Forcible",78223,2026-09-01
53079690978,2023-11-16,Stolen Property Offenses,PROPERTY,SOUTH,Stolen Property Offenses,78223,2026-09-01
52807126428,2023-10-26,Embezzlement,PROPERTY,SOUTH,Embezzlement,78224,2026-09-01
71936347820,2026-07-31,Fondling,PERSON,SOUTH,"Sex Offenses, Forcible",78224,2026-09-01
51791938578,2023-08-11,Sodomy,PERSON,SOUTH,"Sex Offenses, Forcible",78224,2026-09-01
69123392185,2026-03-08,Stolen Property Offenses,PROPERTY,SOUTH,Stolen Property Offenses,78224,2026-09-01
50078311915,2023-05-25,Sodomy,PERSON,SOUTH,"Sex Offenses, Forcible",78226,2026-09-01
71357487505,2026-07-04,Animal Cruelty,SOCIETY,WEST,Animal Cruelty,78227,2026-09-01
54640715143,2024-03-09,Fondling,PERSON,WEST,"Sex Offenses, Forcible",78227,2026-09-01
58572047277,2024-08-26,Pornography/Obscene Material,SOCIETY,WEST,Pornography/Obscene Material,78227,2026-09-01
65393674575,2025-08-10,Stolen Property Offenses,PROPERTY,WEST,Stolen Property Offenses,78227,2026-09-01
49313546554,2023-04-30,Wire Fraud,PROPERTY,WEST,Fraud Offenses,78227,2026-09-01
68621412960,2026-02-19,Extortion/Blackmail,PROPERTY,WEST,Extortion/Blackmail,78228,2026-09-01
60206261018,2024-10-25,Fondling,PERSON,WEST,"Sex Offenses, Forcible",78228,2026-09-01
55669571556,2024-04-24,Kidnapping/Abduction,PERSON,WEST,Kidnapping/Abduction,78228,2026-09-01
58713192845,2024-09-04,Pornography/Obscene Material,SOCIETY,WEST,Pornography/Obscene Material,78228,2026-09-01
62026524050,2024-12-27,Theft From Coin-Operated Machine or Device,PROPERTY,WEST,Larceny/Theft Offenses,78228,2026-09-01
63984194911,2025-05-15,Wire Fraud,PROPERTY,WEST,Fraud Offenses,78228,2026-09-01
51356093756,2023-07-11,Fondling,PERSON,PRUE,"Sex Offenses, Forcible",78229,2026-09-01
51653979064,2023-08-01,Impersonation,PROPERTY,PRUE,Fraud Offenses,78229,2026-09-01
53928549985,2024-01-27,Sexual Assault With An Object,PERSON,PRUE,"Sex Offenses, Forcible",78229,2026-09-01
61936371385,2024-12-20,Wire Fraud,PROPERTY,PRUE,Fraud Offenses,78229,2026-09-01
52531384084,2023-10-07,Impersonation,PROPERTY,PRUE,Fraud Offenses,78230,2026-09-01
50951634269,2023-06-06,Wire Fraud,PROPERTY,PRUE,Fraud Offenses,78230,2026-09-01
68459918973,2026-02-07,Wire Fraud,PROPERTY,PRUE,Fraud Offenses,78230,2026-09-01
52309440740,2023-09-16,Pornography/Obscene Material,SOCIETY,NORTH,Pornography/Obscene Material,78232,2026-09-01
53813727012,2024-01-16,Fondling,PERSON,NORTH,"Sex Offenses, Forcible",78233,2026-09-01
64428590344,2025-06-09,Pornography/Obscene Material,SOCIETY,NORTH,Pornography/Obscene Material,78233,2026-09-01
68623039267,2026-02-19,Pornography/Obscene Material,SOCIETY,NORTH,Pornography/Obscene Material,78233,2026-09-01
53585923501,2023-12-29,Stolen Property Offenses,PROPERTY,NORTH,Stolen Property Offenses,78233,2026-09-01
53085429947,2023-11-16,Sexual Assault With An Object,PERSON,SOUTH,"Sex Offenses, Forcible",78234,2026-09-01
62575536531,2025-02-03,Animal Cruelty,SOCIETY,WEST,Animal Cruelty,78237,2026-09-01
72353340071,2026-08-20,Embezzlement,PROPERTY,WEST,Embezzlement,78237,2026-09-01
56065511075,2024-05-13,Pornography/Obscene Material,SOCIETY,WEST,Pornography/Obscene Material,78237,2026-09-01
44901728060,2023-03-04,Sexual Assault With An Object,PERSON,WEST,"Sex Offenses, Forcible",78237,2026-09-01
69680388147,2026-04-15,Stolen Property Offenses,PROPERTY,CENTRAL,Stolen Property Offenses,78237,2026-09-01
49331231494,2023-05-02,Pornography/Obscene Material,SOCIETY,WEST,Pornography/Obscene Material,78238,2026-09-01
71598376337,2026-07-12,Pornography/Obscene Material,SOCIETY,WEST,Pornography/Obscene Material,78238,2026-09-01
51140833861,2023-06-28,Sexual Assault With An Object,PERSON,WEST,"Sex Offenses, Forcible",78238,2026-09-01
68168588150,2026-01-14,Stolen Property Offenses,PROPERTY,WEST,Stolen Property Offenses,78238,2026-09-01
49925626757,2023-05-18,Wire Fraud,PROPERTY,WEST,Fraud Offenses,78238,2026-09-01
55078539907,2024-03-29,Wire Fraud,PROPERTY,WEST,Fraud Offenses,78238,2026-09-01
53968198479,2024-01-30,Wire Fraud,PROPERTY,NORTH,Fraud Offenses,78239,2026-09-01
65229447748,2025-08-01,Wire Fraud,PROPERTY,NORTH,Fraud Offenses,78239,2026-09-01
58133147777,2024-08-05,Wire Fraud,PROPERTY,PRUE,Fraud Offenses,78240,2026-09-01
52563637903,2023-10-11,Extortion/Blackmail,PROPERTY,SOUTH,Extortion/Blackmail,78242,2026-09-01
41688657667,2023-02-09,Fondling,PERSON,SOUTH,"Sex Offenses, Forcible",78242,2026-09-01
55572750430,2024-04-19,Fondling,PERSON,EAST,"Sex Offenses, Forcible",78244,2026-09-01
57902763702,2024-07-26,Wire Fraud,PROPERTY,EAST,Fraud Offenses,78244,2026-09-01
69664906736,2026-04-13,Wire Fraud,PROPERTY,WEST,Fraud Offenses,78245,2026-09-01
54180929601,2024-02-15,Pornography/Obscene Material,SOCIETY,NORTH,Pornography/Obscene Material,78247,2026-09-01
55345310355,2024-04-10,Pornography/Obscene Material,SOCIETY,NORTH,Pornography/Obscene Material,78247,2026-09-01
67631773888,2025-12-02,Pornography/Obscene Material,SOCIETY,NORTH,Pornography/Obscene Material,78247,2026-09-01
64740644962,2025-06-28,Wire Fraud,PROPERTY,NORTH,Fraud Offenses,78247,2026-09-01
65217283649,2025-07-31,Animal Cruelty,SOCIETY,PRUE,Animal Cruelty,78248,2026-09-01
52558660172,2023-10-11,Fondling,PERSON,PRUE,"Sex Offenses, Forcible",78249,2026-09-01
63665874759,2025-04-22,Prostitution,SOCIETY,PRUE,Prostitution Offenses,78249,2026-09-01
50048051461,2023-05-22,Stolen Property Offenses,PROPERTY,PRUE,Stolen Property Offenses,78249,2026-09-01
41464673897,2023-02-04,Fondling,PERSON,PRUE,"Sex Offenses, Forcible",78250,2026-09-01
66001632190,2025-09-15,Pornography/Obscene Material,SOCIETY,PRUE,Pornography/Obscene Material,78250,2026-09-01
49255481844,2023-04-26,Prostitution,SOCIETY,PRUE,Prostitution Offenses,78250,2026-09-01
68722903029,2026-02-26,Wire Fraud,PROPERTY,PRUE,Fraud Offenses,78250,2026-09-01
51492756695,2023-07-25,Impersonation,PROPERTY,WEST,Fraud Offenses,78251,2026-09-01
41182538399,2023-01-25,Pornography/Obscene Material,SOCIETY,PRUE,Pornography/Obscene Material,78251,2026-09-01
52779611004,2023-10-24,Pornography/Obscene Material,SOCIETY,WEST,Pornography/Obscene Material,78251,2026-09-01
40620914678,2023-01-12,Purse-snatching,PROPERTY,WEST,Larceny/Theft Offenses,78251,2026-09-01
54854326765,2024-03-19,Sodomy,PERSON,WEST,"Sex Offenses, Forcible",78251,2026-09-01
63158792694,2025-03-12,Wire Fraud,PROPERTY,WEST,Fraud Offenses,78251,2026-09-01
50060221302,2023-05-24,Pornography/Obscene Material,SOCIETY,SOUTH,Pornography/Obscene Material,78252,2026-09-01
56610381554,2024-06-06,Embezzlement,PROPERTY,WEST,Embezzlement,78254,2026-09-01
63471193342,2025-04-04,Embezzlement,PROPERTY,PRUE,Embezzlement,78254,2026-09-01
50086821908,2023-05-26,Sexual Assault With An Object,PERSON,PRUE,"Sex Offenses, Forcible",78254,2026-09-01
49007806497,2023-04-12,Embezzlement,PROPERTY,PRUE,Embezzlement,78255,2026-09-01
52211914293,2023-09-07,Fondling,PERSON,NORTH,"Sex Offenses, Forcible",78258,2026-09-01
57482290438,2024-07-08,Hacking/Computer Invasion,PROPERTY,NORTH,Fraud Offenses,78258,2026-09-01
53361142620,2023-12-09,Pornography/Obscene Material,SOCIETY,NORTH,Pornography/Obscene Material,78258,2026-09-01
45098764050,2023-03-06,Sexual Assault With An Object,PERSON,NORTH,"Sex Offenses, Forcible",78258,2026-09-01
61168678592,2024-11-29,Fondling,PERSON,NORTH,"Sex Offenses, Forcible",78259,2026-09-01
65687131489,2025-09-01,Extortion/Blackmail,PROPERTY,NORTH,Extortion/Blackmail,78260,2026-09-01
68266551636,2026-01-22,"Human Trafficking, Commercial Sex Acts",PERSON,SOUTH,Human Trafficking,Not Listed,2026-09-01
71621331106,2026-07-13,Fondling,PERSON,PRUE,"Sex Offenses, Forcible",Out of Jurisdiction,2026-09-01
52500492118,2023-10-03,Fondling,PERSON,WEST,"Sex Offenses, Forcible",78201,2026-09-01
68390746555,2026-02-03,Pornography/Obscene Material,SOCIETY,CENTRAL,Pornography/Obscene Material,78201,2026-09-01
69858945014,2026-04-27,Animal Cruelty,SOCIETY,EAST,Animal Cruelty,78202,2026-09-01
66266779818,2025-09-26,Pornography/Obscene Material,SOCIETY,EAST,Pornography/Obscene Material,78202,2026-09-01
52317210522,2023-09-17,Sexual Assault With An Object,PERSON,EAST,"Sex Offenses, Forcible",78202,2026-09-01
67889208679,2025-12-21,Stolen Property Offenses,PROPERTY,EAST,Stolen Property Offenses,78202,2026-09-01
65005978856,2025-07-17,Fondling,PERSON,EAST,"Sex Offenses, Forcible",78203,2026-09-01
55613250326,2024-04-20,Murder & Nonnegligent Manslaughter,PERSON,CENTRAL,Homicide Offenses,78204,2026-09-01
57294934058,2024-07-03,Pornography/Obscene Material,SOCIETY,CENTRAL,Pornography/Obscene Material,78204,2026-09-01
53649863725,2024-01-05,Stolen Property Offenses,PROPERTY,CENTRAL,Stolen Property Offenses,78204,2026-09-01
63337106224,2025-03-26,Embezzlement,PROPERTY,DOWNTOWN,Embezzlement,78207,2026-09-01
50923627738,2023-06-02,Fondling,PERSON,CENTRAL,"Sex Offenses, Forcible",78207,2026-09-01
52294157102,2023-09-14,Fondling,PERSON,CENTRAL,"Sex Offenses, Forcible",78207,2026-09-01
55002403291,2024-03-26,Fondling,PERSON,CENTRAL,"Sex Offenses, Forcible",78207,2026-09-01
56836074189,2024-06-12,Fondling,PERSON,CENTRAL,"Sex Offenses, Forcible",78207,2026-09-01
52386140650,2023-09-21,Impersonation,PROPERTY,CENTRAL,Fraud Offenses,78207,2026-09-01
52469777111,2023-09-29,Pornography/Obscene Material,SOCIETY,CENTRAL,Pornography/Obscene Material,78207,2026-09-01
53327883411,2023-12-07,Pornography/Obscene Material,SOCIETY,CENTRAL,Pornography/Obscene Material,78207,2026-09-01
65800222208,2025-09-06,Pornography/Obscene Material,SOCIETY,CENTRAL,Pornography/Obscene Material,78207,2026-09-01
52555496943,2023-10-10,Pornography/Obscene Material,SOCIETY,NORTH,Pornography/Obscene Material,78209,2026-09-01
55659758758,2024-04-24,Pornography/Obscene Material,SOCIETY,NORTH,Pornography/Obscene Material,78209,2026-09-01
70506352016,2026-05-17,Stolen Property Offenses,PROPERTY,NORTH,Stolen Property Offenses,78209,2026-09-01
70887086784,2026-06-05,Extortion/Blackmail,PROPERTY,EAST,Extortion/Blackmail,78210,2026-09-01
53084713398,2023-11-16,Fondling,PERSON,CENTRAL,"Sex Offenses, Forcible",78210,2026-09-01
69845403139,2026-04-26,Fondling,PERSON,EAST,"Sex Offenses, Forcible",78210,2026-09-01
46866345217,2023-03-18,Kidnapping/Abduction,PERSON,EAST,Kidnapping/Abduction,78210,2026-09-01
72024082683,2026-08-06,Kidnapping/Abduction,PERSON,SOUTH,Kidnapping/Abduction,78210,2026-09-01
53677572333,2024-01-08,Sexual Assault With An Object,PERSON,EAST,"Sex Offenses, Forcible",78210,2026-09-01
52185077927,2023-09-04,Sodomy,PERSON,EAST,"Sex Offenses, Forcible",78210,2026-09-01
40505125904,2023-01-11,Stolen Property Offenses,PROPERTY,SOUTH,Stolen Property Offenses,78210,2026-09-01
72001204490,2026-08-05,Animal Cruelty,SOCIETY,SOUTH,Animal Cruelty,78211,2026-09-01
71117301092,2026-06-23,Fondling,PERSON,SOUTH,"Sex Offenses, Forcible",78211,2026-09-01
60899945084,2024-11-20,Negligent Manslaughter,PERSON,SOUTH,Homicide Offenses,78211,2026-09-01
71710076488,2026-07-17,Pornography/Obscene Material,SOCIETY,SOUTH,Pornography/Obscene Material,78211,2026-09-01
45317135454,2023-03-08,Stolen Property Offenses,PROPERTY,SOUTH,Stolen Property Offenses,78211,2026-09-01
53569815665,2023-12-27,Stolen Property Offenses,PROPERTY,SOUTH,Stolen Property Offenses,78211,2026-09-01
57636811634,2024-07-15,Welfare Fraud,PROPERTY,SOUTH,Fraud Offenses,78211,2026-09-01
47500581613,2023-03-24,Stolen Property Offenses,PROPERTY,CENTRAL,Stolen Property Offenses,78212,2026-09-01
68026045839,2026-01-05,Pornography/Obscene Material,SOCIETY,SOUTH,Pornography/Obscene Material,78214,2026-09-01
67589169385,2025-11-28,Pornography/Obscene Material,SOCIETY,DOWNTOWN,Pornography/Obscene Material,78215,2026-09-01
53282578817,2023-12-02,Wire Fraud,PROPERTY,CENTRAL,Fraud Offenses,78215,2026-09-01
56086561003,2024-05-15,Embezzlement,PROPERTY,NORTH,Embezzlement,78216,2026-09-01
61456913543,2024-12-10,Kidnapping/Abduction,PERSON,NORTH,Kidnapping/Abduction,78216,2026-09-01
66325769213,2025-09-30,Pornography/Obscene Material,SOCIETY,PRUE,Pornography/Obscene Material,78216,2026-09-01
51075929179,2023-06-21,Prostitution,SOCIETY,NORTH,Prostitution Offenses,78216,2026-09-01
53680197102,2024-01-09,Stolen Property Offenses,PROPERTY,NORTH,Stolen Property Offenses,78216,2026-09-01
59406241165,2024-09-20,Wire Fraud,PROPERTY,NORTH,Fraud Offenses,78216,2026-09-01
48966754496,2023-04-06,Operating/Promoting/Assisting Gambling,SOCIETY,NORTH,Gambling Offenses,78217,2026-09-01
56054536447,2024-05-12,Pornography/Obscene Material,SOCIETY,EAST,Pornography/Obscene Material,78218,2026-09-01
51667058590,2023-08-02,Wire Fraud,PROPERTY,EAST,Fraud Offenses,78218,2026-09-01
42186698339,2023-02-13,Embezzlement,PROPERTY,EAST,Embezzlement,78219,2026-09-01
40794550097,2023-01-17,Impersonation,PROPERTY,EAST,Fraud Offenses,78219,2026-09-01
66573493559,2025-10-09,Impersonation,PROPERTY,EAST,Fraud Offenses,78219,2026-09-01
53115787474,2023-11-20,Fondling,PERSON,EAST,"Sex Offenses, Forcible",78220,2026-09-01
63662009754,2025-04-22,Fondling,PERSON,EAST,"Sex Offenses, Forcible",78220,2026-09-01
46967840204,2023-03-19,Stolen Property Offenses,PROPERTY,EAST,Stolen Property Offenses,78220,2026-09-01
72350234095,2026-08-20,Stolen Property Offenses,PROPERTY,EAST,Stolen Property Offenses,78220,2026-09-01
60369563246,2024-11-02,Wire Fraud,PROPERTY,EAST,Fraud Offenses,78220,2026-09-01
53625299719,2024-01-03,Animal Cruelty,SOCIETY,SOUTH,Animal Cruelty,78221,2026-09-01
50049467803,2023-05-22,Embezzlement,PROPERTY,SOUTH,Embezzlement,78221,2026-09-01
69609391139,2026-04-09,Fondling,PERSON,SOUTH,"Sex Offenses, Forcible",78221,2026-09-01
60779560555,2024-11-10,Pornography/Obscene Material,SOCIETY,SOUTH,Pornography/Obscene Material,78221,2026-09-01
54589793619,2024-03-05,Prostitution,SOCIETY,SOUTH,Prostitution Offenses,78221,2026-09-01
67395502708,2025-11-16,Animal Cruelty,SOCIETY,EAST,Animal Cruelty,78222,2026-09-01
63672166918,2025-04-23,Fondling,PERSON,EAST,"Sex Offenses, Forcible",78222,2026-09-01
65495626027,2025-08-18,Stolen Property Offenses,PROPERTY,EAST,Stolen Property Offenses,78222,2026-09-01
53155575077,2023-11-25,Wire Fraud,PROPERTY,EAST,Fraud Offenses,78222,2026-09-01
68426123674,2026-02-05,Embezzlement,PROPERTY,EAST,Embezzlement,78223,2026-09-01
52034851080,2023-08-27,Fondling,PERSON,EAST,"Sex Offenses, Forcible",78223,2026-09-01
66181585815,2025-09-22,Fondling,PERSON,EAST,"Sex Offenses, Forcible",78223,2026-09-01
72397380010,2026-08-23,Kidnapping/Abduction,PERSON,SOUTH,Kidnapping/Abduction,78223,2026-09-01
54034731208,2024-02-05,Pocket-picking,PROPERTY,EAST,Larceny/Theft Offenses,78223,2026-09-01
51799020772,2023-08-12,Pornography/Obscene Material,SOCIETY,SOUTH,Pornography/Obscene Material,78223,2026-09-01
55344211113,2024-04-10,Welfare Fraud,PROPERTY,EAST,Fraud Offenses,78223,2026-09-01
52525319329,2023-10-06,Wire Fraud,PROPERTY,SOUTH,Fraud Offenses,78223,2026-09-01
51302971772,2023-07-04,Pocket-picking,PROPERTY,SOUTH,Larceny/Theft Offenses,78224,2026-09-01
69653356008,2026-04-12,Fondling,PERSON,WEST,"Sex Offenses, Forcible",78227,2026-09-01
72215657069,2026-08-14,Kidnapping/Abduction,PERSON,WEST,Kidnapping/Abduction,78227,2026-09-01
65247668207,2025-08-03,Pocket-picking,PROPERTY,WEST,Larceny/Theft Offenses,78227,2026-09-01
42443981928,2023-02-16,Stolen Property Offenses,PROPERTY,WEST,Stolen Property Offenses,78227,2026-09-01
67761268179,2025-12-10,Pocket-picking,PROPERTY,WEST,Larceny/Theft Offenses,78228,2026-09-01
67173739103,2025-11-03,Pornography/Obscene Material,SOCIETY,WEST,Pornography/Obscene Material,78228,2026-09-01
62439478775,2025-01-25,Stolen Property Offenses,PROPERTY,WEST,Stolen Property Offenses,78228,2026-09-01
67855802356,2025-12-18,Assisting or Promoting Prostitution,SOCIETY,PRUE,Prostitution Offenses,78229,2026-09-01
54021970527,2024-02-03,Fondling,PERSON,PRUE,"Sex Offenses, Forcible",78229,2026-09-01
53826183087,2024-01-18,Impersonation,PROPERTY,WEST,Fraud Offenses,78229,2026-09-01
65396707657,2025-08-10,Stolen Property Offenses,PROPERTY,PRUE,Stolen Property Offenses,78229,2026-09-01
53977307855,2024-01-31,Wire Fraud,PROPERTY,PRUE,Fraud Offenses,78229,2026-09-01
68046123917,2026-01-04,Wire Fraud,PROPERTY,PRUE,Fraud Offenses,78229,2026-09-01
51669138778,2023-08-02,Wire Fraud,PROPERTY,PRUE,Fraud Offenses,78230,2026-09-01
69141681947,2026-03-09,Wire Fraud,PROPERTY,PRUE,Fraud Offenses,78230,2026-09-01
53156889014,2023-11-25,Embezzlement,PROPERTY,NORTH,Embezzlement,78232,2026-09-01
53839216157,2024-01-19,Impersonation,PROPERTY,NORTH,Fraud Offenses,78232,2026-09-01
65014501296,2025-07-18,Kidnapping/Abduction,PERSON,NORTH,Kidnapping/Abduction,78232,2026-09-01
41466030201,2023-02-04,Pornography/Obscene Material,SOCIETY,NORTH,Pornography/Obscene Material,78232,2026-09-01
57754649293,2024-07-18,Wire Fraud,PROPERTY,NORTH,Fraud Offenses,78232,2026-09-01
43084096925,2023-02-22,Arson,PROPERTY,NORTH,Arson,78233,2026-09-01
65146274986,2025-07-26,Pornography/Obscene Material,SOCIETY,NORTH,Pornography/Obscene Material,78233,2026-09-01
51486538816,2023-07-24,Sexual Assault With An Object,PERSON,NORTH,"Sex Offenses, Forcible",78233,2026-09-01
57839796054,2024-07-21,Wire Fraud,PROPERTY,NORTH,Fraud Offenses,78233,2026-09-01
51076849033,2023-06-21,Impersonation,PROPERTY,WEST,Fraud Offenses,78238,2026-09-01
52262034296,2023-09-12,Sodomy,PERSON,PRUE,"Sex Offenses, Forcible",78238,2026-09-01
46766545082,2023-03-17,Wire Fraud,PROPERTY,WEST,Fraud Offenses,78238,2026-09-01
64286381045,2025-06-01,Extortion/Blackmail,PROPERTY,PRUE,Extortion/Blackmail,78240,2026-09-01
54710448867,2024-03-13,Wire Fraud,PROPERTY,PRUE,Fraud Offenses,78240,2026-09-01
66385606038,2025-10-06,Wire Fraud,PROPERTY,PRUE,Fraud Offenses,78240,2026-09-01
54825904650,2024-03-18,Fondling,PERSON,SOUTH,"Sex Offenses, Forcible",78242,2026-09-01
54305925974,2024-02-21,Stolen Property Offenses,PROPERTY,SOUTH,Stolen Property Offenses,78242,2026-09-01
61465909393,2024-12-11,Impersonation,PROPERTY,EAST,Fraud Offenses,78244,2026-09-01
65704528612,2025-09-03,Wire Fraud,PROPERTY,EAST,Fraud Offenses,78244,2026-09-01
41771541756,2023-02-10,Impersonation,PROPERTY,WEST,Fraud Offenses,78245,2026-09-01
60077201653,2024-10-16,Pornography/Obscene Material,SOCIETY,WEST,Pornography/Obscene Material,78245,2026-09-01
69514325063,2026-04-02,Wire Fraud,PROPERTY,WEST,Fraud Offenses,78245,2026-09-01
64601551954,2025-06-20,Extortion/Blackmail,PROPERTY,NORTH,Extortion/Blackmail,78247,2026-09-01
69878801987,2026-04-28,Impersonation,PROPERTY,NORTH,Fraud Offenses,78247,2026-09-01
65648545261,2025-08-29,Negligent Manslaughter,PERSON,NORTH,Homicide Offenses,78247,2026-09-01
68911052380,2026-03-05,Pornography/Obscene Material,SOCIETY,NORTH,Pornography/Obscene Material,78247,2026-09-01
60311140413,2024-10-30,Theft From Coin-Operated Machine or Device,PROPERTY,NORTH,Larceny/Theft Offenses,78247,2026-09-01
52686466686,2023-10-20,Wire Fraud,PROPERTY,PRUE,Fraud Offenses,78249,2026-09-01
56278516006,2024-05-22,Wire Fraud,PROPERTY,PRUE,Fraud Offenses,78249,2026-09-01
57402965262,2024-07-05,Wire Fraud,PROPERTY,PRUE,Fraud Offenses,78249,2026-09-01
59503529906,2024-09-21,Impersonation,PROPERTY,PRUE,Fraud Offenses,78250,2026-09-01
40747821686,2023-01-16,Pornography/Obscene Material,SOCIETY,PRUE,Pornography/Obscene Material,78250,2026-09-01
68650289874,2026-02-26,Pornography/Obscene Material,SOCIETY,PRUE,Pornography/Obscene Material,78250,2026-09-01
45631131614,2023-03-10,Wire Fraud,PROPERTY,PRUE,Fraud Offenses,78250,2026-09-01
63780979818,2025-05-02,Wire Fraud,PROPERTY,PRUE,Fraud Offenses,78250,2026-09-01
66883724406,2025-10-26,Wire Fraud,PROPERTY,PRUE,Fraud Offenses,78250,2026-09-01
63229456467,2025-03-18,Wire Fraud,PROPERTY,WEST,Fraud Offenses,78251,2026-09-01
65250980527,2025-08-03,Fondling,PERSON,PRUE,"Sex Offenses, Forcible",78256,2026-09-01
70337643422,2026-05-07,Embezzlement,PROPERTY,PRUE,Embezzlement,78257,2026-09-01
59407292701,2024-09-20,Pornography/Obscene Material,SOCIETY,PRUE,Pornography/Obscene Material,78257,2026-09-01
52375786140,2023-09-20,Impersonation,PROPERTY,NORTH,Fraud Offenses,78258,2026-09-01
56062378068,2024-05-13,Sodomy,PERSON,NORTH,"Sex Offenses, Forcible",78258,2026-09-01
64694574468,2025-06-26,Wire Fraud,PROPERTY,NORTH,Fraud Offenses,78258,2026-09-01
71008959918,2026-06-15,Fondling,PERSON,NORTH,"Sex Offenses, Forcible",78259,2026-09-01
57214980021,2024-06-30,Pornography/Obscene Material,SOCIETY,NORTH,Pornography/Obscene Material,78259,2026-09-01
52540299965,2023-10-09,Stolen Property Offenses,PROPERTY,NORTH,Stolen Property Offenses,78259,2026-09-01
55661990291,2024-04-24,Arson,PROPERTY,CENTRAL,Arson,78201,2026-09-01
62135969946,2025-01-04,Impersonation,PROPERTY,CENTRAL,Fraud Offenses,78201,2026-09-01
51421971946,2023-07-18,Sexual Assault With An Object,PERSON,WEST,"Sex Offenses, Forcible",78201,2026-09-01
62482547246,2025-01-28,Theft From Coin-Operated Machine or Device,PROPERTY,WEST,Larceny/Theft Offenses,78201,2026-09-01
67176711116,2025-11-03,Animal Cruelty,SOCIETY,EAST,Animal Cruelty,78202,2026-09-01
62803721361,2025-02-15,Impersonation,PROPERTY,EAST,Fraud Offenses,78202,2026-09-01
54321811813,2024-02-22,Pocket-picking,PROPERTY,EAST,Larceny/Theft Offenses,78202,2026-09-01
63454203949,2025-04-02,Pornography/Obscene Material,SOCIETY,EAST,Pornography/Obscene Material,78202,2026-09-01
63654288740,2025-04-21,Pornography/Obscene Material,SOCIETY,EAST,Pornography/Obscene Material,78202,2026-09-01
56883128049,2024-06-16,Stolen Property Offenses,PROPERTY,EAST,Stolen Property Offenses,78202,2026-09-01
63403348429,2025-03-30,Wire Fraud,PROPERTY,EAST,Fraud Offenses,78202,2026-09-01
64628957961,2025-06-22,Murder & Nonnegligent Manslaughter,PERSON,EAST,Homicide Offenses,78203,2026-09-01
56911354205,2024-06-18,Pocket-picking,PROPERTY,DOWNTOWN,Larceny/Theft Offenses,78204,2026-09-01
50084926188,2023-05-26,Sodomy,PERSON,CENTRAL,"Sex Offenses, Forcible",78204,2026-09-01
40940598757,2023-01-19,Arson,PROPERTY,CENTRAL,Arson,78205,2026-09-01
62038160817,2024-12-28,Pocket-picking,PROPERTY,DOWNTOWN,Larceny/Theft Offenses,78205,2026-09-01
54855409846,2024-03-20,Animal Cruelty,SOCIETY,CENTRAL,Animal Cruelty,78207,2026-09-01
51758397086,2023-08-17,Arson,PROPERTY,CENTRAL,Arson,78207,2026-09-01
51072759140,2023-06-28,Fondling,PERSON,CENTRAL,"Sex Offenses, Forcible",78207,2026-09-01
71473436667,2026-07-07,Impersonation,PROPERTY,CENTRAL,Fraud Offenses,78207,2026-09-01
58292178490,2024-08-10,Pornography/Obscene Material,SOCIETY,CENTRAL,Pornography/Obscene Material,78207,2026-09-01
42702332849,2023-02-21,Sexual Assault With An Object,PERSON,CENTRAL,"Sex Offenses, Forcible",78207,2026-09-01
72042886669,2026-08-07,Stolen Property Offenses,PROPERTY,CENTRAL,Stolen Property Offenses,78207,2026-09-01
57966678328,2024-07-29,Wire Fraud,PROPERTY,CENTRAL,Fraud Offenses,78207,2026-09-01
63723012058,2025-04-28,Wire Fraud,PROPERTY,DOWNTOWN,Fraud Offenses,78207,2026-09-01
55524513156,2024-04-17,Wire Fraud,PROPERTY,EAST,Fraud Offenses,78208,2026-09-01
50456126198,2023-05-31,Embezzlement,PROPERTY,NORTH,Embezzlement,78209,2026-09-01
64055013013,2025-05-20,Kidnapping/Abduction,PERSON,NORTH,Kidnapping/Abduction,78209,2026-09-01
63713412762,2025-04-28,Pornography/Obscene Material,SOCIETY,DOWNTOWN,Pornography/Obscene Material,78209,2026-09-01
59823380487,2024-10-02,Fondling,PERSON,SOUTH,"Sex Offenses, Forcible",78210,2026-09-01
58655875080,2024-08-30,Pornography/Obscene Material,SOCIETY,CENTRAL,Pornography/Obscene Material,78210,2026-09-01
59847974052,2024-10-03,Pornography/Obscene Material,SOCIETY,EAST,Pornography/Obscene Material,78210,2026-09-01
69386467525,2026-03-23,Impersonation,PROPERTY,DOWNTOWN,Fraud Offenses,78212,2026-09-01
57900944780,2024-07-25,Pocket-picking,PROPERTY,DOWNTOWN,Larceny/Theft Offenses,78212,2026-09-01
60220955766,2024-10-27,Stolen Property Offenses,PROPERTY,DOWNTOWN,Stolen Property Offenses,78212,2026-09-01
51657938663,2023-08-01,Wire Fraud,PROPERTY,CENTRAL,Fraud Offenses,78212,2026-09-01
52543067295,2023-10-09,Wire Fraud,PROPERTY,CENTRAL,Fraud Offenses,78212,2026-09-01
51111560390,2023-06-25,Fondling,PERSON,CENTRAL,"Sex Offenses, Forcible",78213,2026-09-01
53300161407,2023-12-04,Pornography/Obscene Material,SOCIETY,CENTRAL,Pornography/Obscene Material,78213,2026-09-01
67804024557,2025-12-14,Pornography/Obscene Material,SOCIETY,NORTH,Pornography/Obscene Material,78213,2026-09-01
72296496220,2026-08-18,Welfare Fraud,PROPERTY,NORTH,Fraud Offenses,78213,2026-09-01
71778588138,2026-07-21,Embezzlement,PROPERTY,SOUTH,Embezzlement,78214,2026-09-01
66121001682,2025-09-18,Welfare Fraud,PROPERTY,SOUTH,Fraud Offenses,78214,2026-09-01
65545513418,2025-08-21,Impersonation,PROPERTY,DOWNTOWN,Fraud Offenses,78215,2026-09-01
59511956562,2024-09-22,Animal Cruelty,SOCIETY,NORTH,Animal Cruelty,78216,2026-09-01
55344469435,2024-04-10,Extortion/Blackmail,PROPERTY,NORTH,Extortion/Blackmail,78216,2026-09-01
63174302266,2025-03-14,Kidnapping/Abduction,PERSON,NORTH,Kidnapping/Abduction,78216,2026-09-01
62915921966,2025-02-25,Prostitution,SOCIETY,NORTH,Prostitution Offenses,78216,2026-09-01
71911191933,2026-07-29,Prostitution,SOCIETY,NORTH,Prostitution Offenses,78216,2026-09-01
52262200925,2023-09-12,Sexual Assault With An Object,PERSON,NORTH,"Sex Offenses, Forcible",78216,2026-09-01
66139269021,2025-09-19,Stolen Property Offenses,PROPERTY,NORTH,Stolen Property Offenses,78216,2026-09-01
67434010302,2025-11-19,Welfare Fraud,PROPERTY,NORTH,Fraud Offenses,78216,2026-09-01
49390800576,2023-05-09,Wire Fraud,PROPERTY,NORTH,Fraud Offenses,78216,2026-09-01
67463246711,2025-11-21,Wire Fraud,PROPERTY,NORTH,Fraud Offenses,78216,2026-09-01
67745469310,2025-12-09,Pornography/Obscene Material,SOCIETY,NORTH,Pornography/Obscene Material,78217,2026-09-01
50999079476,2023-06-12,Sodomy,PERSON,NORTH,"Sex Offenses, Forcible",78217,2026-09-01
69787165847,2026-04-22,Stolen Property Offenses,PROPERTY,NORTH,Stolen Property Offenses,78217,2026-09-01
57011748948,2024-06-21,Wire Fraud,PROPERTY,NORTH,Fraud Offenses,78217,2026-09-01
64128666496,2025-05-25,Wire Fraud,PROPERTY,NORTH,Fraud Offenses,78217,2026-09-01
52188588698,2023-09-04,Extortion/Blackmail,PROPERTY,EAST,Extortion/Blackmail,78218,2026-09-01
44660993367,2023-03-02,Wire Fraud,PROPERTY,EAST,Fraud Offenses,78219,2026-09-01
56456401305,2024-05-29,Animal Cruelty,SOCIETY,EAST,Animal Cruelty,78220,2026-09-01
68485236202,2026-02-09,Animal Cruelty,SOCIETY,EAST,Animal Cruelty,78220,2026-09-01
55131017621,2024-04-01,Arson,PROPERTY,EAST,Arson,78220,2026-09-01
60806989014,2024-11-12,Embezzlement,PROPERTY,EAST,Embezzlement,78220,2026-09-01
63230513831,2025-03-18,Fondling,PERSON,EAST,"Sex Offenses, Forcible",78220,2026-09-01
66396138019,2025-10-07,Fondling,PERSON,EAST,"Sex Offenses, Forcible",78220,2026-09-01
58118748792,2024-08-04,Pornography/Obscene Material,SOCIETY,EAST,Pornography/Obscene Material,78220,2026-09-01
70751825641,2026-05-26,Stolen Property Offenses,PROPERTY,EAST,Stolen Property Offenses,78220,2026-09-01
57876938856,2024-07-23,Wire Fraud,PROPERTY,EAST,Fraud Offenses,78220,2026-09-01
58939135941,2024-09-11,Impersonation,PROPERTY,SOUTH,Fraud Offenses,78221,2026-09-01
64347226876,2025-06-05,Prostitution,SOCIETY,SOUTH,Prostitution Offenses,78221,2026-09-01
63861419492,2025-05-06,Purse-snatching,PROPERTY,SOUTH,Larceny/Theft Offenses,78221,2026-09-01
50447394460,2023-05-30,Sexual Assault With An Object,PERSON,SOUTH,"Sex Offenses, Forcible",78221,2026-09-01
53114946565,2023-11-20,Sexual Assault With An Object,PERSON,SOUTH,"Sex Offenses, Forcible",78221,2026-09-01
68362704328,2026-01-31,Theft From Coin-Operated Machine or Device,PROPERTY,SOUTH,Larceny/Theft Offenses,78221,2026-09-01
64928028274,2025-07-11,Welfare Fraud,PROPERTY,SOUTH,Fraud Offenses,78221,2026-09-01
51473563058,2023-07-23,Wire Fraud,PROPERTY,SOUTH,Fraud Offenses,78221,2026-09-01
71081072848,2026-06-20,Wire Fraud,PROPERTY,SOUTH,Fraud Offenses,78221,2026-09-01
67588619504,2025-12-01,Arson,PROPERTY,EAST,Arson,78222,2026-09-01
51410086681,2023-07-17,Kidnapping/Abduction,PERSON,EAST,Kidnapping/Abduction,78222,2026-09-01
62047600231,2024-12-29,Pornography/Obscene Material,SOCIETY,EAST,Pornography/Obscene Material,78222,2026-09-01
63086077220,2025-03-07,Pornography/Obscene Material,SOCIETY,EAST,Pornography/Obscene Material,78222,2026-09-01
56099330583,2024-05-16,Sexual Assault With An Object,PERSON,EAST,"Sex Offenses, Forcible",78222,2026-09-01
68072259335,2026-01-06,Stolen Property Offenses,PROPERTY,EAST,Stolen Property Offenses,78222,2026-09-01
63090447549,2025-03-07,Animal Cruelty,SOCIETY,EAST,Animal Cruelty,78223,2026-09-01
60110507950,2024-10-18,Murder & Nonnegligent Manslaughter,PERSON,EAST,Homicide Offenses,78223,2026-09-01
65722720456,2025-09-04,Pornography/Obscene Material,SOCIETY,EAST,Pornography/Obscene Material,78223,2026-09-01
71043080621,2026-06-17,Pornography/Obscene Material,SOCIETY,EAST,Pornography/Obscene Material,78223,2026-09-01
49363115917,2023-05-07,Sodomy,PERSON,EAST,"Sex Offenses, Forcible",78223,2026-09-01
53408112225,2023-12-15,Sodomy,PERSON,SOUTH,"Sex Offenses, Forcible",78223,2026-09-01
53582016256,2023-12-29,Theft From Coin-Operated Machine or Device,PROPERTY,EAST,Larceny/Theft Offenses,78223,2026-09-01
63730618009,2025-04-29,Embezzlement,PROPERTY,SOUTH,Embezzlement,78224,2026-09-01
67529053811,2025-11-25,Fondling,PERSON,SOUTH,"Sex Offenses, Forcible",78224,2026-09-01
70914180813,2026-06-07,Purchasing Prostitution,SOCIETY,SOUTH,Prostitution Offenses,78224,2026-09-01
66074937886,2025-09-15,Fondling,PERSON,SOUTH,"Sex Offenses, Forcible",78225,2026-09-01
56773488722,2024-06-11,Stolen Property Offenses,PROPERTY,SOUTH,Stolen Property Offenses,78225,2026-09-01
71947750643,2026-08-01,Wire Fraud,PROPERTY,SOUTH,Fraud Offenses,78226,2026-09-01
55056494558,2024-03-28,Fondling,PERSON,WEST,"Sex Offenses, Forcible",78227,2026-09-01
45493632444,2023-03-09,Impersonation,PROPERTY,WEST,Fraud Offenses,78227,2026-09-01
63265638299,2025-03-21,Stolen Property Offenses,PROPERTY,WEST,Stolen Property Offenses,78227,2026-09-01
59955350344,2024-10-08,Wire Fraud,PROPERTY,WEST,Fraud Offenses,78227,2026-09-01
51059122924,2023-06-19,Animal Cruelty,SOCIETY,WEST,Animal Cruelty,78228,2026-09-01
56434124903,2024-05-28,Fondling,PERSON,WEST,"Sex Offenses, Forcible",78228,2026-09-01
67770072404,2025-12-11,Fondling,PERSON,WEST,"Sex Offenses, Forcible",78228,2026-09-01
52182946363,2023-09-04,Pornography/Obscene Material,SOCIETY,WEST,Pornography/Obscene Material,78228,2026-09-01
69479741895,2026-03-31,Wire Fraud,PROPERTY,CENTRAL,Fraud Offenses,78228,2026-09-01
60793477706,2024-11-11,Animal Cruelty,SOCIETY,PRUE,Animal Cruelty,78229,2026-09-01
70973530507,2026-06-12,Murder & Nonnegligent Manslaughter,PERSON,PRUE,Homicide Offenses,78229,2026-09-01
70472815626,2026-05-15,Pocket-picking,PROPERTY,PRUE,Larceny/Theft Offenses,78229,2026-09-01
52639963708,2023-10-19,Sodomy,PERSON,PRUE,"Sex Offenses, Forcible",78229,2026-09-01
65628005854,2025-08-27,Wire Fraud,PROPERTY,PRUE,Fraud Offenses,78229,2026-09-01
57632603386,2024-07-15,Prostitution,SOCIETY,PRUE,Prostitution Offenses,78230,2026-09-01
62665318459,2025-02-07,Prostitution,SOCIETY,PRUE,Prostitution Offenses,78230,2026-09-01
41234374467,2023-01-27,Sexual Assault With An Object,PERSON,PRUE,"Sex Offenses, Forcible",78230,2026-09-01
47501945879,2023-03-24,Wire Fraud,PROPERTY,PRUE,Fraud Offenses,78230,2026-09-01
65572296479,2025-08-23,Wire Fraud,PROPERTY,PRUE,Fraud Offenses,78230,2026-09-01
69666614553,2026-04-13,Wire Fraud,PROPERTY,PRUE,Fraud Offenses,78230,2026-09-01
60876251683,2024-11-19,Prostitution,SOCIETY,NORTH,Prostitution Offenses,78232,2026-09-01
59601008483,2024-09-25,Animal Cruelty,SOCIETY,NORTH,Animal Cruelty,78233,2026-09-01
52559868862,2023-10-11,Fondling,PERSON,WEST,"Sex Offenses, Forcible",78237,2026-09-01
52697222468,2023-10-20,Pornography/Obscene Material,SOCIETY,WEST,Pornography/Obscene Material,78237,2026-09-01
65030655029,2025-07-19,Pornography/Obscene Material,SOCIETY,WEST,Pornography/Obscene Material,78237,2026-09-01
52498557979,2023-10-03,Arson,PROPERTY,WEST,Arson,78238,2026-09-01
54204955762,2024-02-16,Embezzlement,PROPERTY,PRUE,Embezzlement,78238,2026-09-01
65817195431,2025-09-08,Embezzlement,PROPERTY,WEST,Embezzlement,78238,2026-09-01
50932136215,2023-06-03,Fondling,PERSON,WEST,"Sex Offenses, Forcible",78238,2026-09-01
61727525210,2024-12-13,Stolen Property Offenses,PROPERTY,WEST,Stolen Property Offenses,78238,2026-09-01
65570862080,2025-08-23,Stolen Property Offenses,PROPERTY,WEST,Stolen Property Offenses,78238,2026-09-01
64345051162,2025-06-05,Welfare Fraud,PROPERTY,WEST,Fraud Offenses,78238,2026-09-01
48754868385,2023-04-05,Purse-snatching,PROPERTY,EAST,Larceny/Theft Offenses,78239,2026-09-01
67634245447,2025-12-02,Animal Cruelty,SOCIETY,PRUE,Animal Cruelty,78240,2026-09-01
40872864979,2023-01-19,Fondling,PERSON,PRUE,"Sex Offenses, Forcible",78240,2026-09-01
47829306165,2023-03-27,Fondling,PERSON,PRUE,"Sex Offenses, Forcible",78240,2026-09-01
54160889379,2024-02-14,Fondling,PERSON,PRUE,"Sex Offenses, Forcible",78240,2026-09-01
69714359160,2026-04-17,Hacking/Computer Invasion,PROPERTY,PRUE,Fraud Offenses,78240,2026-09-01
55679610111,2024-04-25,Pornography/Obscene Material,SOCIETY,PRUE,Pornography/Obscene Material,78240,2026-09-01
63523317561,2025-04-10,Pornography/Obscene Material,SOCIETY,PRUE,Pornography/Obscene Material,78240,2026-09-01
51891367585,2023-08-14,Prostitution,SOCIETY,PRUE,Prostitution Offenses,78240,2026-09-01
57968822082,2024-07-29,Wire Fraud,PROPERTY,PRUE,Fraud Offenses,78240,2026-09-01
64647111699,2025-06-23,Wire Fraud,PROPERTY,PRUE,Fraud Offenses,78240,2026-09-01
52863739108,2023-11-01,Pornography/Obscene Material,SOCIETY,SOUTH,Pornography/Obscene Material,78242,2026-09-01
67905722279,2025-12-23,Pornography/Obscene Material,SOCIETY,SOUTH,Pornography/Obscene Material,78242,2026-09-01
53554380257,2023-12-25,Sexual Assault With An Object,PERSON,SOUTH,"Sex Offenses, Forcible",78242,2026-09-01
66843568331,2025-10-23,Pornography/Obscene Material,SOCIETY,EAST,Pornography/Obscene Material,78244,2026-09-01
47941655077,2023-03-28,Fondling,PERSON,WEST,"Sex Offenses, Forcible",78245,2026-09-01
50075553075,2023-05-25,Wire Fraud,PROPERTY,WEST,Fraud Offenses,78245,2026-09-01
52794127299,2023-10-25,Arson,PROPERTY,NORTH,Arson,78247,2026-09-01
60325893126,2024-10-31,Pornography/Obscene Material,SOCIETY,NORTH,Pornography/Obscene Material,78247,2026-09-01
48752832566,2023-04-04,Stolen Property Offenses,PROPERTY,NORTH,Stolen Property Offenses,78247,2026-09-01
60131978804,2024-10-19,Extortion/Blackmail,PROPERTY,PRUE,Extortion/Blackmail,78248,2026-09-01
52303435215,2023-09-15,Wire Fraud,PROPERTY,PRUE,Fraud Offenses,78249,2026-09-01
40775307170,2023-01-17,Fondling,PERSON,PRUE,"Sex Offenses, Forcible",78250,2026-09-01
49601837875,2023-05-12,Fondling,PERSON,PRUE,"Sex Offenses, Forcible",78250,2026-09-01
54577144432,2024-03-04,Sexual Assault With An Object,PERSON,PRUE,"Sex Offenses, Forcible",78250,2026-09-01
57506692581,2024-07-10,Wire Fraud,PROPERTY,PRUE,Fraud Offenses,78250,2026-09-01
61378812213,2024-12-02,Embezzlement,PROPERTY,WEST,Embezzlement,78251,2026-09-01
62059211628,2024-12-30,Impersonation,PROPERTY,WEST,Fraud Offenses,78251,2026-09-01
56211756514,2024-05-20,Theft From Coin-Operated Machine or Device,PROPERTY,WEST,Larceny/Theft Offenses,78251,2026-09-01
65248144105,2025-08-03,Wire Fraud,PROPERTY,WEST,Fraud Offenses,78251,2026-09-01
67670840441,2025-12-04,Wire Fraud,PROPERTY,WEST,Fraud Offenses,78251,2026-09-01
51445555275,2023-07-20,Wire Fraud,PROPERTY,PRUE,Fraud Offenses,78256,2026-09-01
54162051755,2024-02-14,Wire Fraud,PROPERTY,PRUE,Fraud Offenses,78256,2026-09-01
52202449389,2023-09-05,Fondling,PERSON,PRUE,"Sex Offenses, Forcible",78257,2026-09-01
66873635821,2025-10-25,Theft From Coin-Operated Machine or Device,PROPERTY,PRUE,Larceny/Theft Offenses,78257,2026-09-01
54742989097,2024-03-15,Hacking/Computer Invasion,PROPERTY,NORTH,Fraud Offenses,78258,2026-09-01
53274398658,2023-12-01,Wire Fraud,PROPERTY,NORTH,Fraud Offenses,78258,2026-09-01
63609579956,2025-04-17,Fondling,PERSON,NORTH,"Sex Offenses, Forcible",78259,2026-09-01
52216964140,2023-09-07,Fondling,PERSON,CENTRAL,"Sex Offenses, Forcible",Out of Jurisdiction,2026-09-01
57174961474,2024-06-27,Wire Fraud,PROPERTY,SOUTH,Fraud Offenses,Out of Jurisdiction,2026-09-01
52490965323,2023-10-02,Hacking/Computer Invasion,PROPERTY,WEST,Fraud Offenses,78201,2026-09-01
52074087851,2023-08-30,Sodomy,PERSON,WEST,"Sex Offenses, Forcible",78201,2026-09-01
51121646374,2023-06-26,Stolen Property Offenses,PROPERTY,WEST,Stolen Property Offenses,78201,2026-09-01
62449004735,2025-01-26,Statutory Rape,PERSON,CENTRAL,"Sex Offenses, Nonforcible",78204,2026-09-01
39622978325,2023-01-05,Fondling,PERSON,CENTRAL,"Sex Offenses, Forcible",78205,2026-09-01
68306505259,2026-01-25,Animal Cruelty,SOCIETY,CENTRAL,Animal Cruelty,78207,2026-09-01
58605028806,2024-08-27,Extortion/Blackmail,PROPERTY,CENTRAL,Extortion/Blackmail,78207,2026-09-01
53575918615,2023-12-28,Fondling,PERSON,CENTRAL,"Sex Offenses, Forcible",78207,2026-09-01
53626698046,2024-01-04,Fondling,PERSON,CENTRAL,"Sex Offenses, Forcible",78207,2026-09-01
62969503082,2025-03-02,Fondling,PERSON,CENTRAL,"Sex Offenses, Forcible",78207,2026-09-01
64161785913,2025-05-28,Fondling,PERSON,CENTRAL,"Sex Offenses, Forcible",78207,2026-09-01
64404408301,2025-06-08,Fondling,PERSON,CENTRAL,"Sex Offenses, Forcible",78207,2026-09-01
53283920253,2023-12-02,Prostitution,SOCIETY,CENTRAL,Prostitution Offenses,78207,2026-09-01
54321186793,2024-02-22,Purchasing Prostitution,SOCIETY,CENTRAL,Prostitution Offenses,78207,2026-09-01
53092678409,2023-11-17,Sodomy,PERSON,CENTRAL,"Sex Offenses, Forcible",78207,2026-09-01
