49310553270,2023-04-30,Weapon Law Violations,SOCIETY,SOUTH,Weapon Law Violations,78225,2026-09-01
56015932721,2024-05-10,Weapon Law Violations,SOCIETY,SOUTH,Weapon Law Violations,78225,2026-09-01
66021825434,2025-09-11,Weapon Law Violations,SOCIETY,SOUTH,Weapon Law Violations,78225,2026-09-01
43485016706,2023-02-26,Weapon Law Violations,SOCIETY,WEST,Weapon Law Violations,78227,2026-09-01
53806038700,2024-01-16,Weapon Law Violations,SOCIETY,WEST,Weapon Law Violations,78227,2026-09-01
63683779012,2025-04-24,Weapon Law Violations,SOCIETY,WEST,Weapon Law Violations,78227,2026-09-01
65570752145,2025-08-23,Weapon Law Violations,SOCIETY,WEST,Weapon Law Violations,78227,2026-09-01
66689280832,2025-10-14,Weapon Law Violations,SOCIETY,WEST,Weapon Law Violations,78227,2026-09-01
51703538058,2023-08-04,Weapon Law Violations,SOCIETY,WEST,Weapon Law Violations,78228,2026-09-01
53308704582,2023-12-05,Weapon Law Violations,SOCIETY,WEST,Weapon Law Violations,78228,2026-09-01
57979099048,2024-07-31,Weapon Law Violations,SOCIETY,CENTRAL,Weapon Law Violations,78228,2026-09-01
62016835022,2024-12-26,Weapon Law Violations,SOCIETY,WEST,Weapon Law Violations,78228,2026-09-01
71959090426,2026-08-02,Weapon Law Violations,SOCIETY,WEST,Weapon Law Violations,78228,2026-09-01
63456482954,2025-04-03,Weapon Law Violations,SOCIETY,PRUE,Weapon Law Violations,78230,2026-09-01
51279986996,2023-07-02,Weapon Law Violations,SOCIETY,WEST,Weapon Law Violations,78237,2026-09-01
63753852073,2025-04-30,Weapon Law Violations,SOCIETY,CENTRAL,Weapon Law Violations,78237,2026-09-01
66647627198,2025-10-11,Weapon Law Violations,SOCIETY,WEST,Weapon Law Violations,78237,2026-09-01
47073285661,2023-03-20,Weapon Law Violations,SOCIETY,WEST,Weapon Law Violations,78238,2026-09-01
64278562333,2025-06-01,Weapon Law Violations,SOCIETY,WEST,Weapon Law Violations,78238,2026-09-01
68038541515,2026-01-04,Weapon Law Violations,SOCIETY,WEST,Weapon Law Violations,78238,2026-09-01
62875537106,2025-02-22,Weapon Law Violations,SOCIETY,SOUTH,Weapon Law Violations,78242,2026-09-01
60074832412,2024-10-16,Weapon Law Violations,SOCIETY,NORTH,Weapon Law Violations,78247,2026-09-01
53151128132,2023-11-24,Weapon Law Violations,SOCIETY,PRUE,Weapon Law Violations,78249,2026-09-01
68338339584,2026-01-29,Weapon Law Violations,SOCIETY,PRUE,Weapon Law Violations,78249,2026-09-01
51301012923,2023-07-04,Weapon Law Violations,SOCIETY,PRUE,Weapon Law Violations,78250,2026-09-01
50985151130,2023-06-10,Weapon Law Violations,SOCIETY,WEST,Weapon Law Violations,78251,2026-09-01
65734905852,2025-09-05,Weapon Law Violations,SOCIETY,WEST,Weapon Law Violations,78251,2026-09-01
66089993709,2025-09-16,Weapon Law Violations,SOCIETY,WEST,Weapon Law Violations,78251,2026-09-01
67621538440,2025-12-01,Weapon Law Violations,SOCIETY,PRUE,Weapon Law Violations,78256,2026-09-01
66272401709,2025-09-27,Weapon Law Violations,SOCIETY,PRUE,Weapon Law Violations,78257,2026-09-01
51806889533,2023-08-12,Weapon Law Violations,SOCIETY,CENTRAL,Weapon Law Violations,78201,2026-09-01
55241560761,2024-04-06,Weapon Law Violations,SOCIETY,WEST,Weapon Law Violations,78201,2026-09-01
60936032756,2024-11-21,Weapon Law Violations,SOCIETY,WEST,Weapon Law Violations,78201,2026-09-01
63676819927,2025-04-23,Weapon Law Violations,SOCIETY,WEST,Weapon Law Violations,78201,2026-09-01
40931096113,2023-01-19,Weapon Law Violations,SOCIETY,EAST,Weapon Law Violations,78202,2026-09-01
41413316786,2023-02-02,Weapon Law Violations,SOCIETY,EAST,Weapon Law Violations,78202,2026-09-01
51363712657,2023-07-11,Weapon Law Violations,SOCIETY,EAST,Weapon Law Violations,78202,2026-09-01
62824001480,2025-02-17,Weapon Law Violations,SOCIETY,EAST,Weapon Law Violations,78203,2026-09-01
66694211926,2025-10-15,Weapon Law Violations,SOCIETY,DOWNTOWN,Weapon Law Violations,78204,2026-09-01
50792390123,2023-06-01,Weapon Law Violations,SOCIETY,CENTRAL,Weapon Law Violations,78207,2026-09-01
51056102562,2023-06-19,Weapon Law Violations,SOCIETY,CENTRAL,Weapon Law Violations,78207,2026-09-01
54308771596,2024-02-22,Weapon Law Violations,SOCIETY,CENTRAL,Weapon Law Violations,78207,2026-09-01
57907308116,2024-07-26,Weapon Law Violations,SOCIETY,CENTRAL,Weapon Law Violations,78207,2026-09-01
57939464359,2024-07-27,Weapon Law Violations,SOCIETY,CENTRAL,Weapon Law Violations,78207,2026-09-01
61382349213,2024-12-03,Weapon Law Violations,SOCIETY,CENTRAL,Weapon Law Violations,78207,2026-09-01
71533518126,2026-07-09,Weapon Law Violations,SOCIETY,CENTRAL,Weapon Law Violations,78207,2026-09-01
49789224062,2023-05-15,Weapon Law Violations,SOCIETY,EAST,Weapon Law Violations,78210,2026-09-01
54658908588,2024-03-11,Weapon Law Violations,SOCIETY,SOUTH,Weapon Law Violations,78210,2026-09-01
55998673969,2024-05-09,Weapon Law Violations,SOCIETY,EAST,Weapon Law Violations,78210,2026-09-01
58447723593,2024-08-18,Weapon Law Violations,SOCIETY,SOUTH,Weapon Law Violations,78210,2026-09-01
62863358688,2025-02-21,Weapon Law Violations,SOCIETY,SOUTH,Weapon Law Violations,78210,2026-09-01
63942887356,2025-05-11,Weapon Law Violations,SOCIETY,SOUTH,Weapon Law Violations,78210,2026-09-01
51316330030,2023-07-05,Weapon Law Violations,SOCIETY,SOUTH,Weapon Law Violations,78211,2026-09-01
55580211728,2024-04-19,Weapon Law Violations,SOCIETY,SOUTH,Weapon Law Violations,78211,2026-09-01
58531598512,2024-08-24,Weapon Law Violations,SOCIETY,SOUTH,Weapon Law Violations,78211,2026-09-01
63505794921,2025-04-08,Weapon Law Violations,SOCIETY,SOUTH,Weapon Law Violations,78211,2026-09-01
53587989904,2023-12-29,Weapon Law Violations,SOCIETY,CENTRAL,Weapon Law Violations,78212,2026-09-01
67795989569,2025-12-13,Weapon Law Violations,SOCIETY,DOWNTOWN,Weapon Law Violations,78212,2026-09-01
70929815702,2026-06-09,Weapon Law Violations,SOCIETY,DOWNTOWN,Weapon Law Violations,78212,2026-09-01
63652208033,2025-04-21,Weapon Law Violations,SOCIETY,CENTRAL,Weapon Law Violations,78213,2026-09-01
67484385286,2025-11-22,Weapon Law Violations,SOCIETY,NORTH,Weapon Law Violations,78213,2026-09-01
40031376320,2023-01-07,Weapon Law Violations,SOCIETY,SOUTH,Weapon Law Violations,78214,2026-09-01
51961483039,2023-08-21,Weapon Law Violations,SOCIETY,SOUTH,Weapon Law Violations,78214,2026-09-01
52969883514,2023-11-09,Weapon Law Violations,SOCIETY,NORTH,Weapon Law Violations,78216,2026-09-01
61418492266,2024-12-06,Weapon Law Violations,SOCIETY,NORTH,Weapon Law Violations,78216,2026-09-01
62192993382,2025-01-08,Weapon Law Violations,SOCIETY,NORTH,Weapon Law Violations,78216,2026-09-01
66118137037,2025-09-18,Weapon Law Violations,SOCIETY,NORTH,Weapon Law Violations,78216,2026-09-01
60389418762,2024-11-04,Weapon Law Violations,SOCIETY,NORTH,Weapon Law Violations,78217,2026-09-01
62351878393,2025-01-19,Weapon Law Violations,SOCIETY,NORTH,Weapon Law Violations,78217,2026-09-01
50949041626,2023-06-06,Weapon Law Violations,SOCIETY,EAST,Weapon Law Violations,78218,2026-09-01
56099473133,2024-05-16,Weapon Law Violations,SOCIETY,EAST,Weapon Law Violations,78218,2026-09-01
69229264014,2026-03-14,Weapon Law Violations,SOCIETY,EAST,Weapon Law Violations,78218,2026-09-01
70601298415,2026-05-22,Weapon Law Violations,SOCIETY,EAST,Weapon Law Violations,78219,2026-09-01
72419830864,2026-08-24,Weapon Law Violations,SOCIETY,EAST,Weapon Law Violations,78219,2026-09-01
49338949326,2023-05-03,Weapon Law Violations,SOCIETY,EAST,Weapon Law Violations,78220,2026-09-01
53672857037,2024-01-08,Weapon Law Violations,SOCIETY,SOUTH,Weapon Law Violations,78221,2026-09-01
50074494632,2023-06-17,Weapon Law Violations,SOCIETY,EAST,Weapon Law Violations,78223,2026-09-01
52519073373,2023-10-06,Weapon Law Violations,SOCIETY,SOUTH,Weapon Law Violations,78223,2026-09-01
56860065738,2024-06-14,Weapon Law Violations,SOCIETY,EAST,Weapon Law Violations,78223,2026-09-01
67527289801,2025-11-25,Weapon Law Violations,SOCIETY,SOUTH,Weapon Law Violations,78223,2026-09-01
70252755334,2026-05-02,Weapon Law Violations,SOCIETY,EAST,Weapon Law Violations,78223,2026-09-01
70525182748,2026-05-19,Weapon Law Violations,SOCIETY,SOUTH,Weapon Law Violations,78223,2026-09-01
40382195750,2023-01-10,Weapon Law Violations,SOCIETY,SOUTH,Weapon Law Violations,78224,2026-09-01
45044076865,2023-03-06,Weapon Law Violations,SOCIETY,SOUTH,Weapon Law Violations,78224,2026-09-01
52901779446,2023-11-03,Weapon Law Violations,SOCIETY,SOUTH,Weapon Law Violations,78224,2026-09-01
67956378017,2025-12-27,Weapon Law Violations,SOCIETY,SOUTH,Weapon Law Violations,78224,2026-09-01
69795289656,2026-04-22,Weapon Law Violations,SOCIETY,SOUTH,Weapon Law Violations,78224,2026-09-01
70900431955,2026-06-06,Weapon Law Violations,SOCIETY,SOUTH,Weapon Law Violations,78224,2026-09-01
52995241856,2023-11-10,Weapon Law Violations,SOCIETY,WEST,Weapon Law Violations,78227,2026-09-01
71111275378,2026-06-22,Weapon Law Violations,SOCIETY,WEST,Weapon Law Violations,78227,2026-09-01
56870728052,2024-06-15,Weapon Law Violations,SOCIETY,WEST,Weapon Law Violations,78228,2026-09-01
59995293352,2024-10-10,Weapon Law Violations,SOCIETY,PRUE,Weapon Law Violations,78229,2026-09-01
41212706014,2023-01-27,Weapon Law Violations,SOCIETY,PRUE,Weapon Law Violations,78230,2026-09-01
54251153174,2024-02-18,Weapon Law Violations,SOCIETY,NORTH,Weapon Law Violations,78233,2026-09-01
58709544732,2024-09-04,Weapon Law Violations,SOCIETY,NORTH,Weapon Law Violations,78233,2026-09-01
53661604599,2024-01-06,Weapon Law Violations,SOCIETY,WEST,Weapon Law Violations,78237,2026-09-01
54554860581,2024-03-02,Weapon Law Violations,SOCIETY,WEST,Weapon Law Violations,78237,2026-09-01
60644125234,2024-11-07,Weapon Law Violations,SOCIETY,WEST,Weapon Law Violations,78237,2026-09-01
53999198616,2024-02-01,Weapon Law Violations,SOCIETY,WEST,Weapon Law Violations,78238,2026-09-01
60307800994,2024-10-30,Weapon Law Violations,SOCIETY,PRUE,Weapon Law Violations,78240,2026-09-01
53588031339,2023-12-30,Weapon Law Violations,SOCIETY,SOUTH,Weapon Law Violations,78242,2026-09-01
60186688049,2024-10-24,Weapon Law Violations,SOCIETY,SOUTH,Weapon Law Violations,78242,2026-09-01
64300192779,2025-06-03,Weapon Law Violations,SOCIETY,SOUTH,Weapon Law Violations,78242,2026-09-01
52546584247,2023-10-09,Weapon Law Violations,SOCIETY,WEST,Weapon Law Violations,78245,2026-09-01
65436521132,2025-08-12,Weapon Law Violations,SOCIETY,WEST,Weapon Law Violations,78245,2026-09-01
71363033404,2026-07-05,Weapon Law Violations,SOCIETY,WEST,Weapon Law Violations,78245,2026-09-01
53658926075,2024-01-06,Weapon Law Violations,SOCIETY,PRUE,Weapon Law Violations,78249,2026-09-01
62967219063,2025-03-02,Weapon Law Violations,SOCIETY,PRUE,Weapon Law Violations,78249,2026-09-01
66849074557,2025-10-23,Weapon Law Violations,SOCIETY,PRUE,Weapon Law Violations,78249,2026-09-01
48309705703,2023-03-31,Weapon Law Violations,SOCIETY,WEST,Weapon Law Violations,78251,2026-09-01
60877209747,2024-11-19,Weapon Law Violations,SOCIETY,WEST,Weapon Law Violations,78251,2026-09-01
51000128340,2023-06-12,Weapon Law Violations,SOCIETY,SOUTH,Weapon Law Violations,78252,2026-09-01
54645530993,2024-03-10,Weapon Law Violations,SOCIETY,NORTH,Weapon Law Violations,78258,2026-09-01
60127770440,2024-10-19,Weapon Law Violations,SOCIETY,EAST,Weapon Law Violations,Out of Jurisdiction,2026-09-01
49770132310,2023-05-15,Weapon Law Violations,SOCIETY,CENTRAL,Weapon Law Violations,78201,2026-09-01
54124808998,2024-02-11,Weapon Law Violations,SOCIETY,EAST,Weapon Law Violations,78202,2026-09-01
60771035696,2024-11-09,Weapon Law Violations,SOCIETY,EAST,Weapon Law Violations,78202,2026-09-01
63404804429,2025-03-31,Weapon Law Violations,SOCIETY,EAST,Weapon Law Violations,78203,2026-09-01
63701002092,2025-04-26,Weapon Law Violations,SOCIETY,EAST,Weapon Law Violations,78203,2026-09-01
51413242148,2023-07-18,Weapon Law Violations,SOCIETY,CENTRAL,Weapon Law Violations,78204,2026-09-01
69632809889,2026-04-11,Weapon Law Violations,SOCIETY,SOUTH,Weapon Law Violations,78204,2026-09-01
49310579508,2023-04-30,Weapon Law Violations,SOCIETY,CENTRAL,Weapon Law Violations,78205,2026-09-01
67242126489,2025-11-07,Weapon Law Violations,SOCIETY,DOWNTOWN,Weapon Law Violations,78205,2026-09-01
72511623696,2026-08-30,Weapon Law Violations,SOCIETY,DOWNTOWN,Weapon Law Violations,78205,2026-09-01
54227127306,2024-02-17,Weapon Law Violations,SOCIETY,CENTRAL,Weapon Law Violations,78207,2026-09-01
57166773356,2024-06-26,Weapon Law Violations,SOCIETY,CENTRAL,Weapon Law Violations,78207,2026-09-01
62524245470,2025-01-30,Weapon Law Violations,SOCIETY,CENTRAL,Weapon Law Violations,78207,2026-09-01
62567738941,2025-02-01,Weapon Law Violations,SOCIETY,CENTRAL,Weapon Law Violations,78207,2026-09-01
63314067170,2025-03-25,Weapon Law Violations,SOCIETY,CENTRAL,Weapon Law Violations,78207,2026-09-01
66024782376,2025-09-12,Weapon Law Violations,SOCIETY,CENTRAL,Weapon Law Violations,78207,2026-09-01
66204818669,2025-09-23,Weapon Law Violations,SOCIETY,CENTRAL,Weapon Law Violations,78207,2026-09-01
47717127765,2023-03-26,Weapon Law Violations,SOCIETY,EAST,Weapon Law Violations,78208,2026-09-01
63018553714,2025-03-04,Weapon Law Violations,SOCIETY,NORTH,Weapon Law Violations,78209,2026-09-01
70753096967,2026-05-27,Weapon Law Violations,SOCIETY,DOWNTOWN,Weapon Law Violations,78209,2026-09-01
50870451854,2023-06-02,Weapon Law Violations,SOCIETY,EAST,Weapon Law Violations,78210,2026-09-01
55695067036,2024-04-26,Weapon Law Violations,SOCIETY,EAST,Weapon Law Violations,78210,2026-09-01
52461708106,2023-09-28,Weapon Law Violations,SOCIETY,SOUTH,Weapon Law Violations,78211,2026-09-01
53451832643,2023-12-19,Weapon Law Violations,SOCIETY,CENTRAL,Weapon Law Violations,78212,2026-09-01
69201235073,2026-03-13,Weapon Law Violations,SOCIETY,DOWNTOWN,Weapon Law Violations,78212,2026-09-01
48863860388,2023-04-06,Weapon Law Violations,SOCIETY,CENTRAL,Weapon Law Violations,78213,2026-09-01
49354053818,2023-05-06,Weapon Law Violations,SOCIETY,CENTRAL,Weapon Law Violations,78213,2026-09-01
50983577540,2023-06-10,Weapon Law Violations,SOCIETY,CENTRAL,Weapon Law Violations,78213,2026-09-01
54623141309,2024-03-07,Weapon Law Violations,SOCIETY,SOUTH,Weapon Law Violations,78214,2026-09-01
68711740401,2026-02-26,Weapon Law Violations,SOCIETY,SOUTH,Weapon Law Violations,78214,2026-09-01
51697083745,2023-08-04,Weapon Law Violations,SOCIETY,NORTH,Weapon Law Violations,78216,2026-09-01
52779600007,2023-10-24,Weapon Law Violations,SOCIETY,NORTH,Weapon Law Violations,78216,2026-09-01
59667023814,2024-09-27,Weapon Law Violations,SOCIETY,NORTH,Weapon Law Violations,78216,2026-09-01
61458155089,2024-12-10,Weapon Law Violations,SOCIETY,NORTH,Weapon Law Violations,78216,2026-09-01
64099199289,2025-05-23,Weapon Law Violations,SOCIETY,NORTH,Weapon Law Violations,78216,2026-09-01
67929423509,2025-12-25,Weapon Law Violations,SOCIETY,NORTH,Weapon Law Violations,78216,2026-09-01
69208612556,2026-03-13,Weapon Law Violations,SOCIETY,NORTH,Weapon Law Violations,78216,2026-09-01
67969380231,2025-12-28,Weapon Law Violations,SOCIETY,EAST,Weapon Law Violations,78218,2026-09-01
60021169528,2024-10-12,Weapon Law Violations,SOCIETY,EAST,Weapon Law Violations,78220,2026-09-01
68010632633,2026-01-02,Weapon Law Violations,SOCIETY,EAST,Weapon Law Violations,78220,2026-09-01
52800931192,2023-10-26,Weapon Law Violations,SOCIETY,SOUTH,Weapon Law Violations,78221,2026-09-01
52934972154,2023-11-08,Weapon Law Violations,SOCIETY,SOUTH,Weapon Law Violations,78221,2026-09-01
68764677775,2026-03-01,Weapon Law Violations,SOCIETY,SOUTH,Weapon Law Violations,78221,2026-09-01
39357292669,2023-01-02,Weapon Law Violations,SOCIETY,EAST,Weapon Law Violations,78222,2026-09-01
51088442583,2023-06-23,Weapon Law Violations,SOCIETY,EAST,Weapon Law Violations,78222,2026-09-01
66820526311,2025-10-21,Weapon Law Violations,SOCIETY,EAST,Weapon Law Violations,78222,2026-09-01
64094977845,2025-05-22,Weapon Law Violations,SOCIETY,EAST,Weapon Law Violations,78223,2026-09-01
64689824018,2025-06-26,Weapon Law Violations,SOCIETY,EAST,Weapon Law Violations,78223,2026-09-01
54583581468,2024-03-05,Weapon Law Violations,SOCIETY,SOUTH,Weapon Law Violations,78226,2026-09-01
50790640775,2023-05-31,Weapon Law Violations,SOCIETY,SOUTH,Weapon Law Violations,78227,2026-09-01
52889045908,2023-11-02,Weapon Law Violations,SOCIETY,WEST,Weapon Law Violations,78227,2026-09-01
53670779405,2024-01-08,Weapon Law Violations,SOCIETY,WEST,Weapon Law Violations,78227,2026-09-01
67902586476,2025-12-22,Weapon Law Violations,SOCIETY,WEST,Weapon Law Violations,78227,2026-09-01
71806845260,2026-07-23,Weapon Law Violations,SOCIETY,WEST,Weapon Law Violations,78227,2026-09-01
50104292531,2023-05-28,Weapon Law Violations,SOCIETY,WEST,Weapon Law Violations,78228,2026-09-01
58136271864,2024-08-05,Weapon Law Violations,SOCIETY,WEST,Weapon Law Violations,78228,2026-09-01
63698693896,2025-04-26,Weapon Law Violations,SOCIETY,PRUE,Weapon Law Violations,78229,2026-09-01
69696160011,2026-04-16,Weapon Law Violations,SOCIETY,PRUE,Weapon Law Violations,78230,2026-09-01
70530075159,2026-05-19,Weapon Law Violations,SOCIETY,PRUE,Weapon Law Violations,78230,2026-09-01
53998833166,2024-02-01,Weapon Law Violations,SOCIETY,WEST,Weapon Law Violations,78237,2026-09-01
68629192483,2026-02-20,Weapon Law Violations,SOCIETY,WEST,Weapon Law Violations,78237,2026-09-01
47611818872,2023-03-25,Weapon Law Violations,SOCIETY,PRUE,Weapon Law Violations,78240,2026-09-01
59849265521,2024-10-03,Weapon Law Violations,SOCIETY,PRUE,Weapon Law Violations,78240,2026-09-01
67588079846,2025-11-28,Weapon Law Violations,SOCIETY,PRUE,Weapon Law Violations,78240,2026-09-01
49402339856,2023-05-10,Weapon Law Violations,SOCIETY,SOUTH,Weapon Law Violations,78242,2026-09-01
62692383633,2025-02-09,Weapon Law Violations,SOCIETY,SOUTH,Weapon Law Violations,78242,2026-09-01
53646869270,2024-01-05,Weapon Law Violations,SOCIETY,WEST,Weapon Law Violations,78245,2026-09-01
42626983977,2023-02-18,Weapon Law Violations,SOCIETY,PRUE,Weapon Law Violations,78249,2026-09-01
66651569658,2025-10-12,Weapon Law Violations,SOCIETY,PRUE,Weapon Law Violations,78249,2026-09-01
66794251544,2025-10-19,Weapon Law Violations,SOCIETY,PRUE,Weapon Law Violations,78250,2026-09-01
53563960648,2023-12-27,Weapon Law Violations,SOCIETY,WEST,Weapon Law Violations,78251,2026-09-01
61369814006,2024-12-01,Weapon Law Violations,SOCIETY,WEST,Weapon Law Violations,78251,2026-09-01
51307288178,2023-07-05,Weapon Law Violations,SOCIETY,NORTH,Weapon Law Violations,78258,2026-09-01
69553127461,2026-04-05,Weapon Law Violations,SOCIETY,EAST,Weapon Law Violations,Out of Jurisdiction,2026-09-01
51692514639,2023-08-04,Weapon Law Violations,SOCIETY,WEST,Weapon Law Violations,78201,2026-09-01
51707306343,2023-08-05,Weapon Law Violations,SOCIETY,CENTRAL,Weapon Law Violations,78201,2026-09-01
54120287228,2024-02-10,Weapon Law Violations,SOCIETY,WEST,Weapon Law Violations,78201,2026-09-01
55555537954,2024-04-18,Weapon Law Violations,SOCIETY,WEST,Weapon Law Violations,78201,2026-09-01
62082995407,2025-01-01,Weapon Law Violations,SOCIETY,CENTRAL,Weapon Law Violations,78201,2026-09-01
64512466889,2025-06-13,Weapon Law Violations,SOCIETY,WEST,Weapon Law Violations,78201,2026-09-01
66887378745,2025-10-27,Weapon Law Violations,SOCIETY,WEST,Weapon Law Violations,78201,2026-09-01
68779923835,2026-03-02,Weapon Law Violations,SOCIETY,SOUTH,Weapon Law Violations,78204,2026-09-01
57199947803,2024-06-29,Weapon Law Violations,SOCIETY,EAST,Weapon Law Violations,78205,2026-09-01
63821537461,2025-05-05,Weapon Law Violations,SOCIETY,DOWNTOWN,Weapon Law Violations,78205,2026-09-01
71827909224,2026-07-24,Weapon Law Violations,SOCIETY,DOWNTOWN,Weapon Law Violations,78205,2026-09-01
51370367501,2023-07-12,Weapon Law Violations,SOCIETY,CENTRAL,Weapon Law Violations,78207,2026-09-01
51518281595,2023-07-26,Weapon Law Violations,SOCIETY,CENTRAL,Weapon Law Violations,78207,2026-09-01
52180945800,2023-09-03,Weapon Law Violations,SOCIETY,CENTRAL,Weapon Law Violations,78207,2026-09-01
54975213649,2024-03-23,Weapon Law Violations,SOCIETY,CENTRAL,Weapon Law Violations,78207,2026-09-01
63443281785,2025-04-01,Weapon Law Violations,SOCIETY,CENTRAL,Weapon Law Violations,78207,2026-09-01
50069742466,2023-05-24,Weapon Law Violations,SOCIETY,EAST,Weapon Law Violations,78208,2026-09-01
41292196789,2023-01-30,Weapon Law Violations,SOCIETY,NORTH,Weapon Law Violations,78209,2026-09-01
67976997781,2025-12-29,Weapon Law Violations,SOCIETY,NORTH,Weapon Law Violations,78209,2026-09-01
41706837865,2023-02-09,Weapon Law Violations,SOCIETY,EAST,Weapon Law Violations,78210,2026-09-01
50984955664,2023-06-10,Weapon Law Violations,SOCIETY,EAST,Weapon Law Violations,78210,2026-09-01
51403836479,2023-07-17,Weapon Law Violations,SOCIETY,EAST,Weapon Law Violations,78210,2026-09-01
63620262202,2025-04-18,Weapon Law Violations,SOCIETY,SOUTH,Weapon Law Violations,78210,2026-09-01
65485336387,2025-08-17,Weapon Law Violations,SOCIETY,EAST,Weapon Law Violations,78210,2026-09-01
42797806361,2023-02-19,Weapon Law Violations,SOCIETY,SOUTH,Weapon Law Violations,78211,2026-09-01
57954692313,2024-09-09,Weapon Law Violations,SOCIETY,CENTRAL,Weapon Law Violations,78213,2026-09-01
61930702721,2024-12-20,Weapon Law Violations,SOCIETY,CENTRAL,Weapon Law Violations,78213,2026-09-01
63463557573,2025-04-04,Weapon Law Violations,SOCIETY,PRUE,Weapon Law Violations,78213,2026-09-01
46539202009,2023-03-15,Weapon Law Violations,SOCIETY,NORTH,Weapon Law Violations,78216,2026-09-01
60781000850,2024-11-10,Weapon Law Violations,SOCIETY,NORTH,Weapon Law Violations,78216,2026-09-01
64253135958,2025-05-30,Weapon Law Violations,SOCIETY,NORTH,Weapon Law Violations,78216,2026-09-01
71666803155,2026-07-16,Weapon Law Violations,SOCIETY,NORTH,Weapon Law Violations,78216,2026-09-01
58480661475,2024-08-21,Weapon Law Violations,SOCIETY,EAST,Weapon Law Violations,78220,2026-09-01
63602896893,2025-04-16,Weapon Law Violations,SOCIETY,EAST,Weapon Law Violations,78220,2026-09-01
71795679488,2026-07-22,Weapon Law Violations,SOCIETY,EAST,Weapon Law Violations,78220,2026-09-01
71896976111,2026-07-28,Weapon Law Violations,SOCIETY,EAST,Weapon Law Violations,78220,2026-09-01
44306097690,2023-03-01,Weapon Law Violations,SOCIETY,SOUTH,Weapon Law Violations,78221,2026-09-01
51324273123,2023-07-06,Weapon Law Violations,SOCIETY,SOUTH,Weapon Law Violations,78221,2026-09-01
51355743956,2023-07-10,Weapon Law Violations,SOCIETY,SOUTH,Weapon Law Violations,78221,2026-09-01
60780377847,2024-11-10,Weapon Law Violations,SOCIETY,SOUTH,Weapon Law Violations,78221,2026-09-01
51002057908,2023-06-13,Weapon Law Violations,SOCIETY,EAST,Weapon Law Violations,78223,2026-09-01
66163511360,2025-09-21,Weapon Law Violations,SOCIETY,SOUTH,Weapon Law Violations,78224,2026-09-01
71817437353,2026-07-23,Weapon Law Violations,SOCIETY,SOUTH,Weapon Law Violations,78224,2026-09-01
57161573863,2024-06-25,Weapon Law Violations,SOCIETY,SOUTH,Weapon Law Violations,78225,2026-09-01
51193348313,2023-06-30,Weapon Law Violations,SOCIETY,WEST,Weapon Law Violations,78227,2026-09-01
60398690582,2024-11-06,Weapon Law Violations,SOCIETY,SOUTH,Weapon Law Violations,78227,2026-09-01
66100410780,2025-09-17,Weapon Law Violations,SOCIETY,WEST,Weapon Law Violations,78227,2026-09-01
66757340033,2025-10-17,Weapon Law Violations,SOCIETY,WEST,Weapon Law Violations,78227,2026-09-01
68763720933,2026-03-01,Weapon Law Violations,SOCIETY,WEST,Weapon Law Violations,78227,2026-09-01
41008893473,2023-01-21,Weapon Law Violations,SOCIETY,WEST,Weapon Law Violations,78228,2026-09-01
62806422707,2025-02-17,Weapon Law Violations,SOCIETY,WEST,Weapon Law Violations,78228,2026-09-01
70989783299,2026-06-13,Weapon Law Violations,SOCIETY,WEST,Weapon Law Violations,78228,2026-09-01
72229433919,2026-08-15,Weapon Law Violations,SOCIETY,WEST,Weapon Law Violations,78228,2026-09-01
60843353225,2024-11-16,Weapon Law Violations,SOCIETY,PRUE,Weapon Law Violations,78230,2026-09-01
63997135412,2025-05-16,Weapon Law Violations,SOCIETY,CENTRAL,Weapon Law Violations,78230,2026-09-01
48533938131,2023-04-02,Weapon Law Violations,SOCIETY,CENTRAL,Weapon Law Violations,78237,2026-09-01
51542720373,2023-07-29,Weapon Law Violations,SOCIETY,WEST,Weapon Law Violations,78237,2026-09-01
56088604300,2024-05-15,Weapon Law Violations,SOCIETY,WEST,Weapon Law Violations,78237,2026-09-01
67337250133,2025-11-12,Weapon Law Violations,SOCIETY,WEST,Weapon Law Violations,78237,2026-09-01
47396306952,2023-03-23,Weapon Law Violations,SOCIETY,PRUE,Weapon Law Violations,78240,2026-09-01
41316995471,2023-01-30,Weapon Law Violations,SOCIETY,SOUTH,Weapon Law Violations,78242,2026-09-01
51029999206,2023-06-16,Weapon Law Violations,SOCIETY,SOUTH,Weapon Law Violations,78242,2026-09-01
57458945373,2024-07-07,Weapon Law Violations,SOCIETY,SOUTH,Weapon Law Violations,78242,2026-09-01
55713914209,2024-04-28,Weapon Law Violations,SOCIETY,WEST,Weapon Law Violations,78245,2026-09-01
70883190410,2026-06-05,Weapon Law Violations,SOCIETY,WEST,Weapon Law Violations,78245,2026-09-01
68765066785,2026-03-02,Weapon Law Violations,SOCIETY,NORTH,Weapon Law Violations,78247,2026-09-01
71715146732,2026-07-18,Weapon Law Violations,SOCIETY,PRUE,Weapon Law Violations,78254,2026-09-01
67988298151,2025-12-30,Weapon Law Violations,SOCIETY,EAST,Weapon Law Violations,Out of Jurisdiction,2026-09-01
53979877474,2024-01-31,Weapon Law Violations,SOCIETY,CENTRAL,Weapon Law Violations,78201,2026-09-01
63443198012,2025-04-01,Weapon Law Violations,SOCIETY,WEST,Weapon Law Violations,78201,2026-09-01
49011162498,2023-04-13,Weapon Law Violations,SOCIETY,EAST,Weapon Law Violations,78203,2026-09-01
61434337138,2024-12-08,Weapon Law Violations,SOCIETY,EAST,Weapon Law Violations,78203,2026-09-01
52624130799,2023-10-17,Weapon Law Violations,SOCIETY,CENTRAL,Weapon Law Violations,78204,2026-09-01
53406058478,2023-12-14,Weapon Law Violations,SOCIETY,CENTRAL,Weapon Law Violations,78205,2026-09-01
50938598070,2023-06-04,Weapon Law Violations,SOCIETY,CENTRAL,Weapon Law Violations,78207,2026-09-01
53008586381,2023-11-12,Weapon Law Violations,SOCIETY,CENTRAL,Weapon Law Violations,78207,2026-09-01
53520400928,2023-12-21,Weapon Law Violations,SOCIETY,CENTRAL,Weapon Law Violations,78207,2026-09-01
54103224830,2024-02-08,Weapon Law Violations,SOCIETY,SOUTH,Weapon Law Violations,78207,2026-09-01
65542885425,2025-08-21,Weapon Law Violations,SOCIETY,CENTRAL,Weapon Law Violations,78207,2026-09-01
66176579708,2025-09-22,Weapon Law Violations,SOCIETY,CENTRAL,Weapon Law Violations,78207,2026-09-01
67780270126,2025-12-12,Weapon Law Violations,SOCIETY,CENTRAL,Weapon Law Violations,78207,2026-09-01
67945698897,2025-12-27,Weapon Law Violations,SOCIETY,CENTRAL,Weapon Law Violations,78207,2026-09-01
40717197751,2023-01-15,Weapon Law Violations,SOCIETY,NORTH,Weapon Law Violations,78209,2026-09-01
72197614914,2026-08-13,Weapon Law Violations,SOCIETY,NORTH,Weapon Law Violations,78209,2026-09-01
62086719211,2025-01-02,Weapon Law Violations,SOCIETY,EAST,Weapon Law Violations,78210,2026-09-01
48733700067,2023-04-04,Weapon Law Violations,SOCIETY,CENTRAL,Weapon Law Violations,78212,2026-09-01
62246253093,2025-01-13,Weapon Law Violations,SOCIETY,DOWNTOWN,Weapon Law Violations,78212,2026-09-01
64969517479,2025-07-15,Weapon Law Violations,SOCIETY,CENTRAL,Weapon Law Violations,78212,2026-09-01
52528464659,2023-10-07,Weapon Law Violations,SOCIETY,SOUTH,Weapon Law Violations,78214,2026-09-01
64669178494,2025-06-25,Weapon Law Violations,SOCIETY,SOUTH,Weapon Law Violations,78214,2026-09-01
70624058556,2026-05-23,Weapon Law Violations,SOCIETY,DOWNTOWN,Weapon Law Violations,78215,2026-09-01
40615391666,2023-01-12,Weapon Law Violations,SOCIETY,NORTH,Weapon Law Violations,78216,2026-09-01
48985137576,2023-04-09,Weapon Law Violations,SOCIETY,NORTH,Weapon Law Violations,78216,2026-09-01
55182069847,2024-04-04,Weapon Law Violations,SOCIETY,NORTH,Weapon Law Violations,78216,2026-09-01
55981672776,2024-05-07,Weapon Law Violations,SOCIETY,NORTH,Weapon Law Violations,78216,2026-09-01
57467032591,2024-07-08,Weapon Law Violations,SOCIETY,NORTH,Weapon Law Violations,78216,2026-09-01
58433503265,2024-08-16,Weapon Law Violations,SOCIETY,NORTH,Weapon Law Violations,78216,2026-09-01
65473428146,2025-08-15,Weapon Law Violations,SOCIETY,NORTH,Weapon Law Violations,78216,2026-09-01
68641915777,2026-02-21,Weapon Law Violations,SOCIETY,NORTH,Weapon Law Violations,78216,2026-09-01
68773311989,2026-03-02,Weapon Law Violations,SOCIETY,NORTH,Weapon Law Violations,78216,2026-09-01
72524367564,2026-08-30,Weapon Law Violations,SOCIETY,NORTH,Weapon Law Violations,78216,2026-09-01
49346594694,2023-05-04,Weapon Law Violations,SOCIETY,NORTH,Weapon Law Violations,78217,2026-09-01
51939528393,2023-08-18,Weapon Law Violations,SOCIETY,NORTH,Weapon Law Violations,78217,2026-09-01
68193808097,2026-01-16,Weapon Law Violations,SOCIETY,NORTH,Weapon Law Violations,78217,2026-09-01
49254492302,2023-04-26,Weapon Law Violations,SOCIETY,EAST,Weapon Law Violations,78219,2026-09-01
51299878835,2023-07-03,Weapon Law Violations,SOCIETY,EAST,Weapon Law Violations,78220,2026-09-01
59917702133,2024-10-06,Weapon Law Violations,SOCIETY,EAST,Weapon Law Violations,78220,2026-09-01
49185094282,2023-04-19,Weapon Law Violations,SOCIETY,EAST,Weapon Law Violations,78222,2026-09-01
53862000201,2024-01-22,Weapon Law Violations,SOCIETY,EAST,Weapon Law Violations,78223,2026-09-01
66136240091,2025-09-19,Weapon Law Violations,SOCIETY,SOUTH,Weapon Law Violations,78223,2026-09-01
68343611688,2026-01-29,Weapon Law Violations,SOCIETY,EAST,Weapon Law Violations,78223,2026-09-01
71896273107,2026-07-28,Weapon Law Violations,SOCIETY,EAST,Weapon Law Violations,78223,2026-09-01
54752902410,2024-03-16,Weapon Law Violations,SOCIETY,SOUTH,Weapon Law Violations,78225,2026-09-01
48983962678,2023-04-08,Weapon Law Violations,SOCIETY,WEST,Weapon Law Violations,78227,2026-09-01
52582811872,2023-10-13,Weapon Law Violations,SOCIETY,WEST,Weapon Law Violations,78227,2026-09-01
58682629302,2024-09-01,Weapon Law Violations,SOCIETY,WEST,Weapon Law Violations,78227,2026-09-01
45467675092,2023-03-09,Weapon Law Violations,SOCIETY,WEST,Weapon Law Violations,78228,2026-09-01
63712784544,2025-04-27,Weapon Law Violations,SOCIETY,PRUE,Weapon Law Violations,78229,2026-09-01
66634427824,2025-10-10,Weapon Law Violations,SOCIETY,PRUE,Weapon Law Violations,78229,2026-09-01
68033499100,2026-01-03,Weapon Law Violations,SOCIETY,PRUE,Weapon Law Violations,78229,2026-09-01
69802872893,2026-04-22,Weapon Law Violations,SOCIETY,PRUE,Weapon Law Violations,78229,2026-09-01
59633415625,2024-09-26,Weapon Law Violations,SOCIETY,NORTH,Weapon Law Violations,78232,2026-09-01
51017738092,2023-06-14,Weapon Law Violations,SOCIETY,WEST,Weapon Law Violations,78237,2026-09-01
60078463178,2024-10-17,Weapon Law Violations,SOCIETY,WEST,Weapon Law Violations,78237,2026-09-01
69147846310,2026-03-10,Weapon Law Violations,SOCIETY,WEST,Weapon Law Violations,78237,2026-09-01
48988440758,2023-04-09,Weapon Law Violations,SOCIETY,SOUTH,Weapon Law Violations,78242,2026-09-01
51365053817,2023-07-12,Weapon Law Violations,SOCIETY,WEST,Weapon Law Violations,78245,2026-09-01
53441525583,2023-12-18,Weapon Law Violations,SOCIETY,PRUE,Weapon Law Violations,78249,2026-09-01
57201025010,2024-06-29,Weapon Law Violations,SOCIETY,PRUE,Weapon Law Violations,78249,2026-09-01
54840705082,2024-03-18,Weapon Law Violations,SOCIETY,WEST,Weapon Law Violations,78251,2026-09-01
52827392217,2023-10-29,Weapon Law Violations,SOCIETY,WEST,Weapon Law Violations,78201,2026-09-01
68259569482,2026-01-21,Weapon Law Violations,SOCIETY,WEST,Weapon Law Violations,78201,2026-09-01
54520143789,2024-02-29,Weapon Law Violations,SOCIETY,CENTRAL,Weapon Law Violations,78203,2026-09-01
66279557615,2025-09-28,Weapon Law Violations,SOCIETY,DOWNTOWN,Weapon Law Violations,78204,2026-09-01
54139999416,2024-02-12,Weapon Law Violations,SOCIETY,CENTRAL,Weapon Law Violations,78205,2026-09-01
71806919041,2026-07-23,Weapon Law Violations,SOCIETY,DOWNTOWN,Weapon Law Violations,78205,2026-09-01
41900340169,2023-02-11,Weapon Law Violations,SOCIETY,CENTRAL,Weapon Law Violations,78207,2026-09-01
49272202170,2023-04-27,Weapon Law Violations,SOCIETY,CENTRAL,Weapon Law Violations,78207,2026-09-01
52169749314,2023-09-02,Weapon Law Violations,SOCIETY,CENTRAL,Weapon Law Violations,78207,2026-09-01
52931928525,2023-11-07,Weapon Law Violations,SOCIETY,CENTRAL,Weapon Law Violations,78207,2026-09-01
53345474055,2023-12-08,Weapon Law Violations,SOCIETY,NORTH,Weapon Law Violations,78209,2026-09-01
55760063708,2024-05-01,Weapon Law Violations,SOCIETY,SOUTH,Weapon Law Violations,78211,2026-09-01
71099693552,2026-06-22,Weapon Law Violations,SOCIETY,DOWNTOWN,Weapon Law Violations,78212,2026-09-01
62252286775,2025-01-13,Weapon Law Violations,SOCIETY,CENTRAL,Weapon Law Violations,78213,2026-09-01
49232726689,2023-04-22,Weapon Law Violations,SOCIETY,SOUTH,Weapon Law Violations,78214,2026-09-01
62276537021,2025-01-15,Weapon Law Violations,SOCIETY,SOUTH,Weapon Law Violations,78214,2026-09-01
71929958673,2026-07-31,Weapon Law Violations,SOCIETY,SOUTH,Weapon Law Violations,78214,2026-09-01
48982933323,2023-04-08,Weapon Law Violations,SOCIETY,NORTH,Weapon Law Violations,78216,2026-09-01
54638589977,2024-03-09,Weapon Law Violations,SOCIETY,NORTH,Weapon Law Violations,78216,2026-09-01
62605787088,2025-02-04,Weapon Law Violations,SOCIETY,NORTH,Weapon Law Violations,78216,2026-09-01
62941342884,2025-02-27,Weapon Law Violations,SOCIETY,NORTH,Weapon Law Violations,78216,2026-09-01
63353661634,2025-03-27,Weapon Law Violations,SOCIETY,NORTH,Weapon Law Violations,78216,2026-09-01
65252739448,2025-08-04,Weapon Law Violations,SOCIETY,PRUE,Weapon Law Violations,78216,2026-09-01
71966811226,2026-08-03,Weapon Law Violations,SOCIETY,NORTH,Weapon Law Violations,78216,2026-09-01
68094123669,2026-01-08,Weapon Law Violations,SOCIETY,EAST,Weapon Law Violations,78218,2026-09-01
54035700159,2024-02-05,Weapon Law Violations,SOCIETY,EAST,Weapon Law Violations,78219,2026-09-01
56630621055,2024-06-09,Weapon Law Violations,SOCIETY,EAST,Weapon Law Violations,78220,2026-09-01
65148820880,2025-07-27,Weapon Law Violations,SOCIETY,EAST,Weapon Law Violations,78220,2026-09-01
53652632635,2024-01-05,Weapon Law Violations,SOCIETY,SOUTH,Weapon Law Violations,78221,2026-09-01
39769812680,2023-01-06,Weapon Law Violations,SOCIETY,SOUTH,Weapon Law Violations,78223,2026-09-01
54033031178,2024-02-04,Weapon Law Violations,SOCIETY,EAST,Weapon Law Violations,78223,2026-09-01
62609201590,2025-02-05,Weapon Law Violations,SOCIETY,SOUTH,Weapon Law Violations,78223,2026-09-01
50088301961,2023-05-26,Weapon Law Violations,SOCIETY,SOUTH,Weapon Law Violations,78224,2026-09-01
53396926966,2023-12-13,Weapon Law Violations,SOCIETY,SOUTH,Weapon Law Violations,78224,2026-09-01
71577863638,2026-07-12,Weapon Law Violations,SOCIETY,SOUTH,Weapon Law Violations,78224,2026-09-01
62247502394,2025-01-13,Weapon Law Violations,SOCIETY,SOUTH,Weapon Law Violations,78225,2026-09-01
41463996276,2023-02-04,Weapon Law Violations,SOCIETY,WEST,Weapon Law Violations,78227,2026-09-01
52250271764,2023-09-10,Weapon Law Violations,SOCIETY,WEST,Weapon Law Violations,78227,2026-09-01
53874247626,2024-01-23,Weapon Law Violations,SOCIETY,SOUTH,Weapon Law Violations,78227,2026-09-01
58446941726,2024-08-17,Weapon Law Violations,SOCIETY,WEST,Weapon Law Violations,78227,2026-09-01
65629570659,2025-08-28,Weapon Law Violations,SOCIETY,WEST,Weapon Law Violations,78227,2026-09-01
39382725408,2023-01-03,Weapon Law Violations,SOCIETY,CENTRAL,Weapon Law Violations,78228,2026-09-01
54901326092,2024-03-20,Weapon Law Violations,SOCIETY,WEST,Weapon Law Violations,78228,2026-09-01
62681695657,2025-02-08,Weapon Law Violations,SOCIETY,WEST,Weapon Law Violations,78228,2026-09-01
70251823603,2026-05-02,Weapon Law Violations,SOCIETY,WEST,Weapon Law Violations,78228,2026-09-01
69123872889,2026-03-09,Weapon Law Violations,SOCIETY,PRUE,Weapon Law Violations,78229,2026-09-01
51142886562,2023-06-28,Weapon Law Violations,SOCIETY,CENTRAL,Weapon Law Violations,78230,2026-09-01
61329447369,2024-12-01,Weapon Law Violations,SOCIETY,PRUE,Weapon Law Violations,78230,2026-09-01
64253187755,2025-05-30,Weapon Law Violations,SOCIETY,PRUE,Weapon Law Violations,78230,2026-09-01
72196661644,2026-08-13,Weapon Law Violations,SOCIETY,NORTH,Weapon Law Violations,78233,2026-09-01
53998945626,2024-02-01,Weapon Law Violations,SOCIETY,WEST,Weapon Law Violations,78237,2026-09-01
69832247443,2026-04-24,Weapon Law Violations,SOCIETY,WEST,Weapon Law Violations,78237,2026-09-01
40665526270,2023-01-13,Weapon Law Violations,SOCIETY,WEST,Weapon Law Violations,78238,2026-09-01
47720122772,2023-03-27,Weapon Law Violations,SOCIETY,WEST,Weapon Law Violations,78238,2026-09-01
57928130153,2024-07-26,Weapon Law Violations,SOCIETY,WEST,Weapon Law Violations,78238,2026-09-01
65066322815,2025-07-22,Weapon Law Violations,SOCIETY,WEST,Weapon Law Violations,78238,2026-09-01
48753785883,2023-04-04,Weapon Law Violations,SOCIETY,SOUTH,Weapon Law Violations,78242,2026-09-01
52572643578,2023-10-12,Weapon Law Violations,SOCIETY,SOUTH,Weapon Law Violations,78242,2026-09-01
57994590029,2024-07-31,Weapon Law Violations,SOCIETY,SOUTH,Weapon Law Violations,78242,2026-09-01
63338363078,2025-03-26,Weapon Law Violations,SOCIETY,SOUTH,Weapon Law Violations,78242,2026-09-01
65777295598,2025-09-12,Weapon Law Violations,SOCIETY,SOUTH,Weapon Law Violations,78242,2026-09-01
46969458445,2023-03-20,Weapon Law Violations,SOCIETY,WEST,Weapon Law Violations,78245,2026-09-01
59873774339,2024-10-04,Weapon Law Violations,SOCIETY,PRUE,Weapon Law Violations,78249,2026-09-01
49294917324,2023-04-28,Weapon Law Violations,SOCIETY,PRUE,Weapon Law Violations,78250,2026-09-01
45729233493,2023-03-10,Weapon Law Violations,SOCIETY,CENTRAL,Weapon Law Violations,78201,2026-09-01
58402598175,2024-08-14,Weapon Law Violations,SOCIETY,DOWNTOWN,Weapon Law Violations,78201,2026-09-01
62957522079,2025-03-01,Weapon Law Violations,SOCIETY,WEST,Weapon Law Violations,78201,2026-09-01
60221234868,2024-10-27,Weapon Law Violations,SOCIETY,DOWNTOWN,Weapon Law Violations,78205,2026-09-01
61929662280,2024-12-20,Weapon Law Violations,SOCIETY,DOWNTOWN,Weapon Law Violations,78205,2026-09-01
63544035500,2025-04-12,Weapon Law Violations,SOCIETY,DOWNTOWN,Weapon Law Violations,78205,2026-09-01
46670571347,2023-03-17,Weapon Law Violations,SOCIETY,CENTRAL,Weapon Law Violations,78207,2026-09-01
52075013977,2023-08-31,Weapon Law Violations,SOCIETY,CENTRAL,Weapon Law Violations,78207,2026-09-01
52636136280,2023-10-18,Weapon Law Violations,SOCIETY,CENTRAL,Weapon Law Violations,78207,2026-09-01
67705709433,2025-12-06,Weapon Law Violations,SOCIETY,CENTRAL,Weapon Law Violations,78207,2026-09-01
51922922795,2023-08-17,Weapon Law Violations,SOCIETY,NORTH,Weapon Law Violations,78209,2026-09-01
50040221870,2023-05-21,Weapon Law Violations,SOCIETY,EAST,Weapon Law Violations,78210,2026-09-01
67869937887,2025-12-19,Weapon Law Violations,SOCIETY,EAST,Weapon Law Violations,78210,2026-09-01
52422180121,2023-09-25,Weapon Law Violations,SOCIETY,SOUTH,Weapon Law Violations,78211,2026-09-01
60830024834,2024-11-14,Weapon Law Violations,SOCIETY,SOUTH,Weapon Law Violations,78211,2026-09-01
71556561328,2026-07-11,Weapon Law Violations,SOCIETY,DOWNTOWN,Weapon Law Violations,78212,2026-09-01
47822986869,2023-03-27,Weapon Law Violations,SOCIETY,NORTH,Weapon Law Violations,78213,2026-09-01
61962223290,2024-12-22,Weapon Law Violations,SOCIETY,SOUTH,Weapon Law Violations,78214,2026-09-01
63262619784,2025-03-20,Weapon Law Violations,SOCIETY,SOUTH,Weapon Law Violations,78214,2026-09-01
68596439104,2026-02-17,Weapon Law Violations,SOCIETY,SOUTH,Weapon Law Violations,78214,2026-09-01
49348995868,2023-05-05,Weapon Law Violations,SOCIETY,NORTH,Weapon Law Violations,78216,2026-09-01
60854842022,2024-11-17,Weapon Law Violations,SOCIETY,NORTH,Weapon Law Violations,78216,2026-09-01
67425751539,2025-11-19,Weapon Law Violations,SOCIETY,NORTH,Weapon Law Violations,78216,2026-09-01
70097087775,2026-04-30,Weapon Law Violations,SOCIETY,NORTH,Weapon Law Violations,78216,2026-09-01
47391634780,2023-03-23,Weapon Law Violations,SOCIETY,NORTH,Weapon Law Violations,78217,2026-09-01
67831741206,2025-12-17,Weapon Law Violations,SOCIETY,NORTH,Weapon Law Violations,78217,2026-09-01
49240584607,2023-04-24,Weapon Law Violations,SOCIETY,EAST,Weapon Law Violations,78218,2026-09-01
55244522699,2024-04-07,Weapon Law Violations,SOCIETY,EAST,Weapon Law Violations,78218,2026-09-01
59356996135,2024-09-17,Weapon Law Violations,SOCIETY,EAST,Weapon Law Violations,78219,2026-09-01
49923810018,2023-05-18,Weapon Law Violations,SOCIETY,SOUTH,Weapon Law Violations,78221,2026-09-01
55098455437,2024-03-31,Weapon Law Violations,SOCIETY,SOUTH,Weapon Law Violations,78221,2026-09-01
65459597019,2025-08-14,Weapon Law Violations,SOCIETY,SOUTH,Weapon Law Violations,78221,2026-09-01
58974675266,2024-09-12,Weapon Law Violations,SOCIETY,SOUTH,Weapon Law Violations,78223,2026-09-01
67366373293,2025-11-15,Weapon Law Violations,SOCIETY,EAST,Weapon Law Violations,78223,2026-09-01
72111359042,2026-08-11,Weapon Law Violations,SOCIETY,SOUTH,Weapon Law Violations,78225,2026-09-01
50945289646,2023-06-05,Weapon Law Violations,SOCIETY,WEST,Weapon Law Violations,78227,2026-09-01
51940783895,2023-08-19,Weapon Law Violations,SOCIETY,WEST,Weapon Law Violations,78227,2026-09-01
63609715625,2025-04-17,Weapon Law Violations,SOCIETY,WEST,Weapon Law Violations,78227,2026-09-01
66020443285,2025-09-11,Weapon Law Violations,SOCIETY,WEST,Weapon Law Violations,78227,2026-09-01
67990179014,2025-12-31,Weapon Law Violations,SOCIETY,WEST,Weapon Law Violations,78227,2026-09-01
68625257801,2026-02-19,Weapon Law Violations,SOCIETY,WEST,Weapon Law Violations,78227,2026-09-01
55325462763,2024-04-09,Weapon Law Violations,SOCIETY,WEST,Weapon Law Violations,78228,2026-09-01
57206041960,2024-06-29,Weapon Law Violations,SOCIETY,WEST,Weapon Law Violations,78228,2026-09-01
65528151074,2025-08-20,Weapon Law Violations,SOCIETY,WEST,Weapon Law Violations,78228,2026-09-01
67711545865,2025-12-07,Weapon Law Violations,SOCIETY,WEST,Weapon Law Violations,78228,2026-09-01
51702426239,2023-08-04,Weapon Law Violations,SOCIETY,PRUE,Weapon Law Violations,78229,2026-09-01
58402919742,2024-08-14,Weapon Law Violations,SOCIETY,NORTH,Weapon Law Violations,78233,2026-09-01
53434624700,2023-12-17,Weapon Law Violations,SOCIETY,WEST,Weapon Law Violations,78237,2026-09-01
54965112241,2024-03-22,Weapon Law Violations,SOCIETY,WEST,Weapon Law Violations,78237,2026-09-01
66822347862,2025-10-21,Weapon Law Violations,SOCIETY,WEST,Weapon Law Violations,78237,2026-09-01
67807679878,2025-12-15,Weapon Law Violations,SOCIETY,WEST,Weapon Law Violations,78237,2026-09-01
70495022442,2026-05-16,Weapon Law Violations,SOCIETY,WEST,Weapon Law Violations,78237,2026-09-01
44901186421,2023-03-04,Weapon Law Violations,SOCIETY,WEST,Weapon Law Violations,78238,2026-09-01
51280979428,2023-07-02,Weapon Law Violations,SOCIETY,WEST,Weapon Law Violations,78238,2026-09-01
41547427332,2023-02-07,Weapon Law Violations,SOCIETY,SOUTH,Weapon Law Violations,78242,2026-09-01
49252485399,2023-04-26,Weapon Law Violations,SOCIETY,WEST,Weapon Law Violations,78245,2026-09-01
65112621984,2025-07-25,Weapon Law Violations,SOCIETY,WEST,Weapon Law Violations,78245,2026-09-01
68757383385,2026-03-01,Weapon Law Violations,SOCIETY,WEST,Weapon Law Violations,78245,2026-09-01
70254301657,2026-05-02,Weapon Law Violations,SOCIETY,WEST,Weapon Law Violations,78245,2026-09-01
68317467288,2026-01-27,Weapon Law Violations,SOCIETY,NORTH,Weapon Law Violations,78247,2026-09-01
51283747763,2023-07-02,Weapon Law Violations,SOCIETY,PRUE,Weapon Law Violations,78249,2026-09-01
52864084174,2023-11-01,Weapon Law Violations,SOCIETY,PRUE,Weapon Law Violations,78249,2026-09-01
61418667834,2024-12-06,Weapon Law Violations,SOCIETY,PRUE,Weapon Law Violations,78250,2026-09-01
67895586005,2025-12-22,Weapon Law Violations,SOCIETY,PRUE,Weapon Law Violations,78250,2026-09-01
51447348688,2023-07-20,Weapon Law Violations,SOCIETY,WEST,Weapon Law Violations,78251,2026-09-01
64119074825,2025-05-24,Weapon Law Violations,SOCIETY,NORTH,Weapon Law Violations,78266,2026-09-01
45889994634,2023-03-10,Weapon Law Violations,SOCIETY,SOUTH,Weapon Law Violations,Out of Jurisdiction,2026-09-01
40199165473,2023-01-08,Weapon Law Violations,SOCIETY,CENTRAL,Weapon Law Violations,78201,2026-09-01
58624729009,2024-08-28,Weapon Law Violations,SOCIETY,CENTRAL,Weapon Law Violations,78201,2026-09-01
64308951976,2025-06-03,Weapon Law Violations,SOCIETY,WEST,Weapon Law Violations,78201,2026-09-01
53396702417,2023-12-13,Weapon Law Violations,SOCIETY,CENTRAL,Weapon Law Violations,78204,2026-09-01
64583668538,2025-06-19,Weapon Law Violations,SOCIETY,DOWNTOWN,Weapon Law Violations,78205,2026-09-01
47501955279,2023-03-24,Weapon Law Violations,SOCIETY,CENTRAL,Weapon Law Violations,78207,2026-09-01
50065976496,2023-05-24,Weapon Law Violations,SOCIETY,CENTRAL,Weapon Law Violations,78207,2026-09-01
53450586581,2023-12-19,Weapon Law Violations,SOCIETY,CENTRAL,Weapon Law Violations,78207,2026-09-01
62292069834,2025-01-17,Weapon Law Violations,SOCIETY,CENTRAL,Weapon Law Violations,78207,2026-09-01
65251381996,2025-08-04,Weapon Law Violations,SOCIETY,CENTRAL,Weapon Law Violations,78207,2026-09-01
70780991663,2026-05-28,Weapon Law Violations,SOCIETY,CENTRAL,Weapon Law Violations,78207,2026-09-01
51301871367,2023-07-04,Weapon Law Violations,SOCIETY,NORTH,Weapon Law Violations,78209,2026-09-01
65397769929,2025-08-11,Weapon Law Violations,SOCIETY,DOWNTOWN,Weapon Law Violations,78210,2026-09-01
39458435905,2023-01-04,Weapon Law Violations,SOCIETY,CENTRAL,Weapon Law Violations,78212,2026-09-01
58128278403,2024-08-05,Weapon Law Violations,SOCIETY,DOWNTOWN,Weapon Law Violations,78212,2026-09-01
69449487763,2026-03-29,Weapon Law Violations,SOCIETY,DOWNTOWN,Weapon Law Violations,78212,2026-09-01
40836797771,2023-01-18,Weapon Law Violations,SOCIETY,CENTRAL,Weapon Law Violations,78213,2026-09-01
51055849161,2023-06-19,Weapon Law Violations,SOCIETY,SOUTH,Weapon Law Violations,78214,2026-09-01
49014780541,2023-04-13,Weapon Law Violations,SOCIETY,CENTRAL,Weapon Law Violations,78215,2026-09-01
52475134676,2023-09-30,Weapon Law Violations,SOCIETY,NORTH,Weapon Law Violations,78216,2026-09-01
53572832851,2023-12-28,Weapon Law Violations,SOCIETY,NORTH,Weapon Law Violations,78216,2026-09-01
54652344770,2024-03-11,Weapon Law Violations,SOCIETY,NORTH,Weapon Law Violations,78216,2026-09-01
64012808636,2025-05-16,Weapon Law Violations,SOCIETY,NORTH,Weapon Law Violations,78216,2026-09-01
65453427832,2025-08-14,Weapon Law Violations,SOCIETY,NORTH,Weapon Law Violations,78216,2026-09-01
65815898662,2025-09-08,Weapon Law Violations,SOCIETY,NORTH,Weapon Law Violations,78216,2026-09-01
72097686001,2026-08-11,Weapon Law Violations,SOCIETY,NORTH,Weapon Law Violations,78216,2026-09-01
41708146656,2023-02-09,Weapon Law Violations,SOCIETY,NORTH,Weapon Law Violations,78217,2026-09-01
53521421231,2023-12-21,Weapon Law Violations,SOCIETY,NORTH,Weapon Law Violations,78217,2026-09-01
64968027196,2025-07-14,Weapon Law Violations,SOCIETY,NORTH,Weapon Law Violations,78217,2026-09-01
57545058060,2024-07-12,Weapon Law Violations,SOCIETY,EAST,Weapon Law Violations,78218,2026-09-01
65470239324,2025-08-15,Weapon Law Violations,SOCIETY,EAST,Weapon Law Violations,78218,2026-09-01
42191635570,2023-02-14,Weapon Law Violations,SOCIETY,EAST,Weapon Law Violations,78219,2026-09-01
49034344959,2023-04-16,Weapon Law Violations,SOCIETY,EAST,Weapon Law Violations,78219,2026-09-01
50078242226,2023-05-25,Weapon Law Violations,SOCIETY,EAST,Weapon Law Violations,78220,2026-09-01
65032016335,2025-07-20,Weapon Law Violations,SOCIETY,EAST,Weapon Law Violations,78222,2026-09-01
50982709231,2023-06-10,Weapon Law Violations,SOCIETY,EAST,Weapon Law Violations,78223,2026-09-01
52584413940,2023-10-14,Weapon Law Violations,SOCIETY,SOUTH,Weapon Law Violations,78223,2026-09-01
46962872060,2023-03-19,Weapon Law Violations,SOCIETY,SOUTH,Weapon Law Violations,78224,2026-09-01
42986200753,2023-02-21,Weapon Law Violations,SOCIETY,SOUTH,Weapon Law Violations,78225,2026-09-01
56843940359,2024-06-13,Weapon Law Violations,SOCIETY,SOUTH,Weapon Law Violations,78226,2026-09-01
53774253043,2024-01-14,Weapon Law Violations,SOCIETY,WEST,Weapon Law Violations,78227,2026-09-01
54655914722,2024-03-11,Weapon Law Violations,SOCIETY,WEST,Weapon Law Violations,78227,2026-09-01
57202383505,2024-06-29,Weapon Law Violations,SOCIETY,WEST,Weapon Law Violations,78227,2026-09-01
66676722967,2025-10-13,Weapon Law Violations,SOCIETY,WEST,Weapon Law Violations,78227,2026-09-01
69725835136,2026-04-17,Weapon Law Violations,SOCIETY,SOUTH,Weapon Law Violations,78227,2026-09-01
40195462440,2023-01-08,Weapon Law Violations,SOCIETY,PRUE,Weapon Law Violations,78229,2026-09-01
48858264429,2023-04-05,Weapon Law Violations,SOCIETY,PRUE,Weapon Law Violations,78229,2026-09-01
63478841550,2025-04-05,Weapon Law Violations,SOCIETY,PRUE,Weapon Law Violations,78229,2026-09-01
66085594368,2025-09-16,Weapon Law Violations,SOCIETY,PRUE,Weapon Law Violations,78229,2026-09-01
68258820192,2026-01-21,Weapon Law Violations,SOCIETY,PRUE,Weapon Law Violations,78229,2026-09-01
60126464264,2024-10-19,Weapon Law Violations,SOCIETY,CENTRAL,Weapon Law Violations,78230,2026-09-01
71716193567,2026-07-18,Weapon Law Violations,SOCIETY,PRUE,Weapon Law Violations,78230,2026-09-01
71675555160,2026-07-16,Weapon Law Violations,SOCIETY,NORTH,Weapon Law Violations,78232,2026-09-01
49339273394,2023-05-03,Weapon Law Violations,SOCIETY,NORTH,Weapon Law Violations,78233,2026-09-01
68816311033,2026-03-04,Weapon Law Violations,SOCIETY,SOUTH,Weapon Law Violations,78235,2026-09-01
53728531061,2024-01-11,Weapon Law Violations,SOCIETY,WEST,Weapon Law Violations,78237,2026-09-01
62894724545,2025-02-24,Weapon Law Violations,SOCIETY,WEST,Weapon Law Violations,78237,2026-09-01
65657342311,2025-08-29,Weapon Law Violations,SOCIETY,WEST,Weapon Law Violations,78237,2026-09-01
66087731501,2025-09-16,Weapon Law Violations,SOCIETY,WEST,Weapon Law Violations,78237,2026-09-01
67407946445,2025-11-17,Weapon Law Violations,SOCIETY,WEST,Weapon Law Violations,78237,2026-09-01
40715458983,2023-01-15,Weapon Law Violations,SOCIETY,WEST,Weapon Law Violations,78238,2026-09-01
55056829765,2024-03-28,Weapon Law Violations,SOCIETY,WEST,Weapon Law Violations,78238,2026-09-01
55688451263,2024-04-26,Weapon Law Violations,SOCIETY,PRUE,Weapon Law Violations,78240,2026-09-01
51424062979,2023-07-18,Weapon Law Violations,SOCIETY,SOUTH,Weapon Law Violations,78242,2026-09-01
59385233277,2024-09-18,Weapon Law Violations,SOCIETY,SOUTH,Weapon Law Violations,78242,2026-09-01
70376369864,2026-05-09,Weapon Law Violations,SOCIETY,PRUE,Weapon Law Violations,78248,2026-09-01
51297664191,2023-07-03,Weapon Law Violations,SOCIETY,WEST,Weapon Law Violations,78251,2026-09-01
57218762694,2024-07-01,Weapon Law Violations,SOCIETY,WEST,Weapon Law Violations,78251,2026-09-01
57198484531,2024-06-29,Weapon Law Violations,SOCIETY,PRUE,Weapon Law Violations,78257,2026-09-01
71912159633,2026-07-29,Weapon Law Violations,SOCIETY,PRUE,Weapon Law Violations,78257,2026-09-01
67168907255,2025-11-03,Weapon Law Violations,SOCIETY,NORTH,Weapon Law Violations,78258,2026-09-01
52893064323,2023-11-02,Weapon Law Violations,SOCIETY,CENTRAL,Weapon Law Violations,78201,2026-09-01
58558304763,2024-08-24,Weapon Law Violations,SOCIETY,WEST,Weapon Law Violations,78201,2026-09-01
71693329352,2026-07-17,Weapon Law Violations,SOCIETY,CENTRAL,Weapon Law Violations,78201,2026-09-01
62684512031,2025-02-09,Weapon Law Violations,SOCIETY,DOWNTOWN,Weapon Law Violations,78204,2026-09-01
63482093370,2025-04-05,Weapon Law Violations,SOCIETY,DOWNTOWN,Weapon Law Violations,78205,2026-09-01
68552594367,2026-02-14,Weapon Law Violations,SOCIETY,DOWNTOWN,Weapon Law Violations,78205,2026-09-01
40932249491,2023-01-19,Weapon Law Violations,SOCIETY,CENTRAL,Weapon Law Violations,78207,2026-09-01
50088286422,2023-05-27,Weapon Law Violations,SOCIETY,CENTRAL,Weapon Law Violations,78207,2026-09-01
53083798798,2023-11-16,Weapon Law Violations,SOCIETY,CENTRAL,Weapon Law Violations,78207,2026-09-01
54624691360,2024-03-07,Weapon Law Violations,SOCIETY,CENTRAL,Weapon Law Violations,78207,2026-09-01
55152172135,2024-04-03,Weapon Law Violations,SOCIETY,CENTRAL,Weapon Law Violations,78207,2026-09-01
57499716031,2024-07-09,Weapon Law Violations,SOCIETY,CENTRAL,Weapon Law Violations,78207,2026-09-01
59847863466,2024-10-02,Weapon Law Violations,SOCIETY,CENTRAL,Weapon Law Violations,78207,2026-09-01
70783456092,2026-05-29,Weapon Law Violations,SOCIETY,CENTRAL,Weapon Law Violations,78207,2026-09-01
71255979256,2026-07-02,Weapon Law Violations,SOCIETY,CENTRAL,Weapon Law Violations,78207,2026-09-01
70286948350,2026-05-04,Weapon Law Violations,SOCIETY,NORTH,Weapon Law Violations,78209,2026-09-01
72231802408,2026-08-15,Weapon Law Violations,SOCIETY,NORTH,Weapon Law Violations,78209,2026-09-01
49940088304,2023-05-18,Weapon Law Violations,SOCIETY,EAST,Weapon Law Violations,78210,2026-09-01
53264546719,2023-11-30,Weapon Law Violations,SOCIETY,CENTRAL,Weapon Law Violations,78210,2026-09-01
68360288448,2026-01-30,Weapon Law Violations,SOCIETY,EAST,Weapon Law Violations,78210,2026-09-01
69178252194,2026-03-11,Weapon Law Violations,SOCIETY,SOUTH,Weapon Law Violations,78210,2026-09-01
51636354720,2023-08-01,Weapon Law Violations,SOCIETY,SOUTH,Weapon Law Violations,78211,2026-09-01
60090759000,2024-10-18,Weapon Law Violations,SOCIETY,CENTRAL,Weapon Law Violations,78212,2026-09-01
55956319312,2024-05-07,Weapon Law Violations,SOCIETY,NORTH,Weapon Law Violations,78213,2026-09-01
67593640760,2025-11-29,Weapon Law Violations,SOCIETY,PRUE,Weapon Law Violations,78213,2026-09-01
51449903216,2023-07-21,Weapon Law Violations,SOCIETY,SOUTH,Weapon Law Violations,78214,2026-09-01
62216397537,2025-01-10,Weapon Law Violations,SOCIETY,SOUTH,Weapon Law Violations,78214,2026-09-01
62762954473,2025-02-13,Weapon Law Violations,SOCIETY,SOUTH,Weapon Law Violations,78214,2026-09-01
71037648029,2026-06-17,Weapon Law Violations,SOCIETY,SOUTH,Weapon Law Violations,78214,2026-09-01
48997436979,2023-04-17,Weapon Law Violations,SOCIETY,NORTH,Weapon Law Violations,78216,2026-09-01
51311922580,2023-07-05,Weapon Law Violations,SOCIETY,NORTH,Weapon Law Violations,78216,2026-09-01
54749363825,2024-03-17,Weapon Law Violations,SOCIETY,NORTH,Weapon Law Violations,78216,2026-09-01
63469081107,2025-04-04,Weapon Law Violations,SOCIETY,NORTH,Weapon Law Violations,78216,2026-09-01
65005906741,2025-07-17,Weapon Law Violations,SOCIETY,NORTH,Weapon Law Violations,78216,2026-09-01
66799897108,2025-10-20,Weapon Law Violations,SOCIETY,NORTH,Weapon Law Violations,78216,2026-09-01
41580592049,2023-02-08,Weapon Law Violations,SOCIETY,EAST,Weapon Law Violations,78217,2026-09-01
49365782382,2023-05-08,Weapon Law Violations,SOCIETY,EAST,Weapon Law Violations,78218,2026-09-01
54999616148,2024-03-26,Weapon Law Violations,SOCIETY,EAST,Weapon Law Violations,78218,2026-09-01
62668719159,2025-02-07,Weapon Law Violations,SOCIETY,EAST,Weapon Law Violations,78218,2026-09-01
64139553587,2025-05-26,Weapon Law Violations,SOCIETY,EAST,Weapon Law Violations,78218,2026-09-01
64288504508,2025-06-02,Weapon Law Violations,SOCIETY,EAST,Weapon Law Violations,78218,2026-09-01
64667269364,2025-06-24,Weapon Law Violations,SOCIETY,EAST,Weapon Law Violations,78218,2026-09-01
67804525531,2025-12-14,Weapon Law Violations,SOCIETY,EAST,Weapon Law Violations,78218,2026-09-01
68599228653,2026-02-18,Weapon Law Violations,SOCIETY,EAST,Weapon Law Violations,78218,2026-09-01
48981945883,2023-04-08,Weapon Law Violations,SOCIETY,EAST,Weapon Law Violations,78220,2026-09-01
51484439290,2023-07-24,Weapon Law Violations,SOCIETY,EAST,Weapon Law Violations,78220,2026-09-01
67819868566,2025-12-16,Weapon Law Violations,SOCIETY,EAST,Weapon Law Violations,78220,2026-09-01
69751108911,2026-04-19,Weapon Law Violations,SOCIETY,EAST,Weapon Law Violations,78220,2026-09-01
70925316558,2026-06-08,Weapon Law Violations,SOCIETY,EAST,Weapon Law Violations,78220,2026-09-01
50932535472,2023-06-03,Weapon Law Violations,SOCIETY,SOUTH,Weapon Law Violations,78221,2026-09-01
51403202514,2023-07-16,Weapon Law Violations,SOCIETY,SOUTH,Weapon Law Violations,78221,2026-09-01
55098058188,2024-03-31,Weapon Law Violations,SOCIETY,SOUTH,Weapon Law Violations,78221,2026-09-01
55995618637,2024-05-08,Weapon Law Violations,SOCIETY,EAST,Weapon Law Violations,78222,2026-09-01
51071185230,2023-06-21,Weapon Law Violations,SOCIETY,SOUTH,Weapon Law Violations,78226,2026-09-01
51066101114,2023-06-20,Weapon Law Violations,SOCIETY,WEST,Weapon Law Violations,78227,2026-09-01
58783078708,2024-09-06,Weapon Law Violations,SOCIETY,SOUTH,Weapon Law Violations,78227,2026-09-01
59697572130,2024-09-28,Weapon Law Violations,SOCIETY,SOUTH,Weapon Law Violations,78227,2026-09-01
55079666310,2024-03-30,Weapon Law Violations,SOCIETY,WEST,Weapon Law Violations,78228,2026-09-01
55431290065,2024-04-12,Weapon Law Violations,SOCIETY,WEST,Weapon Law Violations,78228,2026-09-01
56454468287,2024-05-29,Weapon Law Violations,SOCIETY,CENTRAL,Weapon Law Violations,78228,2026-09-01
71988928109,2026-08-04,Weapon Law Violations,SOCIETY,WEST,Weapon Law Violations,78228,2026-09-01
54307567657,2024-02-21,Weapon Law Violations,SOCIETY,PRUE,Weapon Law Violations,78230,2026-09-01
54407412714,2024-02-27,Weapon Law Violations,SOCIETY,PRUE,Weapon Law Violations,78230,2026-09-01
64522950037,2025-06-14,Weapon Law Violations,SOCIETY,PRUE,Weapon Law Violations,78230,2026-09-01
67397866185,2025-11-17,Weapon Law Violations,SOCIETY,CENTRAL,Weapon Law Violations,78230,2026-09-01
61865012960,2024-12-16,Weapon Law Violations,SOCIETY,NORTH,Weapon Law Violations,78233,2026-09-01
41020970269,2023-01-21,Weapon Law Violations,SOCIETY,SOUTH,Weapon Law Violations,78237,2026-09-01
48751895787,2023-04-04,Weapon Law Violations,SOCIETY,WEST,Weapon Law Violations,78237,2026-09-01
53118008037,2023-11-20,Weapon Law Violations,SOCIETY,WEST,Weapon Law Violations,78237,2026-09-01
51702750838,2023-08-04,Weapon Law Violations,SOCIETY,PRUE,Weapon Law Violations,78238,2026-09-01
54713800254,2024-03-14,Weapon Law Violations,SOCIETY,PRUE,Weapon Law Violations,78240,2026-09-01
69180669843,2026-03-11,Weapon Law Violations,SOCIETY,PRUE,Weapon Law Violations,78240,2026-09-01
53831699835,2024-01-19,Weapon Law Violations,SOCIETY,SOUTH,Weapon Law Violations,78242,2026-09-01
65161497583,2025-07-28,Weapon Law Violations,SOCIETY,SOUTH,Weapon Law Violations,78242,2026-09-01
49002916855,2023-04-11,Weapon Law Violations,SOCIETY,EAST,Weapon Law Violations,78244,2026-09-01
66113843603,2025-09-18,Weapon Law Violations,SOCIETY,NORTH,Weapon Law Violations,78247,2026-09-01
66349475417,2025-10-02,Weapon Law Violations,SOCIETY,PRUE,Weapon Law Violations,78249,2026-09-01
62290632931,2025-01-16,Weapon Law Violations,SOCIETY,WEST,Weapon Law Violations,78251,2026-09-01
51087415542,2023-06-23,Weapon Law Violations,SOCIETY,WEST,Weapon Law Violations,78201,2026-09-01
41414837074,2023-02-02,Weapon Law Violations,SOCIETY,EAST,Weapon Law Violations,78202,2026-09-01
55716999273,2024-04-29,Weapon Law Violations,SOCIETY,EAST,Weapon Law Violations,78202,2026-09-01
63954873490,2025-05-12,Weapon Law Violations,SOCIETY,CENTRAL,Weapon Law Violations,78204,2026-09-01
51028095264,2023-06-16,Weapon Law Violations,SOCIETY,CENTRAL,Weapon Law Violations,78205,2026-09-01
61929033735,2024-12-20,Weapon Law Violations,SOCIETY,CENTRAL,Weapon Law Violations,78207,2026-09-01
62929585270,2025-02-26,Weapon Law Violations,SOCIETY,CENTRAL,Weapon Law Violations,78207,2026-09-01
63724201716,2025-04-28,Weapon Law Violations,SOCIETY,CENTRAL,Weapon Law Violations,78207,2026-09-01
56597804383,2024-06-06,Weapon Law Violations,SOCIETY,NORTH,Weapon Law Violations,78209,2026-09-01
49919530919,2023-05-17,Weapon Law Violations,SOCIETY,EAST,Weapon Law Violations,78210,2026-09-01
54800458393,2024-03-18,Weapon Law Violations,SOCIETY,CENTRAL,Weapon Law Violations,78210,2026-09-01
65661069247,2025-08-30,Weapon Law Violations,SOCIETY,EAST,Weapon Law Violations,78210,2026-09-01
66898212596,2025-10-28,Weapon Law Violations,SOCIETY,SOUTH,Weapon Law Violations,78210,2026-09-01
47504087204,2023-03-24,Weapon Law Violations,SOCIETY,SOUTH,Weapon Law Violations,78211,2026-09-01
60361107807,2024-11-01,Weapon Law Violations,SOCIETY,SOUTH,Weapon Law Violations,78211,2026-09-01
62809776715,2025-02-16,Weapon Law Violations,SOCIETY,CENTRAL,Weapon Law Violations,78212,2026-09-01
49340877368,2023-05-04,Weapon Law Violations,SOCIETY,CENTRAL,Weapon Law Violations,78213,2026-09-01
50105062169,2023-05-28,Weapon Law Violations,SOCIETY,CENTRAL,Weapon Law Violations,78213,2026-09-01
52056115636,2023-08-29,Weapon Law Violations,SOCIETY,NORTH,Weapon Law Violations,78216,2026-09-01
53438689103,2023-12-17,Weapon Law Violations,SOCIETY,NORTH,Weapon Law Violations,78216,2026-09-01
63634271319,2025-04-19,Weapon Law Violations,SOCIETY,NORTH,Weapon Law Violations,78216,2026-09-01
63940614510,2025-05-11,Weapon Law Violations,SOCIETY,NORTH,Weapon Law Violations,78216,2026-09-01
45005687117,2023-03-05,Weapon Law Violations,SOCIETY,SOUTH,Weapon Law Violations,78221,2026-09-01
51121244576,2023-06-26,Weapon Law Violations,SOCIETY,SOUTH,Weapon Law Violations,78221,2026-09-01
52435487963,2023-09-25,Weapon Law Violations,SOCIETY,SOUTH,Weapon Law Violations,78221,2026-09-01
46561954508,2023-03-15,Weapon Law Violations,SOCIETY,EAST,Weapon Law Violations,78223,2026-09-01
51285415783,2023-07-02,Weapon Law Violations,SOCIETY,SOUTH,Weapon Law Violations,78223,2026-09-01
54558487479,2024-04-26,Weapon Law Violations,SOCIETY,EAST,Weapon Law Violations,78223,2026-09-01
63544940342,2025-04-12,Weapon Law Violations,SOCIETY,EAST,Weapon Law Violations,78223,2026-09-01
53373721259,2023-12-11,Weapon Law Violations,SOCIETY,SOUTH,Weapon Law Violations,78224,2026-09-01
69839611126,2026-04-25,Weapon Law Violations,SOCIETY,SOUTH,Weapon Law Violations,78224,2026-09-01
62656064838,2025-02-07,Weapon Law Violations,SOCIETY,SOUTH,Weapon Law Violations,78225,2026-09-01
66763953124,2025-10-17,Weapon Law Violations,SOCIETY,WEST,Weapon Law Violations,78228,2026-09-01
69668182275,2026-04-14,Weapon Law Violations,SOCIETY,WEST,Weapon Law Violations,78228,2026-09-01
47829498598,2023-03-27,Weapon Law Violations,SOCIETY,PRUE,Weapon Law Violations,78230,2026-09-01
48645663550,2023-04-04,Weapon Law Violations,SOCIETY,PRUE,Weapon Law Violations,78230,2026-09-01
63109176565,2025-03-08,Weapon Law Violations,SOCIETY,PRUE,Weapon Law Violations,78230,2026-09-01
52456956265,2023-09-28,Weapon Law Violations,SOCIETY,NORTH,Weapon Law Violations,78233,2026-09-01
44753591417,2023-03-03,Weapon Law Violations,SOCIETY,WEST,Weapon Law Violations,78237,2026-09-01
51468577698,2023-07-23,Weapon Law Violations,SOCIETY,WEST,Weapon Law Violations,78237,2026-09-01
54344261129,2024-02-23,Weapon Law Violations,SOCIETY,WEST,Weapon Law Violations,78237,2026-09-01
68234286300,2026-01-19,Weapon Law Violations,SOCIETY,WEST,Weapon Law Violations,78237,2026-09-01
49100478407,2023-04-18,Weapon Law Violations,SOCIETY,SOUTH,Weapon Law Violations,78242,2026-09-01
51113507509,2023-06-25,Weapon Law Violations,SOCIETY,SOUTH,Weapon Law Violations,78242,2026-09-01
52676980633,2023-10-20,Weapon Law Violations,SOCIETY,SOUTH,Weapon Law Violations,78242,2026-09-01
65477199770,2025-08-16,Weapon Law Violations,SOCIETY,NORTH,Weapon Law Violations,78247,2026-09-01
59087702508,2024-09-13,Weapon Law Violations,SOCIETY,CENTRAL,Weapon Law Violations,78201,2026-09-01
61971548558,2024-12-23,Weapon Law Violations,SOCIETY,DOWNTOWN,Weapon Law Violations,78201,2026-09-01
67703972800,2025-12-06,Weapon Law Violations,SOCIETY,WEST,Weapon Law Violations,78201,2026-09-01
53888466759,2024-01-25,Weapon Law Violations,SOCIETY,EAST,Weapon Law Violations,78202,2026-09-01
58465397717,2024-08-19,Weapon Law Violations,SOCIETY,EAST,Weapon Law Violations,78202,2026-09-01
67316011128,2025-11-12,Weapon Law Violations,SOCIETY,DOWNTOWN,Weapon Law Violations,78202,2026-09-01
70645512846,2026-05-24,Weapon Law Violations,SOCIETY,EAST,Weapon Law Violations,78203,2026-09-01
67852788240,2025-12-18,Weapon Law Violations,SOCIETY,CENTRAL,Weapon Law Violations,78204,2026-09-01
63629908407,2025-04-19,Weapon Law Violations,SOCIETY,DOWNTOWN,Weapon Law Violations,78205,2026-09-01
66165175449,2025-09-21,Weapon Law Violations,SOCIETY,DOWNTOWN,Weapon Law Violations,78205,2026-09-01
70509825790,2026-05-17,Weapon Law Violations,SOCIETY,DOWNTOWN,Weapon Law Violations,78205,2026-09-01
53117486431,2023-11-20,Weapon Law Violations,SOCIETY,CENTRAL,Weapon Law Violations,78207,2026-09-01
60174334187,2024-10-23,Weapon Law Violations,SOCIETY,CENTRAL,Weapon Law Violations,78207,2026-09-01
64650338182,2025-06-24,Weapon Law Violations,SOCIETY,CENTRAL,Weapon Law Violations,78207,2026-09-01
67760776662,2025-12-10,Weapon Law Violations,SOCIETY,CENTRAL,Weapon Law Violations,78207,2026-09-01
66638491984,2025-10-11,Weapon Law Violations,SOCIETY,EAST,Weapon Law Violations,78208,2026-09-01
66864812265,2025-10-24,Weapon Law Violations,SOCIETY,NORTH,Weapon Law Violations,78209,2026-09-01
64432516102,2025-06-10,Weapon Law Violations,SOCIETY,SOUTH,Weapon Law Violations,78210,2026-09-01
63333608917,2025-03-26,Weapon Law Violations,SOCIETY,SOUTH,Weapon Law Violations,78211,2026-09-01
64040400306,2025-05-19,Weapon Law Violations,SOCIETY,SOUTH,Weapon Law Violations,78211,2026-09-01
68380107091,2026-02-01,Weapon Law Violations,SOCIETY,DOWNTOWN,Weapon Law Violations,78212,2026-09-01
64581955576,2025-06-19,Weapon Law Violations,SOCIETY,NORTH,Weapon Law Violations,78213,2026-09-01
52174059082,2023-09-02,Weapon Law Violations,SOCIETY,SOUTH,Weapon Law Violations,78214,2026-09-01
51164412827,2023-06-29,Weapon Law Violations,SOCIETY,NORTH,Weapon Law Violations,78216,2026-09-01
53593664422,2023-12-30,Weapon Law Violations,SOCIETY,NORTH,Weapon Law Violations,78216,2026-09-01
53756364639,2024-01-13,Weapon Law Violations,SOCIETY,NORTH,Weapon Law Violations,78216,2026-09-01
54044446531,2024-02-05,Weapon Law Violations,SOCIETY,NORTH,Weapon Law Violations,78216,2026-09-01
63984898138,2025-05-15,Weapon Law Violations,SOCIETY,NORTH,Weapon Law Violations,78216,2026-09-01
61947060647,2024-12-21,Weapon Law Violations,SOCIETY,EAST,Weapon Law Violations,78218,2026-09-01
69498921798,2026-04-02,Weapon Law Violations,SOCIETY,EAST,Weapon Law Violations,78219,2026-09-01
70989768969,2026-06-13,Weapon Law Violations,SOCIETY,EAST,Weapon Law Violations,78219,2026-09-01
55848741249,2024-05-04,Weapon Law Violations,SOCIETY,EAST,Weapon Law Violations,78220,2026-09-01
62408517926,2025-01-23,Weapon Law Violations,SOCIETY,EAST,Weapon Law Violations,78220,2026-09-01
62552438735,2025-02-01,Weapon Law Violations,SOCIETY,EAST,Weapon Law Violations,78220,2026-09-01
48985188268,2023-04-09,Weapon Law Violations,SOCIETY,EAST,Weapon Law Violations,78223,2026-09-01
65014900617,2025-07-18,Weapon Law Violations,SOCIETY,SOUTH,Weapon Law Violations,78223,2026-09-01
43914280242,2023-02-28,Weapon Law Violations,SOCIETY,WEST,Weapon Law Violations,78227,2026-09-01
59219397795,2024-09-14,Weapon Law Violations,SOCIETY,WEST,Weapon Law Violations,78227,2026-09-01
69206781118,2026-03-13,Weapon Law Violations,SOCIETY,SOUTH,Weapon Law Violations,78227,2026-09-01
51470954195,2023-07-23,Weapon Law Violations,SOCIETY,WEST,Weapon Law Violations,78228,2026-09-01
54976023193,2024-03-24,Weapon Law Violations,SOCIETY,WEST,Weapon Law Violations,78228,2026-09-01
65627508517,2025-08-28,Weapon Law Violations,SOCIETY,WEST,Weapon Law Violations,78228,2026-09-01
68461975092,2026-02-07,Weapon Law Violations,SOCIETY,WEST,Weapon Law Violations,78229,2026-09-01
52829803860,2023-10-29,Weapon Law Violations,SOCIETY,PRUE,Weapon Law Violations,78230,2026-09-01
55116790070,2024-04-01,Weapon Law Violations,SOCIETY,PRUE,Weapon Law Violations,78230,2026-09-01
55623406623,2024-04-21,Weapon Law Violations,SOCIETY,PRUE,Weapon Law Violations,78230,2026-09-01
63234268388,2025-03-18,Weapon Law Violations,SOCIETY,CENTRAL,Weapon Law Violations,78230,2026-09-01
67976591997,2025-12-29,Weapon Law Violations,SOCIETY,NORTH,Weapon Law Violations,78231,2026-09-01
63909498088,2025-05-09,Weapon Law Violations,SOCIETY,NORTH,Weapon Law Violations,78233,2026-09-01
68048524992,2026-01-04,Weapon Law Violations,SOCIETY,NORTH,Weapon Law Violations,78233,2026-09-01
63932856115,2025-05-10,Weapon Law Violations,SOCIETY,WEST,Weapon Law Violations,78238,2026-09-01
66277374507,2025-09-28,Weapon Law Violations,SOCIETY,WEST,Weapon Law Violations,78245,2026-09-01
56416463262,2024-05-26,Weapon Law Violations,SOCIETY,NORTH,Weapon Law Violations,78247,2026-09-01
48039391397,2023-03-29,Weapon Law Violations,SOCIETY,WEST,Weapon Law Violations,78253,2026-09-01
63542413706,2025-04-11,Weapon Law Violations,SOCIETY,NORTH,Weapon Law Violations,78258,2026-09-01
68290876438,2026-01-24,Weapon Law Violations,SOCIETY,NORTH,Weapon Law Violations,78259,2026-09-01
39741747427,2023-01-06,Weapon Law Violations,SOCIETY,CENTRAL,Weapon Law Violations,78201,2026-09-01
53365703471,2023-12-10,Weapon Law Violations,SOCIETY,CENTRAL,Weapon Law Violations,78201,2026-09-01
55026652159,2024-03-27,Weapon Law Violations,SOCIETY,CENTRAL,Weapon Law Violations,78201,2026-09-01
65053378686,2025-07-21,Weapon Law Violations,SOCIETY,EAST,Weapon Law Violations,78202,2026-09-01
66268281952,2025-09-26,Weapon Law Violations,SOCIETY,EAST,Weapon Law Violations,78203,2026-09-01
64858142424,2025-07-07,Weapon Law Violations,SOCIETY,SOUTH,Weapon Law Violations,78204,2026-09-01
62040608586,2024-12-29,Weapon Law Violations,SOCIETY,DOWNTOWN,Weapon Law Violations,78205,2026-09-01
63490760106,2025-04-06,Weapon Law Violations,SOCIETY,DOWNTOWN,Weapon Law Violations,78205,2026-09-01
64822796252,2025-07-05,Weapon Law Violations,SOCIETY,DOWNTOWN,Weapon Law Violations,78205,2026-09-01
65810230396,2025-09-07,Weapon Law Violations,SOCIETY,DOWNTOWN,Weapon Law Violations,78205,2026-09-01
68449314134,2026-02-06,Weapon Law Violations,SOCIETY,DOWNTOWN,Weapon Law Violations,78205,2026-09-01
49231410520,2023-04-22,Weapon Law Violations,SOCIETY,CENTRAL,Weapon Law Violations,78207,2026-09-01
57140090194,2024-06-25,Weapon Law Violations,SOCIETY,SOUTH,Weapon Law Violations,78210,2026-09-01
62031370640,2024-12-28,Weapon Law Violations,SOCIETY,EAST,Weapon Law Violations,78210,2026-09-01
65031659708,2025-07-20,Weapon Law Violations,SOCIETY,EAST,Weapon Law Violations,78210,2026-09-01
67253579564,2025-11-07,Weapon Law Violations,SOCIETY,DOWNTOWN,Weapon Law Violations,78210,2026-09-01
67875333547,2025-12-19,Weapon Law Violations,SOCIETY,EAST,Weapon Law Violations,78210,2026-09-01
70927853488,2026-06-09,Weapon Law Violations,SOCIETY,EAST,Weapon Law Violations,78210,2026-09-01
72213509420,2026-08-14,Weapon Law Violations,SOCIETY,EAST,Weapon Law Violations,78210,2026-09-01
51351463987,2023-07-10,Weapon Law Violations,SOCIETY,SOUTH,Weapon Law Violations,78211,2026-09-01
64535596412,2025-06-16,Weapon Law Violations,SOCIETY,SOUTH,Weapon Law Violations,78211,2026-09-01
71598604412,2026-07-12,Weapon Law Violations,SOCIETY,SOUTH,Weapon Law Violations,78211,2026-09-01
65518640677,2025-08-19,Weapon Law Violations,SOCIETY,DOWNTOWN,Weapon Law Violations,78212,2026-09-01
67677015585,2025-12-05,Weapon Law Violations,SOCIETY,DOWNTOWN,Weapon Law Violations,78212,2026-09-01
62449132116,2025-01-27,Weapon Law Violations,SOCIETY,CENTRAL,Weapon Law Violations,78213,2026-09-01
41451475458,2023-02-04,Weapon Law Violations,SOCIETY,NORTH,Weapon Law Violations,78216,2026-09-01
51983667377,2023-08-25,Weapon Law Violations,SOCIETY,NORTH,Weapon Law Violations,78216,2026-09-01
54164115526,2024-02-14,Weapon Law Violations,SOCIETY,NORTH,Weapon Law Violations,78216,2026-09-01
63209899849,2025-03-17,Weapon Law Violations,SOCIETY,NORTH,Weapon Law Violations,78216,2026-09-01
51039365566,2023-06-17,Weapon Law Violations,SOCIETY,EAST,Weapon Law Violations,78217,2026-09-01
51299674749,2023-07-03,Weapon Law Violations,SOCIETY,NORTH,Weapon Law Violations,78217,2026-09-01
60950464826,2024-11-21,Weapon Law Violations,SOCIETY,NORTH,Weapon Law Violations,78217,2026-09-01
67811195152,2025-12-15,Weapon Law Violations,SOCIETY,NORTH,Weapon Law Violations,78217,2026-09-01
51414226030,2023-07-18,Weapon Law Violations,SOCIETY,EAST,Weapon Law Violations,78218,2026-09-01
65055352216,2025-07-21,Weapon Law Violations,SOCIETY,EAST,Weapon Law Violations,78218,2026-09-01
70820994228,2026-06-01,Weapon Law Violations,SOCIETY,EAST,Weapon Law Violations,78219,2026-09-01
52816772054,2023-10-28,Weapon Law Violations,SOCIETY,SOUTH,Weapon Law Violations,78221,2026-09-01
49252807685,2023-04-26,Weapon Law Violations,SOCIETY,EAST,Weapon Law Violations,78222,2026-09-01
51279646051,2023-07-01,Weapon Law Violations,SOCIETY,SOUTH,Weapon Law Violations,78223,2026-09-01
52211728210,2023-09-07,Weapon Law Violations,SOCIETY,EAST,Weapon Law Violations,78223,2026-09-01
63502445845,2025-04-08,Weapon Law Violations,SOCIETY,EAST,Weapon Law Violations,78223,2026-09-01
49202824785,2023-04-20,Weapon Law Violations,SOCIETY,SOUTH,Weapon Law Violations,78224,2026-09-01
53813179540,2024-01-16,Weapon Law Violations,SOCIETY,SOUTH,Weapon Law Violations,78224,2026-09-01
70851736726,2026-06-03,Weapon Law Violations,SOCIETY,SOUTH,Weapon Law Violations,78224,2026-09-01
51063355915,2023-06-20,Weapon Law Violations,SOCIETY,WEST,Weapon Law Violations,78227,2026-09-01
56227411467,2024-05-20,Weapon Law Violations,SOCIETY,WEST,Weapon Law Violations,78227,2026-09-01
69870495901,2026-04-27,Weapon Law Violations,SOCIETY,WEST,Weapon Law Violations,78227,2026-09-01
52305352387,2023-09-16,Weapon Law Violations,SOCIETY,WEST,Weapon Law Violations,78228,2026-09-01
60832695713,2024-11-15,Weapon Law Violations,SOCIETY,WEST,Weapon Law Violations,78228,2026-09-01
61955573024,2024-12-22,Weapon Law Violations,SOCIETY,WEST,Weapon Law Violations,78228,2026-09-01
62030729730,2024-12-27,Weapon Law Violations,SOCIETY,WEST,Weapon Law Violations,78228,2026-09-01
64738484714,2025-06-28,Weapon Law Violations,SOCIETY,PRUE,Weapon Law Violations,78230,2026-09-01
69393708613,2026-03-24,Weapon Law Violations,SOCIETY,PRUE,Weapon Law Violations,78230,2026-09-01
45949568223,2023-03-10,Weapon Law Violations,SOCIETY,NORTH,Weapon Law Violations,78232,2026-09-01
43079534912,2023-02-22,Weapon Law Violations,SOCIETY,NORTH,Weapon Law Violations,78233,2026-09-01
49945420880,2023-05-19,Weapon Law Violations,SOCIETY,NORTH,Weapon Law Violations,78233,2026-09-01
63187979889,2025-03-15,Weapon Law Violations,SOCIETY,NORTH,Weapon Law Violations,78233,2026-09-01
50953942231,2023-06-06,Weapon Law Violations,SOCIETY,EAST,Weapon Law Violations,78234,2026-09-01
49789808257,2023-05-15,Weapon Law Violations,SOCIETY,WEST,Weapon Law Violations,78237,2026-09-01
51464868179,2023-07-22,Weapon Law Violations,SOCIETY,WEST,Weapon Law Violations,78237,2026-09-01
51727442960,2023-08-08,Weapon Law Violations,SOCIETY,CENTRAL,Weapon Law Violations,78237,2026-09-01
58229637401,2024-08-07,Weapon Law Violations,SOCIETY,CENTRAL,Weapon Law Violations,78237,2026-09-01
67293518405,2025-11-09,Weapon Law Violations,SOCIETY,SOUTH,Weapon Law Violations,78237,2026-09-01
69182864979,2026-03-11,Weapon Law Violations,SOCIETY,WEST,Weapon Law Violations,78237,2026-09-01
62019431499,2024-12-26,Weapon Law Violations,SOCIETY,WEST,Weapon Law Violations,78238,2026-09-01
63198852032,2025-03-15,Weapon Law Violations,SOCIETY,WEST,Weapon Law Violations,78238,2026-09-01
55214640172,2024-04-05,Weapon Law Violations,SOCIETY,PRUE,Weapon Law Violations,78240,2026-09-01
51486408044,2023-07-24,Weapon Law Violations,SOCIETY,SOUTH,Weapon Law Violations,78242,2026-09-01
65018174030,2025-07-19,Weapon Law Violations,SOCIETY,PRUE,Weapon Law Violations,78250,2026-09-01
70600161333,2026-05-22,Weapon Law Violations,SOCIETY,PRUE,Weapon Law Violations,78257,2026-09-01
51690815324,2023-08-03,Weapon Law Violations,SOCIETY,CENTRAL,Weapon Law Violations,78201,2026-09-01
63490178845,2025-04-06,Weapon Law Violations,SOCIETY,CENTRAL,Weapon Law Violations,78201,2026-09-01
49027864698,2023-04-15,Weapon Law Violations,SOCIETY,EAST,Weapon Law Violations,78202,2026-09-01
63471172571,2025-04-04,Weapon Law Violations,SOCIETY,EAST,Weapon Law Violations,78202,2026-09-01
71796322162,2026-07-22,Weapon Law Violations,SOCIETY,EAST,Weapon Law Violations,78202,2026-09-01
40694482514,2023-01-14,Weapon Law Violations,SOCIETY,EAST,Weapon Law Violations,78203,2026-09-01
57837954106,2024-07-21,Weapon Law Violations,SOCIETY,EAST,Weapon Law Violations,78203,2026-09-01
53639584421,2024-01-04,Weapon Law Violations,SOCIETY,CENTRAL,Weapon Law Violations,78204,2026-09-01
54254636334,2024-02-19,Weapon Law Violations,SOCIETY,CENTRAL,Weapon Law Violations,78204,2026-09-01
66071825419,2025-09-15,Weapon Law Violations,SOCIETY,CENTRAL,Weapon Law Violations,78204,2026-09-01
68695751089,2026-02-25,Weapon Law Violations,SOCIETY,DOWNTOWN,Weapon Law Violations,78204,2026-09-01
70870877777,2026-06-04,Weapon Law Violations,SOCIETY,DOWNTOWN,Weapon Law Violations,78204,2026-09-01
69835422364,2026-04-25,Weapon Law Violations,SOCIETY,DOWNTOWN,Weapon Law Violations,78205,2026-09-01
52308086264,2023-09-16,Weapon Law Violations,SOCIETY,CENTRAL,Weapon Law Violations,78207,2026-09-01
55616069049,2024-04-21,Weapon Law Violations,SOCIETY,CENTRAL,Weapon Law Violations,78207,2026-09-01
56926688967,2024-06-20,Weapon Law Violations,SOCIETY,CENTRAL,Weapon Law Violations,78207,2026-09-01
57279161265,2024-07-02,Weapon Law Violations,SOCIETY,CENTRAL,Weapon Law Violations,78207,2026-09-01
58283097712,2024-08-10,Weapon Law Violations,SOCIETY,SOUTH,Weapon Law Violations,78207,2026-09-01
60980954939,2024-11-25,Weapon Law Violations,SOCIETY,CENTRAL,Weapon Law Violations,78207,2026-09-01
64792885043,2025-07-02,Weapon Law Violations,SOCIETY,CENTRAL,Weapon Law Violations,78207,2026-09-01
61246473883,2024-11-30,Weapon Law Violations,SOCIETY,EAST,Weapon Law Violations,78208,2026-09-01
70629163169,2026-05-23,Weapon Law Violations,SOCIETY,EAST,Weapon Law Violations,78208,2026-09-01
49944844049,2023-05-18,Weapon Law Violations,SOCIETY,NORTH,Weapon Law Violations,78209,2026-09-01
67397944917,2025-11-17,Weapon Law Violations,SOCIETY,NORTH,Weapon Law Violations,78209,2026-09-01
59995801028,2024-10-10,Weapon Law Violations,SOCIETY,CENTRAL,Weapon Law Violations,78210,2026-09-01
60389920922,2024-11-04,Weapon Law Violations,SOCIETY,EAST,Weapon Law Violations,78210,2026-09-01
62955768396,2025-02-28,Weapon Law Violations,SOCIETY,DOWNTOWN,Weapon Law Violations,78210,2026-09-01
66774496340,2025-10-18,Weapon Law Violations,SOCIETY,EAST,Weapon Law Violations,78210,2026-09-01
69470514924,2026-03-31,Weapon Law Violations,SOCIETY,SOUTH,Weapon Law Violations,78211,2026-09-01
71745769577,2026-07-19,Weapon Law Violations,SOCIETY,SOUTH,Weapon Law Violations,78211,2026-09-01
53460211280,2023-12-20,Weapon Law Violations,SOCIETY,CENTRAL,Weapon Law Violations,78212,2026-09-01
51968463456,2023-08-22,Weapon Law Violations,SOCIETY,NORTH,Weapon Law Violations,78213,2026-09-01
49705044713,2023-05-14,Weapon Law Violations,SOCIETY,SOUTH,Weapon Law Violations,78214,2026-09-01
53343899840,2023-12-07,Weapon Law Violations,SOCIETY,SOUTH,Weapon Law Violations,78214,2026-09-01
58959130461,2024-09-11,Weapon Law Violations,SOCIETY,SOUTH,Weapon Law Violations,78214,2026-09-01
65360311962,2025-08-08,Weapon Law Violations,SOCIETY,SOUTH,Weapon Law Violations,78214,2026-09-01
66843402495,2025-10-23,Weapon Law Violations,SOCIETY,SOUTH,Weapon Law Violations,78214,2026-09-01
69695806957,2026-04-16,Weapon Law Violations,SOCIETY,SOUTH,Weapon Law Violations,78214,2026-09-01
65576983087,2025-08-24,Weapon Law Violations,SOCIETY,DOWNTOWN,Weapon Law Violations,78215,2026-09-01
40294034296,2023-01-09,Weapon Law Violations,SOCIETY,NORTH,Weapon Law Violations,78216,2026-09-01
44669964740,2023-03-03,Weapon Law Violations,SOCIETY,NORTH,Weapon Law Violations,78216,2026-09-01
62237573233,2025-01-12,Weapon Law Violations,SOCIETY,NORTH,Weapon Law Violations,78216,2026-09-01
68167271976,2026-01-14,Weapon Law Violations,SOCIETY,NORTH,Weapon Law Violations,78216,2026-09-01
51708309271,2023-08-05,Weapon Law Violations,SOCIETY,EAST,Weapon Law Violations,78218,2026-09-01
66149057294,2025-09-21,Weapon Law Violations,SOCIETY,EAST,Weapon Law Violations,78218,2026-09-01
50970740036,2023-06-08,Weapon Law Violations,SOCIETY,EAST,Weapon Law Violations,78220,2026-09-01
40719651465,2023-01-15,Weapon Law Violations,SOCIETY,SOUTH,Weapon Law Violations,78223,2026-09-01
45811946397,2023-03-10,Weapon Law Violations,SOCIETY,SOUTH,Weapon Law Violations,78223,2026-09-01
49353255555,2023-05-05,Weapon Law Violations,SOCIETY,EAST,Weapon Law Violations,78223,2026-09-01
52230537256,2023-09-08,Weapon Law Violations,SOCIETY,EAST,Weapon Law Violations,78223,2026-09-01
62528863721,2025-01-31,Weapon Law Violations,SOCIETY,SOUTH,Weapon Law Violations,78223,2026-09-01
41965902985,2023-02-12,Weapon Law Violations,SOCIETY,SOUTH,Weapon Law Violations,78224,2026-09-01
68492774777,2026-02-10,Weapon Law Violations,SOCIETY,SOUTH,Weapon Law Violations,78224,2026-09-01
55967733652,2024-05-07,Weapon Law Violations,SOCIETY,SOUTH,Weapon Law Violations,78225,2026-09-01
60762507779,2024-11-09,Weapon Law Violations,SOCIETY,WEST,Weapon Law Violations,78227,2026-09-01
59507126583,2024-09-22,Weapon Law Violations,SOCIETY,WEST,Weapon Law Violations,78228,2026-09-01
63451935149,2025-04-02,Weapon Law Violations,SOCIETY,WEST,Weapon Law Violations,78228,2026-09-01
55839256324,2024-05-03,Weapon Law Violations,SOCIETY,PRUE,Weapon Law Violations,78229,2026-09-01
58066037793,2024-08-02,Weapon Law Violations,SOCIETY,PRUE,Weapon Law Violations,78229,2026-09-01
60030925144,2024-10-13,Weapon Law Violations,SOCIETY,PRUE,Weapon Law Violations,78230,2026-09-01
56091903261,2024-05-16,Weapon Law Violations,SOCIETY,NORTH,Weapon Law Violations,78232,2026-09-01
42796748734,2023-02-19,Weapon Law Violations,SOCIETY,WEST,Weapon Law Violations,78237,2026-09-01
47945149942,2023-03-29,Weapon Law Violations,SOCIETY,WEST,Weapon Law Violations,78237,2026-09-01
56059308239,2024-05-13,Weapon Law Violations,SOCIETY,WEST,Weapon Law Violations,78237,2026-09-01
56630220684,2024-06-09,Weapon Law Violations,SOCIETY,WEST,Weapon Law Violations,78237,2026-09-01
58931610430,2024-09-11,Weapon Law Violations,SOCIETY,WEST,Weapon Law Violations,78237,2026-09-01
59206713022,2024-09-14,Weapon Law Violations,SOCIETY,WEST,Weapon Law Violations,78238,2026-09-01
62210238297,2025-01-09,Weapon Law Violations,SOCIETY,WEST,Weapon Law Violations,78238,2026-09-01
48170838612,2023-03-30,Weapon Law Violations,SOCIETY,PRUE,Weapon Law Violations,78240,2026-09-01
51363007576,2023-07-11,Weapon Law Violations,SOCIETY,SOUTH,Weapon Law Violations,78242,2026-09-01
58799709249,2024-09-07,Weapon Law Violations,SOCIETY,SOUTH,Weapon Law Violations,78242,2026-09-01
56390604223,2024-05-23,Weapon Law Violations,SOCIETY,WEST,Weapon Law Violations,78245,2026-09-01
41491951983,2023-02-05,Weapon Law Violations,SOCIETY,PRUE,Weapon Law Violations,78249,2026-09-01
54439459967,2024-02-27,Weapon Law Violations,SOCIETY,NORTH,Weapon Law Violations,78258,2026-09-01
47613208536,2023-03-26,Weapon Law Violations,SOCIETY,WEST,Weapon Law Violations,78201,2026-09-01
50070422483,2023-05-25,Weapon Law Violations,SOCIETY,WEST,Weapon Law Violations,78201,2026-09-01
55152778491,2024-04-03,Weapon Law Violations,SOCIETY,CENTRAL,Weapon Law Violations,78201,2026-09-01
55763357721,2024-05-02,Weapon Law Violations,SOCIETY,WEST,Weapon Law Violations,78201,2026-09-01
67748703678,2025-12-10,Weapon Law Violations,SOCIETY,CENTRAL,Weapon Law Violations,78201,2026-09-01
65344733333,2025-08-06,Weapon Law Violations,SOCIETY,EAST,Weapon Law Violations,78202,2026-09-01
67894241525,2025-12-22,Weapon Law Violations,SOCIETY,EAST,Weapon Law Violations,78202,2026-09-01
72475080383,2026-08-28,Weapon Law Violations,SOCIETY,EAST,Weapon Law Violations,78203,2026-09-01
40579095281,2023-01-12,Weapon Law Violations,SOCIETY,CENTRAL,Weapon Law Violations,78205,2026-09-01
49295046786,2023-04-28,Weapon Law Violations,SOCIETY,CENTRAL,Weapon Law Violations,78205,2026-09-01
54204419636,2024-02-16,Weapon Law Violations,SOCIETY,CENTRAL,Weapon Law Violations,78207,2026-09-01
62213458604,2025-01-09,Weapon Law Violations,SOCIETY,CENTRAL,Weapon Law Violations,78207,2026-09-01
53434049387,2023-12-16,Weapon Law Violations,SOCIETY,CENTRAL,Weapon Law Violations,78209,2026-09-01
64914916184,2025-07-11,Weapon Law Violations,SOCIETY,NORTH,Weapon Law Violations,78209,2026-09-01
64602260307,2025-06-21,Weapon Law Violations,SOCIETY,EAST,Weapon Law Violations,78210,2026-09-01
53849264450,2024-01-21,Weapon Law Violations,SOCIETY,CENTRAL,Weapon Law Violations,78212,2026-09-01
63848357975,2025-05-06,Weapon Law Violations,SOCIETY,DOWNTOWN,Weapon Law Violations,78212,2026-09-01
55078255741,2024-03-29,Weapon Law Violations,SOCIETY,CENTRAL,Weapon Law Violations,78213,2026-09-01
66899598506,2025-10-28,Weapon Law Violations,SOCIETY,SOUTH,Weapon Law Violations,78214,2026-09-01
66769737343,2025-10-17,Weapon Law Violations,SOCIETY,DOWNTOWN,Weapon Law Violations,78215,2026-09-01
49366882891,2023-05-08,Weapon Law Violations,SOCIETY,NORTH,Weapon Law Violations,78216,2026-09-01
57210433496,2024-06-30,Weapon Law Violations,SOCIETY,NORTH,Weapon Law Violations,78216,2026-09-01
58245594651,2024-08-09,Weapon Law Violations,SOCIETY,NORTH,Weapon Law Violations,78216,2026-09-01
64253292026,2025-05-30,Weapon Law Violations,SOCIETY,NORTH,Weapon Law Violations,78216,2026-09-01
70624487426,2026-05-23,Weapon Law Violations,SOCIETY,NORTH,Weapon Law Violations,78216,2026-09-01
71850087242,2026-07-25,Weapon Law Violations,SOCIETY,NORTH,Weapon Law Violations,78216,2026-09-01
54577763060,2024-03-05,Weapon Law Violations,SOCIETY,NORTH,Weapon Law Violations,78217,2026-09-01
44885169130,2023-03-04,Weapon Law Violations,SOCIETY,EAST,Weapon Law Violations,78218,2026-09-01
48429506381,2023-04-02,Weapon Law Violations,SOCIETY,EAST,Weapon Law Violations,78218,2026-09-01
50087342516,2023-05-26,Weapon Law Violations,SOCIETY,EAST,Weapon Law Violations,78218,2026-09-01
69714044881,2026-04-17,Weapon Law Violations,SOCIETY,EAST,Weapon Law Violations,78220,2026-09-01
48536035687,2023-04-02,Weapon Law Violations,SOCIETY,SOUTH,Weapon Law Violations,78221,2026-09-01
55059332355,2024-03-29,Weapon Law Violations,SOCIETY,SOUTH,Weapon Law Violations,78221,2026-09-01
55114984308,2024-03-31,Weapon Law Violations,SOCIETY,SOUTH,Weapon Law Violations,78221,2026-09-01
56132240059,2024-05-18,Weapon Law Violations,SOCIETY,SOUTH,Weapon Law Violations,78221,2026-09-01
62829597371,2025-02-18,Weapon Law Violations,SOCIETY,SOUTH,Weapon Law Violations,78221,2026-09-01
59159707892,2024-09-13,Weapon Law Violations,SOCIETY,EAST,Weapon Law Violations,78222,2026-09-01
46853458919,2023-03-18,Weapon Law Violations,SOCIETY,SOUTH,Weapon Law Violations,78223,2026-09-01
53554941486,2023-12-25,Weapon Law Violations,SOCIETY,EAST,Weapon Law Violations,78223,2026-09-01
53644921906,2024-01-04,Weapon Law Violations,SOCIETY,SOUTH,Weapon Law Violations,78223,2026-09-01
67814529653,2025-12-15,Weapon Law Violations,SOCIETY,SOUTH,Weapon Law Violations,78223,2026-09-01
69753966649,2026-04-19,Weapon Law Violations,SOCIETY,SOUTH,Weapon Law Violations,78224,2026-09-01
57907298734,2024-07-26,Weapon Law Violations,SOCIETY,SOUTH,Weapon Law Violations,78225,2026-09-01
51581592048,2023-07-31,Weapon Law Violations,SOCIETY,WEST,Weapon Law Violations,78227,2026-09-01
53885500351,2024-01-24,Weapon Law Violations,SOCIETY,SOUTH,Weapon Law Violations,78227,2026-09-01
54529292693,2024-03-01,Weapon Law Violations,SOCIETY,WEST,Weapon Law Violations,78227,2026-09-01
65067642011,2025-07-23,Weapon Law Violations,SOCIETY,WEST,Weapon Law Violations,78227,2026-09-01
60822938353,2024-11-14,Weapon Law Violations,SOCIETY,WEST,Weapon Law Violations,78228,2026-09-01
69230362186,2026-03-15,Weapon Law Violations,SOCIETY,WEST,Weapon Law Violations,78228,2026-09-01
49710849236,2023-05-14,Weapon Law Violations,SOCIETY,PRUE,Weapon Law Violations,78229,2026-09-01
63489521999,2025-04-06,Weapon Law Violations,SOCIETY,PRUE,Weapon Law Violations,78229,2026-09-01
65106857468,2025-07-24,Weapon Law Violations,SOCIETY,PRUE,Weapon Law Violations,78229,2026-09-01
54854670904,2024-03-20,Weapon Law Violations,SOCIETY,PRUE,Weapon Law Violations,78230,2026-09-01
60780684910,2024-11-10,Weapon Law Violations,SOCIETY,PRUE,Weapon Law Violations,78230,2026-09-01
63505417946,2025-04-08,Weapon Law Violations,SOCIETY,PRUE,Weapon Law Violations,78230,2026-09-01
70614645818,2026-05-22,Weapon Law Violations,SOCIETY,SOUTH,Weapon Law Violations,78235,2026-09-01
47506025554,2023-03-25,Weapon Law Violations,SOCIETY,SOUTH,Weapon Law Violations,78237,2026-09-01
62443541197,2025-01-26,Weapon Law Violations,SOCIETY,EAST,Weapon Law Violations,78239,2026-09-01
55730547644,2024-04-29,Weapon Law Violations,SOCIETY,PRUE,Weapon Law Violations,78240,2026-09-01
61786767519,2024-12-14,Weapon Law Violations,SOCIETY,SOUTH,Weapon Law Violations,78242,2026-09-01
64065304971,2025-05-21,Weapon Law Violations,SOCIETY,EAST,Weapon Law Violations,78244,2026-09-01
58446526393,2024-08-17,Weapon Law Violations,SOCIETY,NORTH,Weapon Law Violations,78247,2026-09-01
62866697545,2025-02-21,Weapon Law Violations,SOCIETY,NORTH,Weapon Law Violations,78247,2026-09-01
61874119990,2024-12-16,Weapon Law Violations,SOCIETY,PRUE,Weapon Law Violations,78249,2026-09-01
49036202433,2023-04-16,Weapon Law Violations,SOCIETY,WEST,Weapon Law Violations,78251,2026-09-01
54317431001,2024-02-22,Weapon Law Violations,SOCIETY,WEST,Weapon Law Violations,78251,2026-09-01
54251588281,2024-02-19,Weapon Law Violations,SOCIETY,PRUE,Weapon Law Violations,78255,2026-09-01
56391492270,2024-05-24,Weapon Law Violations,SOCIETY,CENTRAL,Weapon Law Violations,78201,2026-09-01
60931390411,2024-11-20,Weapon Law Violations,SOCIETY,CENTRAL,Weapon Law Violations,78201,2026-09-01
58447206054,2024-08-18,Weapon Law Violations,SOCIETY,DOWNTOWN,Weapon Law Violations,78205,2026-09-01
63482188582,2025-04-05,Weapon Law Violations,SOCIETY,DOWNTOWN,Weapon Law Violations,78205,2026-09-01
69727162148,2026-04-17,Weapon Law Violations,SOCIETY,DOWNTOWN,Weapon Law Violations,78205,2026-09-01
72389120536,2026-08-26,Weapon Law Violations,SOCIETY,DOWNTOWN,Weapon Law Violations,78205,2026-09-01
57644801797,2024-07-16,Weapon Law Violations,SOCIETY,DOWNTOWN,Weapon Law Violations,78207,2026-09-01
62869276179,2025-02-21,Weapon Law Violations,SOCIETY,CENTRAL,Weapon Law Violations,78207,2026-09-01
66728816696,2025-10-15,Weapon Law Violations,SOCIETY,CENTRAL,Weapon Law Violations,78207,2026-09-01
48305582296,2023-03-31,Weapon Law Violations,SOCIETY,EAST,Weapon Law Violations,78210,2026-09-01
57062161331,2024-06-23,Weapon Law Violations,SOCIETY,EAST,Weapon Law Violations,78210,2026-09-01
65129111721,2025-07-25,Weapon Law Violations,SOCIETY,DOWNTOWN,Weapon Law Violations,78210,2026-09-01
69395392049,2026-03-24,Weapon Law Violations,SOCIETY,SOUTH,Weapon Law Violations,78210,2026-09-01
52844100293,2023-10-31,Weapon Law Violations,SOCIETY,SOUTH,Weapon Law Violations,78211,2026-09-01
53608382439,2024-01-01,Weapon Law Violations,SOCIETY,SOUTH,Weapon Law Violations,78211,2026-09-01
53619843959,2024-01-03,Weapon Law Violations,SOCIETY,SOUTH,Weapon Law Violations,78211,2026-09-01
55825523569,2024-05-03,Weapon Law Violations,SOCIETY,SOUTH,Weapon Law Violations,78211,2026-09-01
40739824322,2023-01-16,Weapon Law Violations,SOCIETY,CENTRAL,Weapon Law Violations,78212,2026-09-01
70802251597,2026-05-30,Weapon Law Violations,SOCIETY,DOWNTOWN,Weapon Law Violations,78212,2026-09-01
42402794377,2023-02-15,Weapon Law Violations,SOCIETY,CENTRAL,Weapon Law Violations,78213,2026-09-01
67062722347,2025-10-30,Weapon Law Violations,SOCIETY,DOWNTOWN,Weapon Law Violations,78215,2026-09-01
71953745887,2026-08-02,Weapon Law Violations,SOCIETY,DOWNTOWN,Weapon Law Violations,78215,2026-09-01
49256598454,2023-04-26,Weapon Law Violations,SOCIETY,NORTH,Weapon Law Violations,78216,2026-09-01
51950278825,2023-08-20,Weapon Law Violations,SOCIETY,NORTH,Weapon Law Violations,78216,2026-09-01
69322697441,2026-03-21,Weapon Law Violations,SOCIETY,NORTH,Weapon Law Violations,78216,2026-09-01
51112897478,2023-06-25,Weapon Law Violations,SOCIETY,EAST,Weapon Law Violations,78218,2026-09-01
68576936328,2026-02-16,Weapon Law Violations,SOCIETY,EAST,Weapon Law Violations,78218,2026-09-01
58090813585,2024-08-03,Weapon Law Violations,SOCIETY,EAST,Weapon Law Violations,78219,2026-09-01
61831082806,2024-12-15,Weapon Law Violations,SOCIETY,EAST,Weapon Law Violations,78219,2026-09-01
55716469250,2024-04-28,Weapon Law Violations,SOCIETY,SOUTH,Weapon Law Violations,78221,2026-09-01
49203843105,2023-04-20,Weapon Law Violations,SOCIETY,SOUTH,Weapon Law Violations,78223,2026-09-01
60211937616,2024-10-26,Weapon Law Violations,SOCIETY,EAST,Weapon Law Violations,78223,2026-09-01
66184641513,2025-09-22,Weapon Law Violations,SOCIETY,EAST,Weapon Law Violations,78223,2026-09-01
69483850076,2026-04-01,Weapon Law Violations,SOCIETY,EAST,Weapon Law Violations,78223,2026-09-01
69836092936,2026-04-25,Weapon Law Violations,SOCIETY,SOUTH,Weapon Law Violations,78223,2026-09-01
49999871006,2023-05-19,Weapon Law Violations,SOCIETY,SOUTH,Weapon Law Violations,78224,2026-09-01
51301340122,2023-07-04,Weapon Law Violations,SOCIETY,SOUTH,Weapon Law Violations,78224,2026-09-01
61578790620,2024-12-12,Weapon Law Violations,SOCIETY,SOUTH,Weapon Law Violations,78224,2026-09-01
63634246008,2025-04-19,Weapon Law Violations,SOCIETY,SOUTH,Weapon Law Violations,78224,2026-09-01
49258532105,2023-04-26,Weapon Law Violations,SOCIETY,SOUTH,Weapon Law Violations,78225,2026-09-01
50975058183,2023-06-09,Weapon Law Violations,SOCIETY,SOUTH,Weapon Law Violations,78225,2026-09-01
54363499913,2024-02-25,Weapon Law Violations,SOCIETY,SOUTH,Weapon Law Violations,78225,2026-09-01
67246574548,2025-11-07,Weapon Law Violations,SOCIETY,SOUTH,Weapon Law Violations,78225,2026-09-01
51050199848,2023-06-18,Weapon Law Violations,SOCIETY,WEST,Weapon Law Violations,78228,2026-09-01
57706429800,2024-07-22,Weapon Law Violations,SOCIETY,CENTRAL,Weapon Law Violations,78228,2026-09-01
62060760591,2024-12-31,Weapon Law Violations,SOCIETY,WEST,Weapon Law Violations,78228,2026-09-01
63598834227,2025-04-16,Weapon Law Violations,SOCIETY,WEST,Weapon Law Violations,78228,2026-09-01
56049257184,2024-05-12,Weapon Law Violations,SOCIETY,PRUE,Weapon Law Violations,78229,2026-09-01
63281580105,2025-03-22,Weapon Law Violations,SOCIETY,PRUE,Weapon Law Violations,78229,2026-09-01
57428738577,2024-07-06,Weapon Law Violations,SOCIETY,PRUE,Weapon Law Violations,78230,2026-09-01
54890764352,2024-03-20,Weapon Law Violations,SOCIETY,CENTRAL,Weapon Law Violations,78237,2026-09-01
41292167840,2023-01-29,Weapon Law Violations,SOCIETY,PRUE,Weapon Law Violations,78238,2026-09-01
50938787428,2023-06-04,Weapon Law Violations,SOCIETY,WEST,Weapon Law Violations,78238,2026-09-01
68805499551,2026-03-04,Weapon Law Violations,SOCIETY,WEST,Weapon Law Violations,78238,2026-09-01
51084397856,2023-06-22,Weapon Law Violations,SOCIETY,SOUTH,Weapon Law Violations,78242,2026-09-01
47394775709,2023-03-23,Weapon Law Violations,SOCIETY,EAST,Weapon Law Violations,78244,2026-09-01
58466947252,2024-08-20,Weapon Law Violations,SOCIETY,WEST,Weapon Law Violations,78245,2026-09-01
72370028052,2026-08-22,Weapon Law Violations,SOCIETY,WEST,Weapon Law Violations,78245,2026-09-01
56573663655,2024-06-04,Weapon Law Violations,SOCIETY,NORTH,Weapon Law Violations,78247,2026-09-01
65396415421,2025-08-10,Weapon Law Violations,SOCIETY,PRUE,Weapon Law Violations,78249,2026-09-01
66167307309,2025-09-22,Weapon Law Violations,SOCIETY,PRUE,Weapon Law Violations,78249,2026-09-01
50065196222,2023-05-24,Weapon Law Violations,SOCIETY,PRUE,Weapon Law Violations,78250,2026-09-01
66365401580,2025-10-06,Weapon Law Violations,SOCIETY,WEST,Weapon Law Violations,78251,2026-09-01
68466204740,2026-02-08,Weapon Law Violations,SOCIETY,NORTH,Weapon Law Violations,78259,2026-09-01
71351325205,2026-07-04,Weapon Law Violations,SOCIETY,PRUE,Weapon Law Violations,Out of Jurisdiction,2026-09-01
60088828352,2024-10-17,Weapon Law Violations,SOCIETY,CENTRAL,Weapon Law Violations,78201,2026-09-01
61942172619,2024-12-21,Weapon Law Violations,SOCIETY,CENTRAL,Weapon Law Violations,78201,2026-09-01
67366925987,2025-11-15,Weapon Law Violations,SOCIETY,WEST,Weapon Law Violations,78201,2026-09-01
55742025755,2024-04-30,Weapon Law Violations,SOCIETY,CENTRAL,Weapon Law Violations,78205,2026-09-01
66364494558,2025-10-04,Weapon Law Violations,SOCIETY,DOWNTOWN,Weapon Law Violations,78205,2026-09-01
41526047949,2023-02-07,Weapon Law Violations,SOCIETY,CENTRAL,Weapon Law Violations,78207,2026-09-01
53440251006,2023-12-17,Weapon Law Violations,SOCIETY,CENTRAL,Weapon Law Violations,78207,2026-09-01
59943498746,2024-10-08,Weapon Law Violations,SOCIETY,CENTRAL,Weapon Law Violations,78207,2026-09-01
65520459255,2025-08-20,Weapon Law Violations,SOCIETY,CENTRAL,Weapon Law Violations,78207,2026-09-01
66655795883,2025-10-12,Weapon Law Violations,SOCIETY,CENTRAL,Weapon Law Violations,78207,2026-09-01
48185408146,2023-03-30,Weapon Law Violations,SOCIETY,NORTH,Weapon Law Violations,78209,2026-09-01
67381271023,2025-11-16,Weapon Law Violations,SOCIETY,DOWNTOWN,Weapon Law Violations,78209,2026-09-01
46661732568,2023-03-16,Weapon Law Violations,SOCIETY,SOUTH,Weapon Law Violations,78210,2026-09-01
48984022814,2023-04-08,Weapon Law Violations,SOCIETY,EAST,Weapon Law Violations,78210,2026-09-01
51133068857,2023-06-27,Weapon Law Violations,SOCIETY,EAST,Weapon Law Violations,78210,2026-09-01
53014267499,2023-11-13,Weapon Law Violations,SOCIETY,EAST,Weapon Law Violations,78210,2026-09-01
68678631913,2026-02-24,Weapon Law Violations,SOCIETY,EAST,Weapon Law Violations,78210,2026-09-01
41579180267,2023-02-08,Weapon Law Violations,SOCIETY,SOUTH,Weapon Law Violations,78211,2026-09-01
44442789463,2023-03-01,Weapon Law Violations,SOCIETY,SOUTH,Weapon Law Violations,78211,2026-09-01
63704962978,2025-04-27,Weapon Law Violations,SOCIETY,SOUTH,Weapon Law Violations,78211,2026-09-01
54037937742,2024-02-05,Weapon Law Violations,SOCIETY,CENTRAL,Weapon Law Violations,78212,2026-09-01
64913269356,2025-07-11,Weapon Law Violations,SOCIETY,DOWNTOWN,Weapon Law Violations,78212,2026-09-01
66363582866,2025-10-08,Weapon Law Violations,SOCIETY,CENTRAL,Weapon Law Violations,78212,2026-09-01
70582460973,2026-05-21,Weapon Law Violations,SOCIETY,NORTH,Weapon Law Violations,78213,2026-09-01
51546136309,2023-07-29,Weapon Law Violations,SOCIETY,SOUTH,Weapon Law Violations,78214,2026-09-01
62180419250,2025-01-06,Weapon Law Violations,SOCIETY,SOUTH,Weapon Law Violations,78214,2026-09-01
64845404636,2025-07-07,Weapon Law Violations,SOCIETY,SOUTH,Weapon Law Violations,78214,2026-09-01
39327307007,2023-01-01,Weapon Law Violations,SOCIETY,NORTH,Weapon Law Violations,78216,2026-09-01
40718784822,2023-01-15,Weapon Law Violations,SOCIETY,NORTH,Weapon Law Violations,78216,2026-09-01
41290595926,2023-01-29,Weapon Law Violations,SOCIETY,NORTH,Weapon Law Violations,78216,2026-09-01
52091132948,2023-09-01,Weapon Law Violations,SOCIETY,NORTH,Weapon Law Violations,78216,2026-09-01
55932249614,2024-05-06,Weapon Law Violations,SOCIETY,NORTH,Weapon Law Violations,78216,2026-09-01
66751649474,2025-10-16,Weapon Law Violations,SOCIETY,NORTH,Weapon Law Violations,78216,2026-09-01
60821966805,2024-11-14,Weapon Law Violations,SOCIETY,NORTH,Weapon Law Violations,78217,2026-09-01
68163913270,2026-01-13,Weapon Law Violations,SOCIETY,EAST,Weapon Law Violations,78218,2026-09-01
49290957233,2023-04-27,Weapon Law Violations,SOCIETY,EAST,Weapon Law Violations,78220,2026-09-01
66322791650,2025-10-01,Weapon Law Violations,SOCIETY,EAST,Weapon Law Violations,78220,2026-09-01
49239034943,2023-04-24,Weapon Law Violations,SOCIETY,SOUTH,Weapon Law Violations,78221,2026-09-01
59876042101,2024-10-05,Weapon Law Violations,SOCIETY,SOUTH,Weapon Law Violations,78221,2026-09-01
51287322559,2023-07-03,Weapon Law Violations,SOCIETY,SOUTH,Weapon Law Violations,78223,2026-09-01
56432310534,2024-05-27,Weapon Law Violations,SOCIETY,EAST,Weapon Law Violations,78223,2026-09-01
50948973894,2023-06-05,Weapon Law Violations,SOCIETY,SOUTH,Weapon Law Violations,78224,2026-09-01
61001301036,2024-11-26,Weapon Law Violations,SOCIETY,SOUTH,Weapon Law Violations,78224,2026-09-01
63293218181,2025-03-23,Weapon Law Violations,SOCIETY,SOUTH,Weapon Law Violations,78225,2026-09-01
49364407797,2023-05-07,Weapon Law Violations,SOCIETY,SOUTH,Weapon Law Violations,78226,2026-09-01
64542653744,2025-06-16,Weapon Law Violations,SOCIETY,SOUTH,Weapon Law Violations,78226,2026-09-01
41829308340,2023-02-10,Weapon Law Violations,SOCIETY,WEST,Weapon Law Violations,78227,2026-09-01
48997981369,2023-04-11,Weapon Law Violations,SOCIETY,WEST,Weapon Law Violations,78227,2026-09-01
53678412708,2024-01-08,Weapon Law Violations,SOCIETY,WEST,Weapon Law Violations,78227,2026-09-01
61899608354,2024-12-18,Weapon Law Violations,SOCIETY,SOUTH,Weapon Law Violations,78227,2026-09-01
65519568155,2025-08-19,Weapon Law Violations,SOCIETY,WEST,Weapon Law Violations,78227,2026-09-01
67363388016,2025-11-14,Weapon Law Violations,SOCIETY,WEST,Weapon Law Violations,78227,2026-09-01
50999860799,2023-06-12,Weapon Law Violations,SOCIETY,WEST,Weapon Law Violations,78228,2026-09-01
54713014788,2024-03-13,Weapon Law Violations,SOCIETY,WEST,Weapon Law Violations,78228,2026-09-01
56101309396,2024-05-17,Weapon Law Violations,SOCIETY,WEST,Weapon Law Violations,78228,2026-09-01
56912283025,2024-06-23,Weapon Law Violations,SOCIETY,WEST,Weapon Law Violations,78228,2026-09-01
62574384856,2025-02-02,Weapon Law Violations,SOCIETY,WEST,Weapon Law Violations,78228,2026-09-01
64522785057,2025-06-14,Weapon Law Violations,SOCIETY,CENTRAL,Weapon Law Violations,78228,2026-09-01
53544828323,2023-12-24,Weapon Law Violations,SOCIETY,PRUE,Weapon Law Violations,78229,2026-09-01
66966117314,2025-10-29,Weapon Law Violations,SOCIETY,WEST,Weapon Law Violations,78229,2026-09-01
71939733952,2026-07-31,Weapon Law Violations,SOCIETY,PRUE,Weapon Law Violations,78229,2026-09-01
49295263101,2023-04-28,Weapon Law Violations,SOCIETY,PRUE,Weapon Law Violations,78230,2026-09-01
60668793060,2024-11-08,Weapon Law Violations,SOCIETY,PRUE,Weapon Law Violations,78230,2026-09-01
69765239415,2026-04-20,Weapon Law Violations,SOCIETY,PRUE,Weapon Law Violations,78230,2026-09-01
70828849721,2026-06-01,Weapon Law Violations,SOCIETY,PRUE,Weapon Law Violations,78240,2026-09-01
49017995224,2023-04-13,Weapon Law Violations,SOCIETY,SOUTH,Weapon Law Violations,78242,2026-09-01
67600842589,2025-11-29,Weapon Law Violations,SOCIETY,SOUTH,Weapon Law Violations,78242,2026-09-01
52404108316,2023-09-23,Weapon Law Violations,SOCIETY,NORTH,Weapon Law Violations,78247,2026-09-01
50111983500,2023-05-29,Weapon Law Violations,SOCIETY,PRUE,Weapon Law Violations,78249,2026-09-01
51350687408,2023-07-10,Weapon Law Violations,SOCIETY,PRUE,Weapon Law Violations,78249,2026-09-01
62224027411,2025-01-10,Weapon Law Violations,SOCIETY,PRUE,Weapon Law Violations,78249,2026-09-01
64683596127,2025-06-25,Weapon Law Violations,SOCIETY,PRUE,Weapon Law Violations,78249,2026-09-01
62051236006,2024-12-30,Weapon Law Violations,SOCIETY,WEST,Weapon Law Violations,78251,2026-09-01
64108293772,2025-05-23,Weapon Law Violations,SOCIETY,WEST,Weapon Law Violations,78251,2026-09-01
62587973980,2025-02-03,Weapon Law Violations,SOCIETY,NORTH,Weapon Law Violations,78266,2026-09-01
41883550906,2023-02-11,Weapon Law Violations,SOCIETY,CENTRAL,Weapon Law Violations,78201,2026-09-01
62205818483,2025-01-09,Weapon Law Violations,SOCIETY,DOWNTOWN,Weapon Law Violations,78201,2026-09-01
66969096806,2025-10-29,Weapon Law Violations,SOCIETY,WEST,Weapon Law Violations,78201,2026-09-01
66124023170,2025-09-19,Weapon Law Violations,SOCIETY,DOWNTOWN,Weapon Law Violations,78205,2026-09-01
67241277016,2025-11-06,Weapon Law Violations,SOCIETY,DOWNTOWN,Weapon Law Violations,78205,2026-09-01
70342504930,2026-05-07,Weapon Law Violations,SOCIETY,DOWNTOWN,Weapon Law Violations,78205,2026-09-01
55537703399,2024-04-17,Weapon Law Violations,SOCIETY,CENTRAL,Weapon Law Violations,78207,2026-09-01
65012759247,2025-07-18,Weapon Law Violations,SOCIETY,CENTRAL,Weapon Law Violations,78207,2026-09-01
72037050833,2026-08-07,Weapon Law Violations,SOCIETY,CENTRAL,Weapon Law Violations,78207,2026-09-01
62849714406,2025-02-19,Weapon Law Violations,SOCIETY,NORTH,Weapon Law Violations,78209,2026-09-01
51159262821,2023-06-29,Weapon Law Violations,SOCIETY,EAST,Weapon Law Violations,78210,2026-09-01
48532684029,2023-04-02,Weapon Law Violations,SOCIETY,CENTRAL,Weapon Law Violations,78212,2026-09-01
50967279058,2023-06-08,Weapon Law Violations,SOCIETY,CENTRAL,Weapon Law Violations,78212,2026-09-01
66099038653,2025-09-17,Weapon Law Violations,SOCIETY,DOWNTOWN,Weapon Law Violations,78212,2026-09-01
67694559715,2025-12-06,Weapon Law Violations,SOCIETY,CENTRAL,Weapon Law Violations,78212,2026-09-01
68024861078,2026-01-03,Weapon Law Violations,SOCIETY,DOWNTOWN,Weapon Law Violations,78212,2026-09-01
63693306696,2025-04-25,Weapon Law Violations,SOCIETY,CENTRAL,Weapon Law Violations,78213,2026-09-01
51020484354,2023-06-15,Weapon Law Violations,SOCIETY,SOUTH,Weapon Law Violations,78214,2026-09-01
54557289163,2024-03-02,Weapon Law Violations,SOCIETY,SOUTH,Weapon Law Violations,78214,2026-09-01
55792703514,2024-05-03,Weapon Law Violations,SOCIETY,SOUTH,Weapon Law Violations,78214,2026-09-01
66286120419,2025-09-28,Weapon Law Violations,SOCIETY,SOUTH,Weapon Law Violations,78214,2026-09-01
49795964368,2023-05-16,Weapon Law Violations,SOCIETY,NORTH,Weapon Law Violations,78216,2026-09-01
52588750725,2023-10-14,Weapon Law Violations,SOCIETY,NORTH,Weapon Law Violations,78216,2026-09-01
60369173324,2024-11-02,Weapon Law Violations,SOCIETY,NORTH,Weapon Law Violations,78216,2026-09-01
63732621359,2025-04-29,Weapon Law Violations,SOCIETY,NORTH,Weapon Law Violations,78216,2026-09-01
45002838000,2023-03-05,Weapon Law Violations,SOCIETY,NORTH,Weapon Law Violations,78217,2026-09-01
55896012059,2024-05-05,Weapon Law Violations,SOCIETY,NORTH,Weapon Law Violations,78217,2026-09-01
69040460554,2026-03-06,Weapon Law Violations,SOCIETY,EAST,Weapon Law Violations,78218,2026-09-01
54341997679,2024-02-23,Weapon Law Violations,SOCIETY,EAST,Weapon Law Violations,78219,2026-09-01
39331203417,2023-01-02,Weapon Law Violations,SOCIETY,EAST,Weapon Law Violations,78220,2026-09-01
38706924704,2023-01-04,Weapon Law Violations,SOCIETY,EAST,Weapon Law Violations,78220,2026-09-01
69581210061,2026-04-08,Weapon Law Violations,SOCIETY,EAST,Weapon Law Violations,78222,2026-09-01
50068251826,2023-05-24,Weapon Law Violations,SOCIETY,EAST,Weapon Law Violations,78223,2026-09-01
51357745435,2023-07-11,Weapon Law Violations,SOCIETY,SOUTH,Weapon Law Violations,78223,2026-09-01
72187405245,2026-08-13,Weapon Law Violations,SOCIETY,SOUTH,Weapon Law Violations,78223,2026-09-01
63790284791,2025-05-03,Weapon Law Violations,SOCIETY,SOUTH,Weapon Law Violations,78224,2026-09-01
47942337022,2023-03-28,Weapon Law Violations,SOCIETY,SOUTH,Weapon Law Violations,78225,2026-09-01
50032526552,2023-05-21,Weapon Law Violations,SOCIETY,WEST,Weapon Law Violations,78227,2026-09-01
52831197216,2023-10-29,Weapon Law Violations,SOCIETY,WEST,Weapon Law Violations,78227,2026-09-01
62352120264,2025-01-19,Weapon Law Violations,SOCIETY,SOUTH,Weapon Law Violations,78227,2026-09-01
63878806169,2025-05-08,Weapon Law Violations,SOCIETY,WEST,Weapon Law Violations,78227,2026-09-01
63917379748,2025-05-09,Weapon Law Violations,SOCIETY,SOUTH,Weapon Law Violations,78227,2026-09-01
69656117657,2026-04-13,Weapon Law Violations,SOCIETY,WEST,Weapon Law Violations,78227,2026-09-01
40738869049,2023-01-16,Weapon Law Violations,SOCIETY,CENTRAL,Weapon Law Violations,78228,2026-09-01
68466585856,2026-02-08,Weapon Law Violations,SOCIETY,WEST,Weapon Law Violations,78228,2026-09-01
51018890666,2023-06-14,Weapon Law Violations,SOCIETY,PRUE,Weapon Law Violations,78230,2026-09-01
51345851356,2023-07-09,Weapon Law Violations,SOCIETY,PRUE,Weapon Law Violations,78230,2026-09-01
69533309664,2026-04-04,Weapon Law Violations,SOCIETY,PRUE,Weapon Law Violations,78230,2026-09-01
71256502893,2026-07-02,Weapon Law Violations,SOCIETY,NORTH,Weapon Law Violations,78233,2026-09-01
49007790810,2023-04-12,Weapon Law Violations,SOCIETY,WEST,Weapon Law Violations,78237,2026-09-01
49340322877,2023-05-04,Weapon Law Violations,SOCIETY,WEST,Weapon Law Violations,78237,2026-09-01
57142544665,2024-06-25,Weapon Law Violations,SOCIETY,WEST,Weapon Law Violations,78237,2026-09-01
67968316359,2025-12-28,Weapon Law Violations,SOCIETY,WEST,Weapon Law Violations,78238,2026-09-01
65525246621,2025-08-20,Weapon Law Violations,SOCIETY,WEST,Weapon Law Violations,78245,2026-09-01
66399993790,2025-10-07,Weapon Law Violations,SOCIETY,WEST,Weapon Law Violations,78245,2026-09-01
41436883934,2023-02-03,Weapon Law Violations,SOCIETY,NORTH,Weapon Law Violations,78247,2026-09-01
65470499721,2025-08-15,Weapon Law Violations,SOCIETY,NORTH,Weapon Law Violations,78247,2026-09-01
63312542750,2025-03-24,Weapon Law Violations,SOCIETY,WEST,Weapon Law Violations,78251,2026-09-01
52589366617,2023-10-14,Weapon Law Violations,SOCIETY,CENTRAL,Weapon Law Violations,78201,2026-09-01
68448074982,2026-02-06,Weapon Law Violations,SOCIETY,EAST,Weapon Law Violations,78202,2026-09-01
46216207571,2023-03-12,Weapon Law Violations,SOCIETY,EAST,Weapon Law Violations,78203,2026-09-01
62484529420,2025-01-28,Weapon Law Violations,SOCIETY,EAST,Weapon Law Violations,78203,2026-09-01
68740077134,2026-02-28,Weapon Law Violations,SOCIETY,EAST,Weapon Law Violations,78203,2026-09-01
69839005566,2026-04-25,Weapon Law Violations,SOCIETY,EAST,Weapon Law Violations,78203,2026-09-01
58246468528,2024-08-09,Weapon Law Violations,SOCIETY,EAST,Weapon Law Violations,78205,2026-09-01
39853234465,2023-01-06,Weapon Law Violations,SOCIETY,CENTRAL,Weapon Law Violations,78207,2026-09-01
55696720874,2024-04-27,Weapon Law Violations,SOCIETY,CENTRAL,Weapon Law Violations,78207,2026-09-01
63655849083,2025-04-22,Weapon Law Violations,SOCIETY,CENTRAL,Weapon Law Violations,78207,2026-09-01
63934383585,2025-05-11,Weapon Law Violations,SOCIETY,CENTRAL,Weapon Law Violations,78207,2026-09-01
71167270052,2026-06-26,Weapon Law Violations,SOCIETY,CENTRAL,Weapon Law Violations,78207,2026-09-01
47500099323,2023-03-24,Weapon Law Violations,SOCIETY,NORTH,Weapon Law Violations,78209,2026-09-01
45476108709,2023-03-09,Weapon Law Violations,SOCIETY,WEST,Weapon Law Violations,78210,2026-09-01
53807249541,2024-01-16,Weapon Law Violations,SOCIETY,EAST,Weapon Law Violations,78210,2026-09-01
63753064829,2025-04-30,Weapon Law Violations,SOCIETY,SOUTH,Weapon Law Violations,78210,2026-09-01
67958360177,2025-12-28,Weapon Law Violations,SOCIETY,DOWNTOWN,Weapon Law Violations,78210,2026-09-01
57164466630,2024-06-26,Weapon Law Violations,SOCIETY,SOUTH,Weapon Law Violations,78211,2026-09-01
59876368627,2024-10-05,Weapon Law Violations,SOCIETY,SOUTH,Weapon Law Violations,78211,2026-09-01
49203656713,2023-04-20,Weapon Law Violations,SOCIETY,CENTRAL,Weapon Law Violations,78212,2026-09-01
40695886842,2023-01-15,Weapon Law Violations,SOCIETY,SOUTH,Weapon Law Violations,78214,2026-09-01
57505389404,2024-07-09,Weapon Law Violations,SOCIETY,SOUTH,Weapon Law Violations,78214,2026-09-01
62879740505,2025-02-22,Weapon Law Violations,SOCIETY,NORTH,Weapon Law Violations,78216,2026-09-01
45839983333,2023-03-10,Weapon Law Violations,SOCIETY,NORTH,Weapon Law Violations,78217,2026-09-01
58510442595,2024-08-23,Weapon Law Violations,SOCIETY,EAST,Weapon Law Violations,78218,2026-09-01
63222489861,2025-03-18,Weapon Law Violations,SOCIETY,EAST,Weapon Law Violations,78218,2026-09-01
47611552731,2023-03-25,Weapon Law Violations,SOCIETY,EAST,Weapon Law Violations,78220,2026-09-01
49802489454,2023-05-16,Weapon Law Violations,SOCIETY,EAST,Weapon Law Violations,78220,2026-09-01
51070063583,2023-06-21,Weapon Law Violations,SOCIETY,EAST,Weapon Law Violations,78220,2026-09-01
54184877086,2024-02-16,Weapon Law Violations,SOCIETY,EAST,Weapon Law Violations,78220,2026-09-01
60223223260,2024-10-27,Weapon Law Violations,SOCIETY,EAST,Weapon Law Violations,78220,2026-09-01
51931145564,2023-08-17,Weapon Law Violations,SOCIETY,SOUTH,Weapon Law Violations,78221,2026-09-01
53439620548,2023-12-17,Weapon Law Violations,SOCIETY,SOUTH,Weapon Law Violations,78221,2026-09-01
67396462529,2025-11-16,Weapon Law Violations,SOCIETY,SOUTH,Weapon Law Violations,78221,2026-09-01
68780067127,2026-03-02,Weapon Law Violations,SOCIETY,SOUTH,Weapon Law Violations,78224,2026-09-01
66145258126,2025-09-20,Weapon Law Violations,SOCIETY,SOUTH,Weapon Law Violations,78225,2026-09-01
71943823054,2026-08-01,Weapon Law Violations,SOCIETY,SOUTH,Weapon Law Violations,78225,2026-09-01
63533652082,2025-04-11,Weapon Law Violations,SOCIETY,WEST,Weapon Law Violations,78227,2026-09-01
71728511350,2026-07-18,Weapon Law Violations,SOCIETY,WEST,Weapon Law Violations,78227,2026-09-01
57125874069,2024-06-24,Weapon Law Violations,SOCIETY,WEST,Weapon Law Violations,78228,2026-09-01
50088160835,2023-05-26,Weapon Law Violations,SOCIETY,PRUE,Weapon Law Violations,78230,2026-09-01
52705156845,2023-10-21,Weapon Law Violations,SOCIETY,PRUE,Weapon Law Violations,78230,2026-09-01
64739343508,2025-06-28,Weapon Law Violations,SOCIETY,PRUE,Weapon Law Violations,78230,2026-09-01
55661418669,2024-04-24,Weapon Law Violations,SOCIETY,NORTH,Weapon Law Violations,78232,2026-09-01
69351488324,2026-03-23,Weapon Law Violations,SOCIETY,NORTH,Weapon Law Violations,78232,2026-09-01
67585038578,2025-11-28,Weapon Law Violations,SOCIETY,SOUTH,Weapon Law Violations,78235,2026-09-01
54184041814,2024-02-15,Weapon Law Violations,SOCIETY,WEST,Weapon Law Violations,78237,2026-09-01
51045471076,2023-06-17,Weapon Law Violations,SOCIETY,PRUE,Weapon Law Violations,78240,2026-09-01
67175963077,2025-11-03,Weapon Law Violations,SOCIETY,PRUE,Weapon Law Violations,78240,2026-09-01
52490633018,2023-10-02,Weapon Law Violations,SOCIETY,SOUTH,Weapon Law Violations,78242,2026-09-01
57454503864,2024-07-07,Weapon Law Violations,SOCIETY,SOUTH,Weapon Law Violations,78242,2026-09-01
63570806809,2025-04-14,Weapon Law Violations,SOCIETY,SOUTH,Weapon Law Violations,78242,2026-09-01
60411859763,2024-11-05,Weapon Law Violations,SOCIETY,PRUE,Weapon Law Violations,78249,2026-09-01
63099901278,2025-03-08,Weapon Law Violations,SOCIETY,PRUE,Weapon Law Violations,78249,2026-09-01
53098835975,2023-11-18,Weapon Law Violations,SOCIETY,PRUE,Weapon Law Violations,78288,2026-09-01
66570407050,2025-10-09,Weapon Law Violations,SOCIETY,SOUTH,Weapon Law Violations,Out of Jurisdiction,2026-09-01
51924305135,2023-08-17,Weapon Law Violations,SOCIETY,WEST,Weapon Law Violations,78201,2026-09-01
65015132646,2025-07-18,Weapon Law Violations,SOCIETY,WEST,Weapon Law Violations,78201,2026-09-01
51933712359,2023-08-18,Weapon Law Violations,SOCIETY,EAST,Weapon Law Violations,78202,2026-09-01
55642475855,2024-04-22,Weapon Law Violations,SOCIETY,EAST,Weapon Law Violations,78202,2026-09-01
62760332876,2025-02-13,Weapon Law Violations,SOCIETY,EAST,Weapon Law Violations,78202,2026-09-01
59862845821,2024-10-04,Weapon Law Violations,SOCIETY,SOUTH,Weapon Law Violations,78204,2026-09-01
65629749809,2025-08-28,Weapon Law Violations,SOCIETY,DOWNTOWN,Weapon Law Violations,78205,2026-09-01
69681650923,2026-04-15,Weapon Law Violations,SOCIETY,DOWNTOWN,Weapon Law Violations,78205,2026-09-01
49252267566,2023-04-25,Weapon Law Violations,SOCIETY,CENTRAL,Weapon Law Violations,78207,2026-09-01
54090501834,2024-02-07,Weapon Law Violations,SOCIETY,CENTRAL,Weapon Law Violations,78207,2026-09-01
55292124863,2024-04-09,Weapon Law Violations,SOCIETY,CENTRAL,Weapon Law Violations,78207,2026-09-01
56463703061,2024-05-30,Weapon Law Violations,SOCIETY,CENTRAL,Weapon Law Violations,78207,2026-09-01
58245835706,2024-08-09,Weapon Law Violations,SOCIETY,CENTRAL,Weapon Law Violations,78207,2026-09-01
51073965395,2023-06-21,Weapon Law Violations,SOCIETY,CENTRAL,Weapon Law Violations,78209,2026-09-01
41798552736,2023-02-10,Weapon Law Violations,SOCIETY,SOUTH,Weapon Law Violations,78210,2026-09-01
53391401136,2023-12-13,Weapon Law Violations,SOCIETY,SOUTH,Weapon Law Violations,78210,2026-09-01
63552954614,2025-04-12,Weapon Law Violations,SOCIETY,SOUTH,Weapon Law Violations,78210,2026-09-01
69580785464,2026-04-08,Weapon Law Violations,SOCIETY,EAST,Weapon Law Violations,78210,2026-09-01
51085723134,2023-06-22,Weapon Law Violations,SOCIETY,SOUTH,Weapon Law Violations,78211,2026-09-01
72092414875,2026-08-11,Weapon Law Violations,SOCIETY,DOWNTOWN,Weapon Law Violations,78212,2026-09-01
64599304917,2025-06-20,Weapon Law Violations,SOCIETY,CENTRAL,Weapon Law Violations,78213,2026-09-01
67291125205,2025-11-09,Weapon Law Violations,SOCIETY,CENTRAL,Weapon Law Violations,78213,2026-09-01
39852289217,2023-01-06,Weapon Law Violations,SOCIETY,SOUTH,Weapon Law Violations,78214,2026-09-01
68706541987,2026-02-25,Weapon Law Violations,SOCIETY,SOUTH,Weapon Law Violations,78214,2026-09-01
62809411483,2025-02-16,Weapon Law Violations,SOCIETY,DOWNTOWN,Weapon Law Violations,78215,2026-09-01
66899936779,2025-10-28,Weapon Law Violations,SOCIETY,DOWNTOWN,Weapon Law Violations,78215,2026-09-01
52349783513,2023-09-18,Weapon Law Violations,SOCIETY,NORTH,Weapon Law Violations,78216,2026-09-01
54057215644,2024-02-06,Weapon Law Violations,SOCIETY,NORTH,Weapon Law Violations,78216,2026-09-01
55983684498,2024-05-07,Weapon Law Violations,SOCIETY,NORTH,Weapon Law Violations,78216,2026-09-01
61426348631,2024-12-07,Weapon Law Violations,SOCIETY,NORTH,Weapon Law Violations,78216,2026-09-01
69560797180,2026-04-06,Weapon Law Violations,SOCIETY,NORTH,Weapon Law Violations,78216,2026-09-01
49977855486,2023-05-19,Weapon Law Violations,SOCIETY,NORTH,Weapon Law Violations,78217,2026-09-01
52321910107,2023-09-18,Weapon Law Violations,SOCIETY,NORTH,Weapon Law Violations,78217,2026-09-01
62908602902,2025-02-25,Weapon Law Violations,SOCIETY,NORTH,Weapon Law Violations,78217,2026-09-01
53574493439,2023-12-28,Weapon Law Violations,SOCIETY,EAST,Weapon Law Violations,78218,2026-09-01
61968730066,2024-12-22,Weapon Law Violations,SOCIETY,EAST,Weapon Law Violations,78218,2026-09-01
60899620678,2024-11-20,Weapon Law Violations,SOCIETY,EAST,Weapon Law Violations,78219,2026-09-01
67828279613,2025-12-16,Weapon Law Violations,SOCIETY,EAST,Weapon Law Violations,78219,2026-09-01
60312902846,2024-10-31,Weapon Law Violations,SOCIETY,EAST,Weapon Law Violations,78220,2026-09-01
67482625726,2025-11-22,Weapon Law Violations,SOCIETY,EAST,Weapon Law Violations,78220,2026-09-01
43084798464,2023-02-22,Weapon Law Violations,SOCIETY,SOUTH,Weapon Law Violations,78221,2026-09-01
57502282156,2024-07-09,Weapon Law Violations,SOCIETY,SOUTH,Weapon Law Violations,78221,2026-09-01
71462129703,2026-07-07,Weapon Law Violations,SOCIETY,SOUTH,Weapon Law Violations,78221,2026-09-01
62328541087,2025-01-18,Weapon Law Violations,SOCIETY,EAST,Weapon Law Violations,78222,2026-09-01
52583682641,2023-10-14,Weapon Law Violations,SOCIETY,EAST,Weapon Law Violations,78223,2026-09-01
64306032550,2025-06-03,Weapon Law Violations,SOCIETY,SOUTH,Weapon Law Violations,78223,2026-09-01
67761478339,2025-12-10,Weapon Law Violations,SOCIETY,SOUTH,Weapon Law Violations,78223,2026-09-01
57195681641,2024-06-28,Weapon Law Violations,SOCIETY,SOUTH,Weapon Law Violations,78224,2026-09-01
62048587782,2024-12-29,Weapon Law Violations,SOCIETY,SOUTH,Weapon Law Violations,78225,2026-09-01
51477162631,2023-07-24,Weapon Law Violations,SOCIETY,SOUTH,Weapon Law Violations,78226,2026-09-01
48309751395,2023-03-31,Weapon Law Violations,SOCIETY,SOUTH,Weapon Law Violations,78227,2026-09-01
49353463521,2023-05-06,Weapon Law Violations,SOCIETY,WEST,Weapon Law Violations,78227,2026-09-01
53149698275,2023-11-24,Weapon Law Violations,SOCIETY,WEST,Weapon Law Violations,78227,2026-09-01
67793351573,2025-12-13,Weapon Law Violations,SOCIETY,WEST,Weapon Law Violations,78227,2026-09-01
52461327942,2023-09-28,Weapon Law Violations,SOCIETY,CENTRAL,Weapon Law Violations,78228,2026-09-01
54576150942,2024-03-04,Weapon Law Violations,SOCIETY,WEST,Weapon Law Violations,78228,2026-09-01
62951890246,2025-02-28,Weapon Law Violations,SOCIETY,WEST,Weapon Law Violations,78228,2026-09-01
54998452966,2024-03-25,Weapon Law Violations,SOCIETY,PRUE,Weapon Law Violations,78229,2026-09-01
55476576935,2024-04-15,Weapon Law Violations,SOCIETY,PRUE,Weapon Law Violations,78229,2026-09-01
58772917072,2024-09-06,Weapon Law Violations,SOCIETY,PRUE,Weapon Law Violations,78229,2026-09-01
67831874883,2025-12-16,Weapon Law Violations,SOCIETY,PRUE,Weapon Law Violations,78229,2026-09-01
49372663632,2023-05-08,Weapon Law Violations,SOCIETY,PRUE,Weapon Law Violations,78230,2026-09-01
57956095597,2024-07-28,Weapon Law Violations,SOCIETY,PRUE,Weapon Law Violations,78230,2026-09-01
64286233004,2025-06-01,Weapon Law Violations,SOCIETY,CENTRAL,Weapon Law Violations,78230,2026-09-01
67524948877,2025-11-24,Weapon Law Violations,SOCIETY,NORTH,Weapon Law Violations,78233,2026-09-01
41552097184,2023-02-07,Weapon Law Violations,SOCIETY,CENTRAL,Weapon Law Violations,78237,2026-09-01
41822233051,2023-02-10,Weapon Law Violations,SOCIETY,WEST,Weapon Law Violations,78237,2026-09-01
54024684407,2024-02-04,Weapon Law Violations,SOCIETY,WEST,Weapon Law Violations,78237,2026-09-01
69986861988,2026-04-29,Weapon Law Violations,SOCIETY,WEST,Weapon Law Violations,78237,2026-09-01
71018923168,2026-06-15,Weapon Law Violations,SOCIETY,WEST,Weapon Law Violations,78237,2026-09-01
62824893211,2025-02-17,Weapon Law Violations,SOCIETY,WEST,Weapon Law Violations,78238,2026-09-01
52862493974,2023-11-01,Weapon Law Violations,SOCIETY,PRUE,Weapon Law Violations,78240,2026-09-01
66206778073,2025-09-23,Weapon Law Violations,SOCIETY,PRUE,Weapon Law Violations,78240,2026-09-01
39305394680,2023-01-01,Weapon Law Violations,SOCIETY,SOUTH,Weapon Law Violations,78242,2026-09-01
41266961814,2023-01-28,Weapon Law Violations,SOCIETY,SOUTH,Weapon Law Violations,78242,2026-09-01
69880814225,2026-04-28,Weapon Law Violations,SOCIETY,SOUTH,Weapon Law Violations,78243,2026-09-01
60935507392,2024-11-20,Weapon Law Violations,SOCIETY,NORTH,Weapon Law Violations,78247,2026-09-01
71234344519,2026-06-30,Weapon Law Violations,SOCIETY,NORTH,Weapon Law Violations,78247,2026-09-01
54325660276,2024-02-23,Weapon Law Violations,SOCIETY,PRUE,Weapon Law Violations,78249,2026-09-01
67744106877,2025-12-09,Weapon Law Violations,SOCIETY,PRUE,Weapon Law Violations,78249,2026-09-01
64016233626,2025-05-16,Weapon Law Violations,SOCIETY,WEST,Weapon Law Violations,78251,2026-09-01
41688405147,2023-02-09,Weapon Law Violations,SOCIETY,PRUE,Weapon Law Violations,78256,2026-09-01
71234104254,2026-06-30,Weapon Law Violations,SOCIETY,PRUE,Weapon Law Violations,78257,2026-09-01
54242185045,2024-02-18,Weapon Law Violations,SOCIETY,EAST,Weapon Law Violations,Out of Jurisdiction,2026-09-01
49824561260,2023-05-16,Weapon Law Violations,SOCIETY,WEST,Weapon Law Violations,78201,2026-09-01
53547541642,2023-12-24,Weapon Law Violations,SOCIETY,WEST,Weapon Law Violations,78201,2026-09-01
70975573605,2026-06-12,Weapon Law Violations,SOCIETY,WEST,Weapon Law Violations,78201,2026-09-01
54712655416,2024-03-13,Weapon Law Violations,SOCIETY,EAST,Weapon Law Violations,78202,2026-09-01
55784303113,2024-05-02,Weapon Law Violations,SOCIETY,EAST,Weapon Law Violations,78202,2026-09-01
69907508390,2026-04-29,Weapon Law Violations,SOCIETY,DOWNTOWN,Weapon Law Violations,78204,2026-09-01
41582432532,2023-02-08,Weapon Law Violations,SOCIETY,CENTRAL,Weapon Law Violations,78205,2026-09-01
58124642302,2024-08-05,Weapon Law Violations,SOCIETY,DOWNTOWN,Weapon Law Violations,78205,2026-09-01
51455181601,2023-07-21,Weapon Law Violations,SOCIETY,CENTRAL,Weapon Law Violations,78207,2026-09-01
59637427861,2024-09-27,Weapon Law Violations,SOCIETY,CENTRAL,Weapon Law Violations,78207,2026-09-01
46465582646,2023-03-15,Weapon Law Violations,SOCIETY,SOUTH,Weapon Law Violations,78210,2026-09-01
67670746303,2025-12-04,Weapon Law Violations,SOCIETY,EAST,Weapon Law Violations,78210,2026-09-01
69732276385,2026-04-18,Weapon Law Violations,SOCIETY,EAST,Weapon Law Violations,78210,2026-09-01
62225556933,2025-01-10,Weapon Law Violations,SOCIETY,SOUTH,Weapon Law Violations,78211,2026-09-01
52457396731,2023-09-28,Weapon Law Violations,SOCIETY,CENTRAL,Weapon Law Violations,78212,2026-09-01
56226786950,2024-05-20,Weapon Law Violations,SOCIETY,CENTRAL,Weapon Law Violations,78212,2026-09-01
57164049643,2024-06-25,Weapon Law Violations,SOCIETY,DOWNTOWN,Weapon Law Violations,78212,2026-09-01
69031486056,2026-03-06,Weapon Law Violations,SOCIETY,WEST,Weapon Law Violations,78213,2026-09-01
68338754275,2026-01-29,Weapon Law Violations,SOCIETY,SOUTH,Weapon Law Violations,78214,2026-09-01
48981556854,2023-04-08,Weapon Law Violations,SOCIETY,NORTH,Weapon Law Violations,78216,2026-09-01
51303138953,2023-07-04,Weapon Law Violations,SOCIETY,NORTH,Weapon Law Violations,78216,2026-09-01
56875700175,2024-06-15,Weapon Law Violations,SOCIETY,NORTH,Weapon Law Violations,78216,2026-09-01
56975818257,2024-06-21,Weapon Law Violations,SOCIETY,NORTH,Weapon Law Violations,78216,2026-09-01
61430256622,2024-12-08,Weapon Law Violations,SOCIETY,PRUE,Weapon Law Violations,78216,2026-09-01
62373553932,2025-01-20,Weapon Law Violations,SOCIETY,NORTH,Weapon Law Violations,78216,2026-09-01
64380422863,2025-06-07,Weapon Law Violations,SOCIETY,NORTH,Weapon Law Violations,78216,2026-09-01
65736536156,2025-09-05,Weapon Law Violations,SOCIETY,NORTH,Weapon Law Violations,78216,2026-09-01
55698081993,2024-04-27,Weapon Law Violations,SOCIETY,NORTH,Weapon Law Violations,78217,2026-09-01
39563873813,2023-01-05,Weapon Law Violations,SOCIETY,EAST,Weapon Law Violations,78218,2026-09-01
52220376916,2023-09-07,Weapon Law Violations,SOCIETY,EAST,Weapon Law Violations,78218,2026-09-01
51307584393,2023-07-05,Weapon Law Violations,SOCIETY,EAST,Weapon Law Violations,78220,2026-09-01
55480722372,2024-04-16,Weapon Law Violations,SOCIETY,EAST,Weapon Law Violations,78220,2026-09-01
70322532839,2026-05-06,Weapon Law Violations,SOCIETY,EAST,Weapon Law Violations,78220,2026-09-01
62033488691,2024-12-28,Weapon Law Violations,SOCIETY,SOUTH,Weapon Law Violations,78221,2026-09-01
42988577729,2023-02-21,Weapon Law Violations,SOCIETY,SOUTH,Weapon Law Violations,78223,2026-09-01
59451063934,2024-09-21,Weapon Law Violations,SOCIETY,SOUTH,Weapon Law Violations,78223,2026-09-01
61422979114,2024-12-07,Weapon Law Violations,SOCIETY,SOUTH,Weapon Law Violations,78223,2026-09-01
53156285107,2023-11-25,Weapon Law Violations,SOCIETY,WEST,Weapon Law Violations,78227,2026-09-01
71548941877,2026-07-10,Weapon Law Violations,SOCIETY,WEST,Weapon Law Violations,78227,2026-09-01
51370178313,2023-07-12,Weapon Law Violations,SOCIETY,WEST,Weapon Law Violations,78228,2026-09-01
53008640950,2023-11-12,Weapon Law Violations,SOCIETY,WEST,Weapon Law Violations,78228,2026-09-01
62011490256,2024-12-26,Weapon Law Violations,SOCIETY,WEST,Weapon Law Violations,78228,2026-09-01
58881771586,2024-09-09,Weapon Law Violations,SOCIETY,PRUE,Weapon Law Violations,78229,2026-09-01
62442520146,2025-01-26,Weapon Law Violations,SOCIETY,PRUE,Weapon Law Violations,78229,2026-09-01
68564131484,2026-02-14,Weapon Law Violations,SOCIETY,PRUE,Weapon Law Violations,78229,2026-09-01
52211741277,2023-09-07,Weapon Law Violations,SOCIETY,PRUE,Weapon Law Violations,78230,2026-09-01
52841751190,2023-10-30,Weapon Law Violations,SOCIETY,PRUE,Weapon Law Violations,78230,2026-09-01
51027398683,2023-06-16,Weapon Law Violations,SOCIETY,NORTH,Weapon Law Violations,78233,2026-09-01
69843071899,2026-04-25,Weapon Law Violations,SOCIETY,NORTH,Weapon Law Violations,78233,2026-09-01
62869568648,2025-02-22,Weapon Law Violations,SOCIETY,WEST,Weapon Law Violations,78237,2026-09-01
64014684745,2025-05-16,Weapon Law Violations,SOCIETY,WEST,Weapon Law Violations,78237,2026-09-01
68560131768,2026-02-14,Weapon Law Violations,SOCIETY,WEST,Weapon Law Violations,78237,2026-09-01
69433038472,2026-03-27,Weapon Law Violations,SOCIETY,CENTRAL,Weapon Law Violations,78237,2026-09-01
60126806655,2024-10-19,Weapon Law Violations,SOCIETY,PRUE,Weapon Law Violations,78238,2026-09-01
69302671744,2026-03-19,Weapon Law Violations,SOCIETY,PRUE,Weapon Law Violations,78238,2026-09-01
53898649114,2024-01-25,Weapon Law Violations,SOCIETY,PRUE,Weapon Law Violations,78240,2026-09-01
58684529464,2024-09-02,Weapon Law Violations,SOCIETY,SOUTH,Weapon Law Violations,78242,2026-09-01
49225400064,2023-04-21,Weapon Law Violations,SOCIETY,WEST,Weapon Law Violations,78245,2026-09-01
53921701861,2024-01-27,Weapon Law Violations,SOCIETY,WEST,Weapon Law Violations,78245,2026-09-01
49700658885,2023-05-13,Weapon Law Violations,SOCIETY,NORTH,Weapon Law Violations,78247,2026-09-01
51172295640,2023-07-01,Weapon Law Violations,SOCIETY,NORTH,Weapon Law Violations,78247,2026-09-01
56495396173,2024-06-02,Weapon Law Violations,SOCIETY,PRUE,Weapon Law Violations,78249,2026-09-01
50033571386,2023-05-21,Weapon Law Violations,SOCIETY,WEST,Weapon Law Violations,78251,2026-09-01
52026991509,2023-08-26,Weapon Law Violations,SOCIETY,WEST,Weapon Law Violations,78251,2026-09-01
55280986918,2024-04-08,Weapon Law Violations,SOCIETY,WEST,Weapon Law Violations,78251,2026-09-01
48754222110,2023-04-04,Weapon Law Violations,SOCIETY,EAST,Weapon Law Violations,Out of Jurisdiction,2026-09-01
49357496707,2023-05-06,Weapon Law Violations,SOCIETY,WEST,Weapon Law Violations,78201,2026-09-01
50118432259,2023-05-30,Weapon Law Violations,SOCIETY,WEST,Weapon Law Violations,78201,2026-09-01
51539053488,2023-07-29,Weapon Law Violations,SOCIETY,WEST,Weapon Law Violations,78201,2026-09-01
55216425200,2024-04-06,Weapon Law Violations,SOCIETY,WEST,Weapon Law Violations,78201,2026-09-01
56563561288,2024-06-03,Weapon Law Violations,SOCIETY,DOWNTOWN,Weapon Law Violations,78201,2026-09-01
51105876252,2023-06-24,Weapon Law Violations,SOCIETY,EAST,Weapon Law Violations,78202,2026-09-01
54843377454,2024-03-19,Weapon Law Violations,SOCIETY,EAST,Weapon Law Violations,78202,2026-09-01
62654651911,2025-02-06,Weapon Law Violations,SOCIETY,EAST,Weapon Law Violations,78203,2026-09-01
54184407646,2024-02-15,Weapon Law Violations,SOCIETY,CENTRAL,Weapon Law Violations,78204,2026-09-01
51341789241,2023-07-08,Weapon Law Violations,SOCIETY,CENTRAL,Weapon Law Violations,78205,2026-09-01
52815509134,2023-10-27,Weapon Law Violations,SOCIETY,CENTRAL,Weapon Law Violations,78205,2026-09-01
71186401963,2026-06-26,Weapon Law Violations,SOCIETY,DOWNTOWN,Weapon Law Violations,78205,2026-09-01
49008171924,2023-04-12,Weapon Law Violations,SOCIETY,CENTRAL,Weapon Law Violations,78207,2026-09-01
49299311874,2023-04-28,Weapon Law Violations,SOCIETY,CENTRAL,Weapon Law Violations,78207,2026-09-01
52929799892,2023-11-07,Weapon Law Violations,SOCIETY,CENTRAL,Weapon Law Violations,78207,2026-09-01
54154762896,2024-02-14,Weapon Law Violations,SOCIETY,CENTRAL,Weapon Law Violations,78207,2026-09-01
54305798038,2024-02-21,Weapon Law Violations,SOCIETY,CENTRAL,Weapon Law Violations,78207,2026-09-01
61847387487,2024-12-15,Weapon Law Violations,SOCIETY,CENTRAL,Weapon Law Violations,78207,2026-09-01
67176607433,2025-11-03,Weapon Law Violations,SOCIETY,CENTRAL,Weapon Law Violations,78207,2026-09-01
69033247146,2026-03-06,Weapon Law Violations,SOCIETY,EAST,Weapon Law Violations,78208,2026-09-01
67903256764,2025-12-22,Weapon Law Violations,SOCIETY,NORTH,Weapon Law Violations,78209,2026-09-01
41070642649,2023-01-23,Weapon Law Violations,SOCIETY,SOUTH,Weapon Law Violations,78210,2026-09-01
51048742457,2023-06-17,Weapon Law Violations,SOCIETY,EAST,Weapon Law Violations,78210,2026-09-01
67978833183,2025-12-30,Weapon Law Violations,SOCIETY,EAST,Weapon Law Violations,78210,2026-09-01
71536224748,2026-07-10,Weapon Law Violations,SOCIETY,SOUTH,Weapon Law Violations,78210,2026-09-01
50112969534,2023-05-30,Weapon Law Violations,SOCIETY,SOUTH,Weapon Law Violations,78211,2026-09-01
51286269842,2023-07-02,Weapon Law Violations,SOCIETY,SOUTH,Weapon Law Violations,78211,2026-09-01
62331057375,2025-01-18,Weapon Law Violations,SOCIETY,SOUTH,Weapon Law Violations,78211,2026-09-01
59159790185,2024-09-13,Weapon Law Violations,SOCIETY,NORTH,Weapon Law Violations,78213,2026-09-01
64836849315,2025-07-06,Weapon Law Violations,SOCIETY,DOWNTOWN,Weapon Law Violations,78215,2026-09-01
51394273891,2023-07-15,Weapon Law Violations,SOCIETY,NORTH,Weapon Law Violations,78216,2026-09-01
68207241068,2026-01-17,Weapon Law Violations,SOCIETY,NORTH,Weapon Law Violations,78216,2026-09-01
70424764428,2026-05-12,Weapon Law Violations,SOCIETY,NORTH,Weapon Law Violations,78216,2026-09-01
48998353763,2023-04-11,Weapon Law Violations,SOCIETY,EAST,Weapon Law Violations,78219,2026-09-01
63632503126,2025-04-19,Weapon Law Violations,SOCIETY,EAST,Weapon Law Violations,78219,2026-09-01
65572935256,2025-08-23,Weapon Law Violations,SOCIETY,EAST,Weapon Law Violations,78220,2026-09-01
51469652969,2023-07-23,Weapon Law Violations,SOCIETY,SOUTH,Weapon Law Violations,78221,2026-09-01
54976207370,2024-03-24,Weapon Law Violations,SOCIETY,SOUTH,Weapon Law Violations,78221,2026-09-01
59406132127,2024-09-20,Weapon Law Violations,SOCIETY,SOUTH,Weapon Law Violations,78221,2026-09-01
55011841408,2024-03-26,Weapon Law Violations,SOCIETY,EAST,Weapon Law Violations,78222,2026-09-01
61422376533,2024-12-06,Weapon Law Violations,SOCIETY,EAST,Weapon Law Violations,78222,2026-09-01
53361469071,2023-12-09,Weapon Law Violations,SOCIETY,EAST,Weapon Law Violations,78223,2026-09-01
54544370419,2024-03-01,Weapon Law Violations,SOCIETY,EAST,Weapon Law Violations,78223,2026-09-01
64670055459,2025-06-25,Weapon Law Violations,SOCIETY,SOUTH,Weapon Law Violations,78224,2026-09-01
69710672493,2026-04-16,Weapon Law Violations,SOCIETY,SOUTH,Weapon Law Violations,78224,2026-09-01
47506205158,2023-03-25,Weapon Law Violations,SOCIETY,SOUTH,Weapon Law Violations,78226,2026-09-01
48754050714,2023-04-04,Weapon Law Violations,SOCIETY,SOUTH,Weapon Law Violations,78227,2026-09-01
51403951667,2023-07-17,Weapon Law Violations,SOCIETY,SOUTH,Weapon Law Violations,78227,2026-09-01
68613909358,2026-02-19,Weapon Law Violations,SOCIETY,WEST,Weapon Law Violations,78227,2026-09-01
71438953754,2026-07-06,Weapon Law Violations,SOCIETY,WEST,Weapon Law Violations,78227,2026-09-01
52590316237,2023-10-15,Weapon Law Violations,SOCIETY,WEST,Weapon Law Violations,78228,2026-09-01
57263763614,2024-07-02,Weapon Law Violations,SOCIETY,WEST,Weapon Law Violations,78228,2026-09-01
68812022183,2026-03-04,Weapon Law Violations,SOCIETY,PRUE,Weapon Law Violations,78229,2026-09-01
70577680742,2026-05-21,Weapon Law Violations,SOCIETY,PRUE,Weapon Law Violations,78229,2026-09-01
58233327643,2024-08-07,Weapon Law Violations,SOCIETY,NORTH,Weapon Law Violations,78233,2026-09-01
63314030802,2025-03-25,Weapon Law Violations,SOCIETY,NORTH,Weapon Law Violations,78233,2026-09-01
63142918203,2025-03-11,Weapon Law Violations,SOCIETY,WEST,Weapon Law Violations,78237,2026-09-01
64746598684,2025-06-29,Weapon Law Violations,SOCIETY,WEST,Weapon Law Violations,78237,2026-09-01
70045082864,2026-04-30,Weapon Law Violations,SOCIETY,WEST,Weapon Law Violations,78237,2026-09-01
67217443595,2025-11-06,Weapon Law Violations,SOCIETY,WEST,Weapon Law Violations,78238,2026-09-01
63715005525,2025-04-28,Weapon Law Violations,SOCIETY,PRUE,Weapon Law Violations,78240,2026-09-01
70297722923,2026-05-05,Weapon Law Violations,SOCIETY,PRUE,Weapon Law Violations,78240,2026-09-01
72474539647,2026-08-27,Weapon Law Violations,SOCIETY,PRUE,Weapon Law Violations,78240,2026-09-01
64697752119,2025-06-27,Weapon Law Violations,SOCIETY,NORTH,Weapon Law Violations,78247,2026-09-01
56099790293,2024-05-16,Weapon Law Violations,SOCIETY,WEST,Weapon Law Violations,78251,2026-09-01
69141888552,2026-03-09,Weapon Law Violations,SOCIETY,PRUE,Weapon Law Violations,78257,2026-09-01
71063031721,2026-06-19,Weapon Law Violations,SOCIETY,NORTH,Weapon Law Violations,78260,2026-09-01
53108285101,2023-11-19,Weapon Law Violations,SOCIETY,SOUTH,Weapon Law Violations,Out of Jurisdiction,2026-09-01
51021709942,2023-06-15,Weapon Law Violations,SOCIETY,WEST,Weapon Law Violations,78201,2026-09-01
53951360079,2024-01-29,Weapon Law Violations,SOCIETY,CENTRAL,Weapon Law Violations,78201,2026-09-01
68459333710,2026-02-07,Weapon Law Violations,SOCIETY,WEST,Weapon Law Violations,78201,2026-09-01
56064991112,2024-05-13,Weapon Law Violations,SOCIETY,EAST,Weapon Law Violations,78202,2026-09-01
60388079395,2024-11-04,Weapon Law Violations,SOCIETY,EAST,Weapon Law Violations,78202,2026-09-01
71038427203,2026-06-17,Weapon Law Violations,SOCIETY,DOWNTOWN,Weapon Law Violations,78202,2026-09-01
51146171205,2023-06-28,Weapon Law Violations,SOCIETY,EAST,Weapon Law Violations,78203,2026-09-01
58716681894,2024-09-04,Weapon Law Violations,SOCIETY,CENTRAL,Weapon Law Violations,78204,2026-09-01
64501084295,2025-06-13,Weapon Law Violations,SOCIETY,DOWNTOWN,Weapon Law Violations,78204,2026-09-01
69472492328,2026-03-31,Weapon Law Violations,SOCIETY,DOWNTOWN,Weapon Law Violations,78204,2026-09-01
62670498824,2025-02-08,Weapon Law Violations,SOCIETY,DOWNTOWN,Weapon Law Violations,78205,2026-09-01
51425437086,2023-07-18,Weapon Law Violations,SOCIETY,CENTRAL,Weapon Law Violations,78207,2026-09-01
52049345729,2023-08-29,Weapon Law Violations,SOCIETY,CENTRAL,Weapon Law Violations,78207,2026-09-01
53466152339,2023-12-20,Weapon Law Violations,SOCIETY,CENTRAL,Weapon Law Violations,78207,2026-09-01
56902248283,2024-06-18,Weapon Law Violations,SOCIETY,CENTRAL,Weapon Law Violations,78207,2026-09-01
66246624258,2025-09-25,Weapon Law Violations,SOCIETY,CENTRAL,Weapon Law Violations,78207,2026-09-01
68362450771,2026-01-31,Weapon Law Violations,SOCIETY,CENTRAL,Weapon Law Violations,78207,2026-09-01
69422270430,2026-03-26,Weapon Law Violations,SOCIETY,CENTRAL,Weapon Law Violations,78207,2026-09-01
52594839059,2023-10-15,Weapon Law Violations,SOCIETY,NORTH,Weapon Law Violations,78209,2026-09-01
51306955207,2023-07-04,Weapon Law Violations,SOCIETY,SOUTH,Weapon Law Violations,78210,2026-09-01
66123761330,2025-09-19,Weapon Law Violations,SOCIETY,DOWNTOWN,Weapon Law Violations,78210,2026-09-01
68427683314,2026-02-05,Weapon Law Violations,SOCIETY,SOUTH,Weapon Law Violations,78210,2026-09-01
41183278723,2023-01-25,Weapon Law Violations,SOCIETY,SOUTH,Weapon Law Violations,78211,2026-09-01
49003453581,2023-04-11,Weapon Law Violations,SOCIETY,SOUTH,Weapon Law Violations,78211,2026-09-01
52309734275,2023-09-16,Weapon Law Violations,SOCIETY,SOUTH,Weapon Law Violations,78211,2026-09-01
66273945633,2025-09-27,Weapon Law Violations,SOCIETY,SOUTH,Weapon Law Violations,78211,2026-09-01
61460282342,2024-12-11,Weapon Law Violations,SOCIETY,CENTRAL,Weapon Law Violations,78212,2026-09-01
64991142749,2025-07-17,Weapon Law Violations,SOCIETY,DOWNTOWN,Weapon Law Violations,78212,2026-09-01
72255096092,2026-08-17,Weapon Law Violations,SOCIETY,CENTRAL,Weapon Law Violations,78212,2026-09-01
56112224784,2024-05-17,Weapon Law Violations,SOCIETY,CENTRAL,Weapon Law Violations,78213,2026-09-01
53690421381,2024-01-10,Weapon Law Violations,SOCIETY,SOUTH,Weapon Law Violations,78214,2026-09-01
53751978007,2024-01-12,Weapon Law Violations,SOCIETY,SOUTH,Weapon Law Violations,78214,2026-09-01
58446702920,2024-08-17,Weapon Law Violations,SOCIETY,SOUTH,Weapon Law Violations,78214,2026-09-01
68494210753,2026-02-10,Weapon Law Violations,SOCIETY,DOWNTOWN,Weapon Law Violations,78215,2026-09-01
70511012684,2026-05-17,Weapon Law Violations,SOCIETY,DOWNTOWN,Weapon Law Violations,78215,2026-09-01
54619826477,2024-03-07,Weapon Law Violations,SOCIETY,NORTH,Weapon Law Violations,78216,2026-09-01
55233711096,2024-04-06,Weapon Law Violations,SOCIETY,NORTH,Weapon Law Violations,78216,2026-09-01
59823383363,2024-10-02,Weapon Law Violations,SOCIETY,NORTH,Weapon Law Violations,78216,2026-09-01
70970779146,2026-06-11,Weapon Law Violations,SOCIETY,NORTH,Weapon Law Violations,78216,2026-09-01
71829064448,2026-07-24,Weapon Law Violations,SOCIETY,NORTH,Weapon Law Violations,78216,2026-09-01
59920136086,2024-10-07,Weapon Law Violations,SOCIETY,NORTH,Weapon Law Violations,78217,2026-09-01
51449154161,2023-07-20,Weapon Law Violations,SOCIETY,EAST,Weapon Law Violations,78218,2026-09-01
63250099046,2025-03-19,Weapon Law Violations,SOCIETY,EAST,Weapon Law Violations,78218,2026-09-01
65160880006,2025-07-28,Weapon Law Violations,SOCIETY,EAST,Weapon Law Violations,78218,2026-09-01
66329849968,2025-10-01,Weapon Law Violations,SOCIETY,EAST,Weapon Law Violations,78218,2026-09-01
69065501176,2026-03-06,Weapon Law Violations,SOCIETY,EAST,Weapon Law Violations,78218,2026-09-01
68371319299,2026-02-01,Weapon Law Violations,SOCIETY,EAST,Weapon Law Violations,78220,2026-09-01
52596552869,2023-10-15,Weapon Law Violations,SOCIETY,SOUTH,Weapon Law Violations,78221,2026-09-01
60127076757,2024-10-19,Weapon Law Violations,SOCIETY,SOUTH,Weapon Law Violations,78221,2026-09-01
70195801978,2026-05-01,Weapon Law Violations,SOCIETY,EAST,Weapon Law Violations,78222,2026-09-01
62604801377,2025-02-04,Weapon Law Violations,SOCIETY,SOUTH,Weapon Law Violations,78224,2026-09-01
51343035064,2023-07-09,Weapon Law Violations,SOCIETY,SOUTH,Weapon Law Violations,78225,2026-09-01
71943842606,2026-08-01,Weapon Law Violations,SOCIETY,SOUTH,Weapon Law Violations,78225,2026-09-01
43380847308,2023-02-26,Weapon Law Violations,SOCIETY,WEST,Weapon Law Violations,78227,2026-09-01
47828376422,2023-03-27,Weapon Law Violations,SOCIETY,SOUTH,Weapon Law Violations,78227,2026-09-01
57174464581,2024-06-26,Weapon Law Violations,SOCIETY,WEST,Weapon Law Violations,78227,2026-09-01
66136985359,2025-09-19,Weapon Law Violations,SOCIETY,WEST,Weapon Law Violations,78227,2026-09-01
71255267565,2026-07-02,Weapon Law Violations,SOCIETY,WEST,Weapon Law Violations,78227,2026-09-01
39393845695,2023-01-03,Weapon Law Violations,SOCIETY,WEST,Weapon Law Violations,78228,2026-09-01
54098950429,2024-02-08,Weapon Law Violations,SOCIETY,WEST,Weapon Law Violations,78228,2026-09-01
64278160249,2025-06-01,Weapon Law Violations,SOCIETY,WEST,Weapon Law Violations,78228,2026-09-01
46649839594,2023-03-16,Weapon Law Violations,SOCIETY,PRUE,Weapon Law Violations,78229,2026-09-01
51308531577,2023-07-05,Weapon Law Violations,SOCIETY,PRUE,Weapon Law Violations,78229,2026-09-01
56621932137,2024-06-08,Weapon Law Violations,SOCIETY,PRUE,Weapon Law Violations,78229,2026-09-01
66780615842,2025-10-18,Weapon Law Violations,SOCIETY,PRUE,Weapon Law Violations,78230,2026-09-01
55737807842,2024-04-30,Weapon Law Violations,SOCIETY,NORTH,Weapon Law Violations,78233,2026-09-01
57003732627,2024-06-21,Weapon Law Violations,SOCIETY,SOUTH,Weapon Law Violations,78235,2026-09-01
56467232985,2024-05-30,Weapon Law Violations,SOCIETY,WEST,Weapon Law Violations,78237,2026-09-01
59600897752,2024-09-25,Weapon Law Violations,SOCIETY,WEST,Weapon Law Violations,78237,2026-09-01
60275756320,2024-10-30,Weapon Law Violations,SOCIETY,WEST,Weapon Law Violations,78237,2026-09-01
63705210079,2025-04-27,Weapon Law Violations,SOCIETY,WEST,Weapon Law Violations,78237,2026-09-01
51476726018,2023-07-23,Weapon Law Violations,SOCIETY,WEST,Weapon Law Violations,78238,2026-09-01
52438421130,2023-09-25,Weapon Law Violations,SOCIETY,WEST,Weapon Law Violations,78238,2026-09-01
44884909897,2023-03-04,Weapon Law Violations,SOCIETY,PRUE,Weapon Law Violations,78240,2026-09-01
54345433316,2024-02-24,Weapon Law Violations,SOCIETY,PRUE,Weapon Law Violations,78240,2026-09-01
69320277940,2026-03-20,Weapon Law Violations,SOCIETY,PRUE,Weapon Law Violations,78240,2026-09-01
59572786430,2024-09-24,Weapon Law Violations,SOCIETY,PRUE,Weapon Law Violations,78249,2026-09-01
63268854740,2025-03-21,Weapon Law Violations,SOCIETY,PRUE,Weapon Law Violations,78250,2026-09-01
45934943151,2023-03-10,Weapon Law Violations,SOCIETY,WEST,Weapon Law Violations,78251,2026-09-01
65742164684,2025-09-06,Weapon Law Violations,SOCIETY,PRUE,Weapon Law Violations,78254,2026-09-01
55618994090,2024-04-21,Weapon Law Violations,SOCIETY,PRUE,Weapon Law Violations,78256,2026-09-01
62672278831,2025-02-08,Weapon Law Violations,SOCIETY,WEST,Weapon Law Violations,78201,2026-09-01
66055076170,2025-09-14,Weapon Law Violations,SOCIETY,WEST,Weapon Law Violations,78201,2026-09-01
69712445533,2026-04-17,Weapon Law Violations,SOCIETY,DOWNTOWN,Weapon Law Violations,78201,2026-09-01
66121678996,2025-09-19,Weapon Law Violations,SOCIETY,DOWNTOWN,Weapon Law Violations,78202,2026-09-01
50974100967,2023-06-09,Weapon Law Violations,SOCIETY,EAST,Weapon Law Violations,78203,2026-09-01
53521470998,2023-12-21,Weapon Law Violations,SOCIETY,EAST,Weapon Law Violations,78203,2026-09-01
53615329346,2024-01-02,Weapon Law Violations,SOCIETY,SOUTH,Weapon Law Violations,78204,2026-09-01
67785884678,2025-12-13,Weapon Law Violations,SOCIETY,DOWNTOWN,Weapon Law Violations,78205,2026-09-01
43275995626,2023-02-24,Weapon Law Violations,SOCIETY,CENTRAL,Weapon Law Violations,78207,2026-09-01
52280126107,2023-09-13,Weapon Law Violations,SOCIETY,SOUTH,Weapon Law Violations,78207,2026-09-01
54054340546,2024-02-06,Weapon Law Violations,SOCIETY,CENTRAL,Weapon Law Violations,78207,2026-09-01
63453967662,2025-04-02,Weapon Law Violations,SOCIETY,CENTRAL,Weapon Law Violations,78207,2026-09-01
52635140267,2023-10-18,Weapon Law Violations,SOCIETY,SOUTH,Weapon Law Violations,78210,2026-09-01
61428905930,2024-12-07,Weapon Law Violations,SOCIETY,EAST,Weapon Law Violations,78210,2026-09-01
65291492016,2025-08-06,Weapon Law Violations,SOCIETY,SOUTH,Weapon Law Violations,78210,2026-09-01
48996177656,2023-04-10,Weapon Law Violations,SOCIETY,SOUTH,Weapon Law Violations,78211,2026-09-01
65269427456,2025-08-05,Weapon Law Violations,SOCIETY,SOUTH,Weapon Law Violations,78211,2026-09-01
53292855894,2023-12-04,Weapon Law Violations,SOCIETY,CENTRAL,Weapon Law Violations,78212,2026-09-01
63249256708,2025-03-19,Weapon Law Violations,SOCIETY,DOWNTOWN,Weapon Law Violations,78212,2026-09-01
64203538117,2025-05-29,Weapon Law Violations,SOCIETY,DOWNTOWN,Weapon Law Violations,78212,2026-09-01
69859092234,2026-04-27,Weapon Law Violations,SOCIETY,DOWNTOWN,Weapon Law Violations,78212,2026-09-01
57195371181,2024-06-28,Weapon Law Violations,SOCIETY,SOUTH,Weapon Law Violations,78214,2026-09-01
72087659450,2026-08-10,Weapon Law Violations,SOCIETY,SOUTH,Weapon Law Violations,78214,2026-09-01
50039446485,2023-05-21,Weapon Law Violations,SOCIETY,NORTH,Weapon Law Violations,78216,2026-09-01
51888226894,2023-08-14,Weapon Law Violations,SOCIETY,NORTH,Weapon Law Violations,78216,2026-09-01
53681763743,2024-01-09,Weapon Law Violations,SOCIETY,NORTH,Weapon Law Violations,78216,2026-09-01
55727833770,2024-04-29,Weapon Law Violations,SOCIETY,NORTH,Weapon Law Violations,78216,2026-09-01
57892737556,2024-07-24,Weapon Law Violations,SOCIETY,NORTH,Weapon Law Violations,78216,2026-09-01
49404027375,2023-05-10,Weapon Law Violations,SOCIETY,EAST,Weapon Law Violations,78218,2026-09-01
51324889787,2023-07-06,Weapon Law Violations,SOCIETY,EAST,Weapon Law Violations,78219,2026-09-01
46231331015,2023-03-12,Weapon Law Violations,SOCIETY,EAST,Weapon Law Violations,78220,2026-09-01
48995703368,2023-04-10,Weapon Law Violations,SOCIETY,EAST,Weapon Law Violations,78223,2026-09-01
60451247356,2024-11-06,Weapon Law Violations,SOCIETY,SOUTH,Weapon Law Violations,78223,2026-09-01
57837063011,2024-07-21,Weapon Law Violations,SOCIETY,WEST,Weapon Law Violations,78227,2026-09-01
46966614573,2023-03-19,Weapon Law Violations,SOCIETY,WEST,Weapon Law Violations,78228,2026-09-01
53576262947,2023-12-28,Weapon Law Violations,SOCIETY,WEST,Weapon Law Violations,78228,2026-09-01
56416782378,2024-05-26,Weapon Law Violations,SOCIETY,WEST,Weapon Law Violations,78228,2026-09-01
53152830838,2023-11-25,Weapon Law Violations,SOCIETY,PRUE,Weapon Law Violations,78229,2026-09-01
64833305744,2025-07-05,Weapon Law Violations,SOCIETY,PRUE,Weapon Law Violations,78229,2026-09-01
63971721939,2025-05-14,Weapon Law Violations,SOCIETY,NORTH,Weapon Law Violations,78233,2026-09-01
65345375001,2025-08-06,Weapon Law Violations,SOCIETY,CENTRAL,Weapon Law Violations,78237,2026-09-01
51288144413,2023-07-03,Weapon Law Violations,SOCIETY,WEST,Weapon Law Violations,78238,2026-09-01
52323484197,2023-09-18,Weapon Law Violations,SOCIETY,PRUE,Weapon Law Violations,78240,2026-09-01
53608134165,2024-01-01,Weapon Law Violations,SOCIETY,SOUTH,Weapon Law Violations,78242,2026-09-01
48998379464,2023-04-11,Weapon Law Violations,SOCIETY,EAST,Weapon Law Violations,78244,2026-09-01
60667046952,2024-11-08,Weapon Law Violations,SOCIETY,WEST,Weapon Law Violations,78245,2026-09-01
68805405771,2026-03-04,Weapon Law Violations,SOCIETY,WEST,Weapon Law Violations,78245,2026-09-01
67732411726,2025-12-09,Weapon Law Violations,SOCIETY,NORTH,Weapon Law Violations,78247,2026-09-01
72058817955,2026-08-08,Weapon Law Violations,SOCIETY,NORTH,Weapon Law Violations,78247,2026-09-01
69232498665,2026-03-15,Weapon Law Violations,SOCIETY,PRUE,Weapon Law Violations,78249,2026-09-01
63371854574,2025-03-28,Weapon Law Violations,SOCIETY,WEST,Weapon Law Violations,78251,2026-09-01
67729326695,2026-03-16,Weapon Law Violations,SOCIETY,PRUE,Weapon Law Violations,78254,2026-09-01
57838038585,2024-07-21,Weapon Law Violations,SOCIETY,NORTH,Weapon Law Violations,78266,2026-09-01
51482410888,2023-07-24,Weapon Law Violations,SOCIETY,EAST,Weapon Law Violations,78202,2026-09-01
52517176878,2023-10-05,Weapon Law Violations,SOCIETY,EAST,Weapon Law Violations,78202,2026-09-01
67166116123,2025-11-03,Weapon Law Violations,SOCIETY,DOWNTOWN,Weapon Law Violations,78204,2026-09-01
51285683403,2023-07-02,Weapon Law Violations,SOCIETY,CENTRAL,Weapon Law Violations,78205,2026-09-01
51342728134,2023-07-09,Weapon Law Violations,SOCIETY,CENTRAL,Weapon Law Violations,78205,2026-09-01
53388224669,2023-12-12,Weapon Law Violations,SOCIETY,CENTRAL,Weapon Law Violations,78205,2026-09-01
41264849548,2023-01-28,Weapon Law Violations,SOCIETY,CENTRAL,Weapon Law Violations,78207,2026-09-01
50788865521,2023-05-31,Weapon Law Violations,SOCIETY,CENTRAL,Weapon Law Violations,78207,2026-09-01
53814315500,2024-01-17,Weapon Law Violations,SOCIETY,CENTRAL,Weapon Law Violations,78207,2026-09-01
55785324995,2024-05-02,Weapon Law Violations,SOCIETY,CENTRAL,Weapon Law Violations,78207,2026-09-01
70458755604,2026-05-14,Weapon Law Violations,SOCIETY,CENTRAL,Weapon Law Violations,78207,2026-09-01
54981348945,2024-03-24,Weapon Law Violations,SOCIETY,NORTH,Weapon Law Violations,78209,2026-09-01
66305507831,2025-09-29,Weapon Law Violations,SOCIETY,NORTH,Weapon Law Violations,78209,2026-09-01
46966156618,2023-03-19,Weapon Law Violations,SOCIETY,EAST,Weapon Law Violations,78210,2026-09-01
50926416550,2023-06-02,Weapon Law Violations,SOCIETY,EAST,Weapon Law Violations,78210,2026-09-01
52318043119,2023-09-17,Weapon Law Violations,SOCIETY,SOUTH,Weapon Law Violations,78211,2026-09-01
56375512303,2024-05-23,Weapon Law Violations,SOCIETY,SOUTH,Weapon Law Violations,78211,2026-09-01
57907413349,2024-07-26,Weapon Law Violations,SOCIETY,SOUTH,Weapon Law Violations,78211,2026-09-01
57498000421,2024-07-09,Weapon Law Violations,SOCIETY,DOWNTOWN,Weapon Law Violations,78212,2026-09-01
60182609236,2024-10-23,Weapon Law Violations,SOCIETY,DOWNTOWN,Weapon Law Violations,78212,2026-09-01
66269974900,2025-09-27,Weapon Law Violations,SOCIETY,DOWNTOWN,Weapon Law Violations,78212,2026-09-01
49240978959,2023-04-24,Weapon Law Violations,SOCIETY,CENTRAL,Weapon Law Violations,78213,2026-09-01
50110447745,2023-05-29,Weapon Law Violations,SOCIETY,CENTRAL,Weapon Law Violations,78213,2026-09-01
61833179725,2024-12-15,Weapon Law Violations,SOCIETY,CENTRAL,Weapon Law Violations,78213,2026-09-01
49344576182,2023-05-04,Weapon Law Violations,SOCIETY,SOUTH,Weapon Law Violations,78214,2026-09-01
54157575342,2024-02-14,Weapon Law Violations,SOCIETY,SOUTH,Weapon Law Violations,78214,2026-09-01
62122186978,2025-01-03,Weapon Law Violations,SOCIETY,DOWNTOWN,Weapon Law Violations,78215,2026-09-01
69844437169,2026-04-26,Weapon Law Violations,SOCIETY,DOWNTOWN,Weapon Law Violations,78215,2026-09-01
54398388401,2024-02-26,Weapon Law Violations,SOCIETY,NORTH,Weapon Law Violations,78216,2026-09-01
66303885450,2025-09-29,Weapon Law Violations,SOCIETY,NORTH,Weapon Law Violations,78216,2026-09-01
65161938083,2025-07-28,Weapon Law Violations,SOCIETY,SOUTH,Weapon Law Violations,78221,2026-09-01
69545863878,2026-04-04,Weapon Law Violations,SOCIETY,SOUTH,Weapon Law Violations,78221,2026-09-01
71801181644,2026-07-22,Weapon Law Violations,SOCIETY,EAST,Weapon Law Violations,78222,2026-09-01
50051096078,2023-05-22,Weapon Law Violations,SOCIETY,EAST,Weapon Law Violations,78223,2026-09-01
51061203204,2023-06-19,Weapon Law Violations,SOCIETY,EAST,Weapon Law Violations,78223,2026-09-01
52262196525,2023-09-12,Weapon Law Violations,SOCIETY,SOUTH,Weapon Law Violations,78223,2026-09-01
63643866855,2025-04-20,Weapon Law Violations,SOCIETY,SOUTH,Weapon Law Violations,78223,2026-09-01
44638009042,2023-03-02,Weapon Law Violations,SOCIETY,SOUTH,Weapon Law Violations,78224,2026-09-01
51396660710,2023-07-16,Weapon Law Violations,SOCIETY,SOUTH,Weapon Law Violations,78225,2026-09-01
57163731561,2024-06-25,Weapon Law Violations,SOCIETY,SOUTH,Weapon Law Violations,78225,2026-09-01
55741477331,2024-04-30,Weapon Law Violations,SOCIETY,SOUTH,Weapon Law Violations,78226,2026-09-01
47612116934,2023-03-25,Weapon Law Violations,SOCIETY,WEST,Weapon Law Violations,78227,2026-09-01
50988344222,2023-06-10,Weapon Law Violations,SOCIETY,WEST,Weapon Law Violations,78227,2026-09-01
51890867031,2023-08-14,Weapon Law Violations,SOCIETY,WEST,Weapon Law Violations,78227,2026-09-01
59131445376,2024-09-13,Weapon Law Violations,SOCIETY,WEST,Weapon Law Violations,78227,2026-09-01
61413534828,2024-12-06,Weapon Law Violations,SOCIETY,WEST,Weapon Law Violations,78227,2026-09-01
65268361426,2025-08-08,Weapon Law Violations,SOCIETY,SOUTH,Weapon Law Violations,78227,2026-09-01
57843303457,2024-07-22,Weapon Law Violations,SOCIETY,WEST,Weapon Law Violations,78228,2026-09-01
66351469427,2025-10-02,Weapon Law Violations,SOCIETY,WEST,Weapon Law Violations,78228,2026-09-01
41905039499,2023-02-11,Weapon Law Violations,SOCIETY,PRUE,Weapon Law Violations,78229,2026-09-01
55057975801,2024-03-28,Weapon Law Violations,SOCIETY,PRUE,Weapon Law Violations,78229,2026-09-01
65464272223,2025-08-15,Weapon Law Violations,SOCIETY,PRUE,Weapon Law Violations,78230,2026-09-01
66048599203,2025-09-13,Weapon Law Violations,SOCIETY,NORTH,Weapon Law Violations,78232,2026-09-01
63466095459,2025-04-04,Weapon Law Violations,SOCIETY,NORTH,Weapon Law Violations,78233,2026-09-01
69261938739,2026-03-17,Weapon Law Violations,SOCIETY,NORTH,Weapon Law Violations,78233,2026-09-01
52259803700,2023-09-11,Weapon Law Violations,SOCIETY,WEST,Weapon Law Violations,78237,2026-09-01
57301314693,2024-07-03,Weapon Law Violations,SOCIETY,WEST,Weapon Law Violations,78237,2026-09-01
60970730453,2024-11-24,Weapon Law Violations,SOCIETY,WEST,Weapon Law Violations,78237,2026-09-01
51434575480,2023-07-19,Weapon Law Violations,SOCIETY,SOUTH,Weapon Law Violations,78242,2026-09-01
60756844130,2024-11-09,Weapon Law Violations,SOCIETY,SOUTH,Weapon Law Violations,78242,2026-09-01
70938010186,2026-06-09,Weapon Law Violations,SOCIETY,SOUTH,Weapon Law Violations,78242,2026-09-01
51529866560,2023-07-27,Weapon Law Violations,SOCIETY,EAST,Weapon Law Violations,78244,2026-09-01
69579148338,2026-04-07,Weapon Law Violations,SOCIETY,WEST,Weapon Law Violations,78245,2026-09-01
72205990642,2026-08-14,Weapon Law Violations,SOCIETY,PRUE,Weapon Law Violations,78249,2026-09-01
62512572238,2025-01-29,Weapon Law Violations,SOCIETY,PRUE,Weapon Law Violations,78251,2026-09-01
51333827017,2023-07-07,Weapon Law Violations,SOCIETY,NORTH,Weapon Law Violations,78258,2026-09-01
58867814299,2024-09-08,Weapon Law Violations,SOCIETY,NORTH,Weapon Law Violations,78266,2026-09-01
66064213076,2025-09-15,Weapon Law Violations,SOCIETY,PRUE,Weapon Law Violations,Out of Jurisdiction,2026-09-01
50965415615,2023-06-07,Weapon Law Violations,SOCIETY,WEST,Weapon Law Violations,78201,2026-09-01
68277079700,2026-01-23,Weapon Law Violations,SOCIETY,CENTRAL,Weapon Law Violations,78201,2026-09-01
63468266806,2025-04-04,Weapon Law Violations,SOCIETY,DOWNTOWN,Weapon Law Violations,78204,2026-09-01
69291920187,2026-03-19,Weapon Law Violations,SOCIETY,DOWNTOWN,Weapon Law Violations,78204,2026-09-01
51325398977,2023-07-06,Weapon Law Violations,SOCIETY,CENTRAL,Weapon Law Violations,78207,2026-09-01
54594932508,2024-03-06,Weapon Law Violations,SOCIETY,CENTRAL,Weapon Law Violations,78207,2026-09-01
55118936993,2024-04-01,Weapon Law Violations,SOCIETY,CENTRAL,Weapon Law Violations,78207,2026-09-01
69201678995,2026-03-13,Weapon Law Violations,SOCIETY,CENTRAL,Weapon Law Violations,78207,2026-09-01
53155492014,2023-11-25,Weapon Law Violations,SOCIETY,CENTRAL,Weapon Law Violations,78210,2026-09-01
53156641774,2023-11-25,Weapon Law Violations,SOCIETY,SOUTH,Weapon Law Violations,78210,2026-09-01
69201263894,2026-03-13,Weapon Law Violations,SOCIETY,EAST,Weapon Law Violations,78210,2026-09-01
49034997032,2023-04-16,Weapon Law Violations,SOCIETY,SOUTH,Weapon Law Violations,78211,2026-09-01
53907901872,2024-01-26,Weapon Law Violations,SOCIETY,SOUTH,Weapon Law Violations,78211,2026-09-01
58523784880,2024-08-23,Weapon Law Violations,SOCIETY,SOUTH,Weapon Law Violations,78211,2026-09-01
51790133300,2023-08-11,Weapon Law Violations,SOCIETY,CENTRAL,Weapon Law Violations,78212,2026-09-01
64940446796,2025-07-12,Weapon Law Violations,SOCIETY,DOWNTOWN,Weapon Law Violations,78212,2026-09-01
69693549662,2026-04-15,Weapon Law Violations,SOCIETY,SOUTH,Weapon Law Violations,78214,2026-09-01
41652958331,2023-02-09,Weapon Law Violations,SOCIETY,CENTRAL,Weapon Law Violations,78215,2026-09-01
68371984943,2026-02-01,Weapon Law Violations,SOCIETY,DOWNTOWN,Weapon Law Violations,78215,2026-09-01
42983096084,2023-02-21,Weapon Law Violations,SOCIETY,NORTH,Weapon Law Violations,78216,2026-09-01
49008147190,2023-04-12,Weapon Law Violations,SOCIETY,NORTH,Weapon Law Violations,78216,2026-09-01
51549989737,2023-07-31,Weapon Law Violations,SOCIETY,NORTH,Weapon Law Violations,78216,2026-09-01
52397848855,2023-09-22,Weapon Law Violations,SOCIETY,NORTH,Weapon Law Violations,78216,2026-09-01
52508931639,2023-10-04,Weapon Law Violations,SOCIETY,NORTH,Weapon Law Violations,78216,2026-09-01
53280250327,2023-12-02,Weapon Law Violations,SOCIETY,NORTH,Weapon Law Violations,78216,2026-09-01
53545805963,2023-12-24,Weapon Law Violations,SOCIETY,NORTH,Weapon Law Violations,78216,2026-09-01
55172113783,2024-04-04,Weapon Law Violations,SOCIETY,NORTH,Weapon Law Violations,78216,2026-09-01
58642459381,2024-08-30,Weapon Law Violations,SOCIETY,NORTH,Weapon Law Violations,78216,2026-09-01
62020456278,2024-12-27,Weapon Law Violations,SOCIETY,NORTH,Weapon Law Violations,78216,2026-09-01
62396176630,2025-01-22,Weapon Law Violations,SOCIETY,NORTH,Weapon Law Violations,78216,2026-09-01
62562978226,2025-02-01,Weapon Law Violations,SOCIETY,NORTH,Weapon Law Violations,78216,2026-09-01
63718812067,2025-04-28,Weapon Law Violations,SOCIETY,NORTH,Weapon Law Violations,78216,2026-09-01
67937312194,2025-12-25,Weapon Law Violations,SOCIETY,NORTH,Weapon Law Violations,78217,2026-09-01
39536172056,2023-01-05,Weapon Law Violations,SOCIETY,EAST,Weapon Law Violations,78218,2026-09-01
46561900617,2023-03-15,Weapon Law Violations,SOCIETY,EAST,Weapon Law Violations,78218,2026-09-01
50991585045,2023-06-11,Weapon Law Violations,SOCIETY,EAST,Weapon Law Violations,78218,2026-09-01
63723569986,2025-04-28,Weapon Law Violations,SOCIETY,EAST,Weapon Law Violations,78218,2026-09-01
63685960205,2025-04-24,Weapon Law Violations,SOCIETY,EAST,Weapon Law Violations,78219,2026-09-01
41574592845,2023-02-08,Weapon Law Violations,SOCIETY,SOUTH,Weapon Law Violations,78221,2026-09-01
48309651323,2023-03-31,Weapon Law Violations,SOCIETY,SOUTH,Weapon Law Violations,78221,2026-09-01
55842658073,2024-05-04,Weapon Law Violations,SOCIETY,EAST,Weapon Law Violations,78222,2026-09-01
47861305924,2023-03-28,Weapon Law Violations,SOCIETY,SOUTH,Weapon Law Violations,78223,2026-09-01
58487286260,2024-08-21,Weapon Law Violations,SOCIETY,EAST,Weapon Law Violations,78223,2026-09-01
60129274832,2024-10-19,Weapon Law Violations,SOCIETY,EAST,Weapon Law Violations,78223,2026-09-01
70644540077,2026-05-24,Weapon Law Violations,SOCIETY,EAST,Weapon Law Violations,78223,2026-09-01
49034192741,2023-04-16,Weapon Law Violations,SOCIETY,SOUTH,Weapon Law Violations,78224,2026-09-01
60768564642,2024-11-09,Weapon Law Violations,SOCIETY,SOUTH,Weapon Law Violations,78224,2026-09-01
49499700503,2023-05-12,Weapon Law Violations,SOCIETY,SOUTH,Weapon Law Violations,78227,2026-09-01
51113365897,2023-06-25,Weapon Law Violations,SOCIETY,WEST,Weapon Law Violations,78227,2026-09-01
52514081235,2023-10-05,Weapon Law Violations,SOCIETY,WEST,Weapon Law Violations,78227,2026-09-01
72071777805,2026-08-09,Weapon Law Violations,SOCIETY,WEST,Weapon Law Violations,78227,2026-09-01
49840186172,2023-05-17,Weapon Law Violations,SOCIETY,WEST,Weapon Law Violations,78228,2026-09-01
51440483936,2023-07-20,Weapon Law Violations,SOCIETY,WEST,Weapon Law Violations,78228,2026-09-01
51472159066,2023-07-23,Weapon Law Violations,SOCIETY,WEST,Weapon Law Violations,78228,2026-09-01
59988309082,2024-10-10,Weapon Law Violations,SOCIETY,CENTRAL,Weapon Law Violations,78228,2026-09-01
63881490547,2025-05-08,Weapon Law Violations,SOCIETY,WEST,Weapon Law Violations,78228,2026-09-01
60144088110,2024-10-21,Weapon Law Violations,SOCIETY,PRUE,Weapon Law Violations,78230,2026-09-01
42608430839,2023-02-17,Weapon Law Violations,SOCIETY,NORTH,Weapon Law Violations,78233,2026-09-01
45081678858,2023-03-06,Weapon Law Violations,SOCIETY,NORTH,Weapon Law Violations,78233,2026-09-01
51703721814,2023-08-05,Weapon Law Violations,SOCIETY,WEST,Weapon Law Violations,78237,2026-09-01
59987849473,2024-10-09,Weapon Law Violations,SOCIETY,WEST,Weapon Law Violations,78237,2026-09-01
64407524335,2025-06-09,Weapon Law Violations,SOCIETY,WEST,Weapon Law Violations,78237,2026-09-01
65620194838,2025-08-27,Weapon Law Violations,SOCIETY,WEST,Weapon Law Violations,78237,2026-09-01
67976864284,2025-12-29,Weapon Law Violations,SOCIETY,WEST,Weapon Law Violations,78237,2026-09-01
39331339795,2023-01-01,Weapon Law Violations,SOCIETY,WEST,Weapon Law Violations,78238,2026-09-01
51508538888,2023-07-25,Weapon Law Violations,SOCIETY,WEST,Weapon Law Violations,78238,2026-09-01
62944878432,2025-02-28,Weapon Law Violations,SOCIETY,WEST,Weapon Law Violations,78238,2026-09-01
50987622918,2023-06-10,Weapon Law Violations,SOCIETY,SOUTH,Weapon Law Violations,78242,2026-09-01
53319135494,2023-12-06,Weapon Law Violations,SOCIETY,SOUTH,Weapon Law Violations,78242,2026-09-01
57461832105,2024-07-07,Weapon Law Violations,SOCIETY,SOUTH,Weapon Law Violations,78242,2026-09-01
48978403716,2023-04-07,Weapon Law Violations,SOCIETY,PRUE,Weapon Law Violations,78249,2026-09-01
56405430387,2024-05-24,Weapon Law Violations,SOCIETY,PRUE,Weapon Law Violations,78249,2026-09-01
60199313282,2024-10-25,Weapon Law Violations,SOCIETY,WEST,Weapon Law Violations,78251,2026-09-01
53547544287,2023-12-25,Weapon Law Violations,SOCIETY,PRUE,Weapon Law Violations,78257,2026-09-01
66402444372,2025-10-08,Weapon Law Violations,SOCIETY,NORTH,Weapon Law Violations,78259,2026-09-01
68720989051,2026-02-26,Weapon Law Violations,SOCIETY,EAST,Weapon Law Violations,Out of Jurisdiction,2026-09-01
67977736195,2025-12-29,Weapon Law Violations,SOCIETY,CENTRAL,Weapon Law Violations,78201,2026-09-01
72231597541,2026-08-15,Weapon Law Violations,SOCIETY,WEST,Weapon Law Violations,78201,2026-09-01
55195744546,2024-04-05,Weapon Law Violations,SOCIETY,EAST,Weapon Law Violations,78203,2026-09-01
66883480803,2025-10-26,Weapon Law Violations,SOCIETY,DOWNTOWN,Weapon Law Violations,78205,2026-09-01
45918506880,2023-03-10,Weapon Law Violations,SOCIETY,CENTRAL,Weapon Law Violations,78207,2026-09-01
50870675168,2023-06-02,Weapon Law Violations,SOCIETY,CENTRAL,Weapon Law Violations,78207,2026-09-01
51478483384,2023-07-24,Weapon Law Violations,SOCIETY,CENTRAL,Weapon Law Violations,78207,2026-09-01
53929388588,2024-01-27,Weapon Law Violations,SOCIETY,CENTRAL,Weapon Law Violations,78207,2026-09-01
67577732199,2025-11-28,Weapon Law Violations,SOCIETY,DOWNTOWN,Weapon Law Violations,78210,2026-09-01
52444899903,2023-09-27,Weapon Law Violations,SOCIETY,SOUTH,Weapon Law Violations,78211,2026-09-01
40252745634,2023-01-09,Weapon Law Violations,SOCIETY,CENTRAL,Weapon Law Violations,78212,2026-09-01
46372525241,2023-03-14,Weapon Law Violations,SOCIETY,CENTRAL,Weapon Law Violations,78212,2026-09-01
56417330833,2024-05-26,Weapon Law Violations,SOCIETY,CENTRAL,Weapon Law Violations,78213,2026-09-01
59345386991,2024-09-16,Weapon Law Violations,SOCIETY,CENTRAL,Weapon Law Violations,78213,2026-09-01
50936068585,2023-06-04,Weapon Law Violations,SOCIETY,SOUTH,Weapon Law Violations,78214,2026-09-01
59446169394,2024-09-20,Weapon Law Violations,SOCIETY,SOUTH,Weapon Law Violations,78214,2026-09-01
65145995394,2025-07-26,Weapon Law Violations,SOCIETY,SOUTH,Weapon Law Violations,78214,2026-09-01
71032992096,2026-06-16,Weapon Law Violations,SOCIETY,SOUTH,Weapon Law Violations,78214,2026-09-01
72451574124,2026-08-26,Weapon Law Violations,SOCIETY,SOUTH,Weapon Law Violations,78214,2026-09-01
60935512464,2024-11-20,Weapon Law Violations,SOCIETY,DOWNTOWN,Weapon Law Violations,78215,2026-09-01
70625024783,2026-05-23,Weapon Law Violations,SOCIETY,DOWNTOWN,Weapon Law Violations,78215,2026-09-01
43084968376,2023-02-22,Weapon Law Violations,SOCIETY,NORTH,Weapon Law Violations,78216,2026-09-01
52008246121,2023-08-24,Weapon Law Violations,SOCIETY,NORTH,Weapon Law Violations,78216,2026-09-01
52638715064,2023-10-19,Weapon Law Violations,SOCIETY,NORTH,Weapon Law Violations,78216,2026-09-01
54597949530,2024-03-06,Weapon Law Violations,SOCIETY,NORTH,Weapon Law Violations,78216,2026-09-01
63330414819,2025-03-26,Weapon Law Violations,SOCIETY,NORTH,Weapon Law Violations,78216,2026-09-01
65626832088,2025-08-27,Weapon Law Violations,SOCIETY,NORTH,Weapon Law Violations,78216,2026-09-01
71032280360,2026-06-16,Weapon Law Violations,SOCIETY,NORTH,Weapon Law Violations,78216,2026-09-01
51589612718,2023-07-31,Weapon Law Violations,SOCIETY,NORTH,Weapon Law Violations,78217,2026-09-01
51636380101,2023-08-01,Weapon Law Violations,SOCIETY,NORTH,Weapon Law Violations,78217,2026-09-01
65509803832,2025-08-19,Weapon Law Violations,SOCIETY,NORTH,Weapon Law Violations,78217,2026-09-01
51330259170,2023-07-07,Weapon Law Violations,SOCIETY,EAST,Weapon Law Violations,78220,2026-09-01
51411930992,2023-07-17,Weapon Law Violations,SOCIETY,EAST,Weapon Law Violations,78220,2026-09-01
47612072922,2023-03-25,Weapon Law Violations,SOCIETY,SOUTH,Weapon Law Violations,78221,2026-09-01
52004704361,2023-08-29,Weapon Law Violations,SOCIETY,SOUTH,Weapon Law Violations,78221,2026-09-01
63780352760,2025-05-01,Weapon Law Violations,SOCIETY,EAST,Weapon Law Violations,78222,2026-09-01
72495152087,2026-08-28,Weapon Law Violations,SOCIETY,EAST,Weapon Law Violations,78222,2026-09-01
47830214403,2023-03-28,Weapon Law Violations,SOCIETY,EAST,Weapon Law Violations,78223,2026-09-01
50871323878,2023-06-02,Weapon Law Violations,SOCIETY,EAST,Weapon Law Violations,78223,2026-09-01
51460606981,2023-07-22,Weapon Law Violations,SOCIETY,SOUTH,Weapon Law Violations,78223,2026-09-01
53437000883,2023-12-17,Weapon Law Violations,SOCIETY,SOUTH,Weapon Law Violations,78223,2026-09-01
51395278535,2023-07-15,Weapon Law Violations,SOCIETY,SOUTH,Weapon Law Violations,78227,2026-09-01
51907517634,2023-08-15,Weapon Law Violations,SOCIETY,WEST,Weapon Law Violations,78227,2026-09-01
52091424482,2023-09-01,Weapon Law Violations,SOCIETY,WEST,Weapon Law Violations,78227,2026-09-01
64898046640,2025-07-09,Weapon Law Violations,SOCIETY,WEST,Weapon Law Violations,78227,2026-09-01
66265219869,2025-09-26,Weapon Law Violations,SOCIETY,WEST,Weapon Law Violations,78227,2026-09-01
58308301893,2024-08-12,Weapon Law Violations,SOCIETY,WEST,Weapon Law Violations,78228,2026-09-01
62021271867,2024-12-27,Weapon Law Violations,SOCIETY,WEST,Weapon Law Violations,78228,2026-09-01
66467788271,2025-10-09,Weapon Law Violations,SOCIETY,CENTRAL,Weapon Law Violations,78228,2026-09-01
71600178571,2026-07-12,Weapon Law Violations,SOCIETY,WEST,Weapon Law Violations,78228,2026-09-01
51371974560,2023-07-13,Weapon Law Violations,SOCIETY,PRUE,Weapon Law Violations,78229,2026-09-01
49244718468,2023-04-24,Weapon Law Violations,SOCIETY,CENTRAL,Weapon Law Violations,78230,2026-09-01
53324722873,2023-12-07,Weapon Law Violations,SOCIETY,NORTH,Weapon Law Violations,78231,2026-09-01
55436427117,2024-04-13,Weapon Law Violations,SOCIETY,NORTH,Weapon Law Violations,78232,2026-09-01
62377618931,2025-01-21,Weapon Law Violations,SOCIETY,NORTH,Weapon Law Violations,78232,2026-09-01
40293018765,2023-01-09,Weapon Law Violations,SOCIETY,NORTH,Weapon Law Violations,78233,2026-09-01
60848736118,2024-11-16,Weapon Law Violations,SOCIETY,NORTH,Weapon Law Violations,78233,2026-09-01
58290775160,2024-08-10,Weapon Law Violations,SOCIETY,SOUTH,Weapon Law Violations,78235,2026-09-01
51060670884,2023-06-19,Weapon Law Violations,SOCIETY,WEST,Weapon Law Violations,78237,2026-09-01
56173228594,2024-05-19,Weapon Law Violations,SOCIETY,WEST,Weapon Law Violations,78237,2026-09-01
66306521519,2025-09-29,Weapon Law Violations,SOCIETY,WEST,Weapon Law Violations,78237,2026-09-01
69334237296,2026-03-21,Weapon Law Violations,SOCIETY,WEST,Weapon Law Violations,78237,2026-09-01
53088789096,2023-11-17,Weapon Law Violations,SOCIETY,WEST,Weapon Law Violations,78238,2026-09-01
67382659345,2025-11-16,Weapon Law Violations,SOCIETY,PRUE,Weapon Law Violations,78240,2026-09-01
53856031127,2024-01-22,Weapon Law Violations,SOCIETY,SOUTH,Weapon Law Violations,78242,2026-09-01
54009716076,2024-02-02,Weapon Law Violations,SOCIETY,PRUE,Weapon Law Violations,78249,2026-09-01
60839940288,2024-11-15,Weapon Law Violations,SOCIETY,PRUE,Weapon Law Violations,78249,2026-09-01
65721940214,2025-09-04,Weapon Law Violations,SOCIETY,PRUE,Weapon Law Violations,78249,2026-09-01
67754274119,2025-12-10,Weapon Law Violations,SOCIETY,WEST,Weapon Law Violations,78251,2026-09-01
57504615086,2024-07-19,Weapon Law Violations,SOCIETY,WEST,Weapon Law Violations,78201,2026-09-01
66650481366,2025-10-11,Weapon Law Violations,SOCIETY,CENTRAL,Weapon Law Violations,78201,2026-09-01
59579293776,2024-09-24,Weapon Law Violations,SOCIETY,EAST,Weapon Law Violations,78202,2026-09-01
55852068335,2024-05-05,Weapon Law Violations,SOCIETY,EAST,Weapon Law Violations,78203,2026-09-01
63616305833,2025-04-17,Weapon Law Violations,SOCIETY,CENTRAL,Weapon Law Violations,78204,2026-09-01
60023664118,2024-10-12,Weapon Law Violations,SOCIETY,DOWNTOWN,Weapon Law Violations,78205,2026-09-01
64823306678,2025-07-05,Weapon Law Violations,SOCIETY,DOWNTOWN,Weapon Law Violations,78205,2026-09-01
66148342067,2025-09-20,Weapon Law Violations,SOCIETY,DOWNTOWN,Weapon Law Violations,78205,2026-09-01
52385718734,2023-09-21,Weapon Law Violations,SOCIETY,CENTRAL,Weapon Law Violations,78207,2026-09-01
58804132496,2024-09-07,Weapon Law Violations,SOCIETY,CENTRAL,Weapon Law Violations,78207,2026-09-01
63817321139,2025-05-04,Weapon Law Violations,SOCIETY,CENTRAL,Weapon Law Violations,78207,2026-09-01
63570778131,2025-04-14,Weapon Law Violations,SOCIETY,NORTH,Weapon Law Violations,78209,2026-09-01
53900494429,2024-01-26,Weapon Law Violations,SOCIETY,EAST,Weapon Law Violations,78210,2026-09-01
41821137075,2023-02-10,Weapon Law Violations,SOCIETY,SOUTH,Weapon Law Violations,78211,2026-09-01
51456298241,2023-07-21,Weapon Law Violations,SOCIETY,SOUTH,Weapon Law Violations,78211,2026-09-01
72020966343,2026-08-06,Weapon Law Violations,SOCIETY,SOUTH,Weapon Law Violations,78211,2026-09-01
49808049142,2023-05-16,Weapon Law Violations,SOCIETY,CENTRAL,Weapon Law Violations,78212,2026-09-01
58294583574,2024-08-11,Weapon Law Violations,SOCIETY,CENTRAL,Weapon Law Violations,78212,2026-09-01
63395866399,2025-03-30,Weapon Law Violations,SOCIETY,DOWNTOWN,Weapon Law Violations,78212,2026-09-01
66820457900,2025-10-21,Weapon Law Violations,SOCIETY,DOWNTOWN,Weapon Law Violations,78212,2026-09-01
67749457632,2025-12-10,Weapon Law Violations,SOCIETY,DOWNTOWN,Weapon Law Violations,78212,2026-09-01
68206366463,2026-01-17,Weapon Law Violations,SOCIETY,DOWNTOWN,Weapon Law Violations,78212,2026-09-01
51306137263,2023-07-04,Weapon Law Violations,SOCIETY,CENTRAL,Weapon Law Violations,78213,2026-09-01
49300230032,2023-04-28,Weapon Law Violations,SOCIETY,SOUTH,Weapon Law Violations,78214,2026-09-01
62154150444,2025-01-05,Weapon Law Violations,SOCIETY,SOUTH,Weapon Law Violations,78214,2026-09-01
62331724298,2025-01-19,Weapon Law Violations,SOCIETY,SOUTH,Weapon Law Violations,78214,2026-09-01
41287113377,2023-01-29,Weapon Law Violations,SOCIETY,NORTH,Weapon Law Violations,78216,2026-09-01
51925692513,2023-08-17,Weapon Law Violations,SOCIETY,NORTH,Weapon Law Violations,78216,2026-09-01
57404358463,2024-07-05,Weapon Law Violations,SOCIETY,NORTH,Weapon Law Violations,78216,2026-09-01
70508228827,2026-05-17,Weapon Law Violations,SOCIETY,NORTH,Weapon Law Violations,78216,2026-09-01
54654403596,2024-03-11,Weapon Law Violations,SOCIETY,NORTH,Weapon Law Violations,78217,2026-09-01
53441551895,2023-12-18,Weapon Law Violations,SOCIETY,EAST,Weapon Law Violations,78219,2026-09-01
63608935617,2025-04-16,Weapon Law Violations,SOCIETY,EAST,Weapon Law Violations,78220,2026-09-01
64717950913,2025-06-27,Weapon Law Violations,SOCIETY,EAST,Weapon Law Violations,78220,2026-09-01
51278383991,2023-07-06,Weapon Law Violations,SOCIETY,SOUTH,Weapon Law Violations,78221,2026-09-01
62893798029,2025-02-24,Weapon Law Violations,SOCIETY,SOUTH,Weapon Law Violations,78221,2026-09-01
63440754709,2025-04-01,Weapon Law Violations,SOCIETY,SOUTH,Weapon Law Violations,78221,2026-09-01
68678357642,2026-02-24,Weapon Law Violations,SOCIETY,EAST,Weapon Law Violations,78223,2026-09-01
64737418192,2025-06-28,Weapon Law Violations,SOCIETY,SOUTH,Weapon Law Violations,78224,2026-09-01
39380061748,2023-01-03,Weapon Law Violations,SOCIETY,WEST,Weapon Law Violations,78227,2026-09-01
50989813327,2023-06-11,Weapon Law Violations,SOCIETY,WEST,Weapon Law Violations,78227,2026-09-01
63567108785,2025-04-13,Weapon Law Violations,SOCIETY,WEST,Weapon Law Violations,78227,2026-09-01
43361852993,2023-02-25,Weapon Law Violations,SOCIETY,WEST,Weapon Law Violations,78228,2026-09-01
46864855581,2023-03-18,Weapon Law Violations,SOCIETY,WEST,Weapon Law Violations,78228,2026-09-01
49640774285,2023-05-13,Weapon Law Violations,SOCIETY,PRUE,Weapon Law Violations,78229,2026-09-01
59870397465,2024-10-04,Weapon Law Violations,SOCIETY,PRUE,Weapon Law Violations,78229,2026-09-01
61419723073,2024-12-07,Weapon Law Violations,SOCIETY,PRUE,Weapon Law Violations,78229,2026-09-01
69558880974,2026-04-05,Weapon Law Violations,SOCIETY,PRUE,Weapon Law Violations,78229,2026-09-01
47829367190,2023-03-27,Weapon Law Violations,SOCIETY,PRUE,Weapon Law Violations,78230,2026-09-01
48054315959,2023-03-29,Weapon Law Violations,SOCIETY,PRUE,Weapon Law Violations,78230,2026-09-01
53076809888,2023-11-15,Weapon Law Violations,SOCIETY,PRUE,Weapon Law Violations,78230,2026-09-01
58903698492,2024-09-10,Weapon Law Violations,SOCIETY,PRUE,Weapon Law Violations,78230,2026-09-01
63623327517,2025-04-18,Weapon Law Violations,SOCIETY,PRUE,Weapon Law Violations,78230,2026-09-01
57465606976,2024-07-08,Weapon Law Violations,SOCIETY,PRUE,Weapon Law Violations,78231,2026-09-01
63451642923,2025-04-02,Weapon Law Violations,SOCIETY,NORTH,Weapon Law Violations,78233,2026-09-01
53823891936,2024-01-18,Weapon Law Violations,SOCIETY,WEST,Weapon Law Violations,78237,2026-09-01
56473395722,2024-05-31,Weapon Law Violations,SOCIETY,WEST,Weapon Law Violations,78237,2026-09-01
59873434112,2024-10-04,Weapon Law Violations,SOCIETY,SOUTH,Weapon Law Violations,78237,2026-09-01
66137741850,2025-09-19,Weapon Law Violations,SOCIETY,WEST,Weapon Law Violations,78237,2026-09-01
69277614644,2026-03-18,Weapon Law Violations,SOCIETY,CENTRAL,Weapon Law Violations,78237,2026-09-01
51724249001,2023-08-07,Weapon Law Violations,SOCIETY,WEST,Weapon Law Violations,78238,2026-09-01
52248374648,2023-09-10,Weapon Law Violations,SOCIETY,WEST,Weapon Law Violations,78238,2026-09-01
51510432852,2023-07-26,Weapon Law Violations,SOCIETY,PRUE,Weapon Law Violations,78240,2026-09-01
41582167235,2023-02-08,Weapon Law Violations,SOCIETY,SOUTH,Weapon Law Violations,78242,2026-09-01
49363793710,2023-05-07,Weapon Law Violations,SOCIETY,PRUE,Weapon Law Violations,78249,2026-09-01
51313665367,2023-07-05,Weapon Law Violations,SOCIETY,PRUE,Weapon Law Violations,78249,2026-09-01
52064807447,2023-08-30,Weapon Law Violations,SOCIETY,PRUE,Weapon Law Violations,78249,2026-09-01
50988944346,2023-06-11,Weapon Law Violations,SOCIETY,PRUE,Weapon Law Violations,78257,2026-09-01
56837543641,2024-06-12,Weapon Law Violations,SOCIETY,NORTH,Weapon Law Violations,78259,2026-09-01
54904107233,2024-03-20,Weapon Law Violations,SOCIETY,NORTH,Weapon Law Violations,78261,2026-09-01
49348836972,2023-05-05,Weapon Law Violations,SOCIETY,CENTRAL,Weapon Law Violations,78201,2026-09-01
53657995095,2024-01-06,Weapon Law Violations,SOCIETY,CENTRAL,Weapon Law Violations,78201,2026-09-01
55602415561,2024-04-19,Weapon Law Violations,SOCIETY,CENTRAL,Weapon Law Violations,78201,2026-09-01
57986125023,2024-07-31,Weapon Law Violations,SOCIETY,WEST,Weapon Law Violations,78201,2026-09-01
40370227756,2023-01-10,Weapon Law Violations,SOCIETY,EAST,Weapon Law Violations,78203,2026-09-01
53557587287,2023-12-26,Weapon Law Violations,SOCIETY,EAST,Weapon Law Violations,78203,2026-09-01
61391318973,2024-12-03,Weapon Law Violations,SOCIETY,CENTRAL,Weapon Law Violations,78204,2026-09-01
68778173721,2026-03-02,Weapon Law Violations,SOCIETY,SOUTH,Weapon Law Violations,78204,2026-09-01
70525707075,2026-05-19,Weapon Law Violations,SOCIETY,DOWNTOWN,Weapon Law Violations,78204,2026-09-01
61914651523,2024-12-18,Weapon Law Violations,SOCIETY,DOWNTOWN,Weapon Law Violations,78205,2026-09-01
67676655798,2025-12-05,Weapon Law Violations,SOCIETY,DOWNTOWN,Weapon Law Violations,78205,2026-09-01
46465458012,2023-03-15,Weapon Law Violations,SOCIETY,CENTRAL,Weapon Law Violations,78207,2026-09-01
50070168242,2023-05-25,Weapon Law Violations,SOCIETY,CENTRAL,Weapon Law Violations,78207,2026-09-01
51331926318,2023-07-07,Weapon Law Violations,SOCIETY,CENTRAL,Weapon Law Violations,78207,2026-09-01
64049971095,2025-05-20,Weapon Law Violations,SOCIETY,CENTRAL,Weapon Law Violations,78207,2026-09-01
57317303649,2024-07-04,Weapon Law Violations,SOCIETY,EAST,Weapon Law Violations,78210,2026-09-01
66362925500,2025-10-04,Weapon Law Violations,SOCIETY,DOWNTOWN,Weapon Law Violations,78210,2026-09-01
49233763460,2023-04-22,Weapon Law Violations,SOCIETY,SOUTH,Weapon Law Violations,78211,2026-09-01
50977152634,2023-06-09,Weapon Law Violations,SOCIETY,SOUTH,Weapon Law Violations,78211,2026-09-01
66339313871,2025-10-01,Weapon Law Violations,SOCIETY,DOWNTOWN,Weapon Law Violations,78212,2026-09-01
70507233702,2026-05-17,Weapon Law Violations,SOCIETY,DOWNTOWN,Weapon Law Violations,78212,2026-09-01
70876104380,2026-06-05,Weapon Law Violations,SOCIETY,CENTRAL,Weapon Law Violations,78213,2026-09-01
53772233560,2024-01-13,Weapon Law Violations,SOCIETY,SOUTH,Weapon Law Violations,78214,2026-09-01
52706840561,2023-10-21,Weapon Law Violations,SOCIETY,NORTH,Weapon Law Violations,78216,2026-09-01
62304633053,2025-01-17,Weapon Law Violations,SOCIETY,NORTH,Weapon Law Violations,78216,2026-09-01
62319850167,2025-01-18,Weapon Law Violations,SOCIETY,NORTH,Weapon Law Violations,78216,2026-09-01
62584439497,2025-02-03,Weapon Law Violations,SOCIETY,NORTH,Weapon Law Violations,78216,2026-09-01
62804837012,2025-02-15,Weapon Law Violations,SOCIETY,NORTH,Weapon Law Violations,78216,2026-09-01
66304092984,2025-10-01,Weapon Law Violations,SOCIETY,NORTH,Weapon Law Violations,78216,2026-09-01
69804177558,2026-04-23,Weapon Law Violations,SOCIETY,NORTH,Weapon Law Violations,78216,2026-09-01
70361102400,2026-05-08,Weapon Law Violations,SOCIETY,NORTH,Weapon Law Violations,78216,2026-09-01
51346533388,2023-07-09,Weapon Law Violations,SOCIETY,NORTH,Weapon Law Violations,78217,2026-09-01
62153140677,2025-01-05,Weapon Law Violations,SOCIETY,NORTH,Weapon Law Violations,78217,2026-09-01
51409934130,2023-07-17,Weapon Law Violations,SOCIETY,EAST,Weapon Law Violations,78218,2026-09-01
60267466785,2024-10-30,Weapon Law Violations,SOCIETY,EAST,Weapon Law Violations,78218,2026-09-01
63863985928,2025-05-06,Weapon Law Violations,SOCIETY,EAST,Weapon Law Violations,78218,2026-09-01
68754345947,2026-03-01,Weapon Law Violations,SOCIETY,EAST,Weapon Law Violations,78219,2026-09-01
67946308703,2025-12-27,Weapon Law Violations,SOCIETY,EAST,Weapon Law Violations,78220,2026-09-01
42605400706,2023-02-17,Weapon Law Violations,SOCIETY,SOUTH,Weapon Law Violations,78221,2026-09-01
49225273310,2023-04-21,Weapon Law Violations,SOCIETY,SOUTH,Weapon Law Violations,78221,2026-09-01
49364956900,2023-05-08,Weapon Law Violations,SOCIETY,SOUTH,Weapon Law Violations,78221,2026-09-01
52284365710,2023-09-28,Weapon Law Violations,SOCIETY,SOUTH,Weapon Law Violations,78221,2026-09-01
53901473211,2024-01-26,Weapon Law Violations,SOCIETY,SOUTH,Weapon Law Violations,78223,2026-09-01
62656264540,2025-02-07,Weapon Law Violations,SOCIETY,SOUTH,Weapon Law Violations,78223,2026-09-01
64818938164,2025-07-04,Weapon Law Violations,SOCIETY,SOUTH,Weapon Law Violations,78223,2026-09-01
53620426062,2024-01-03,Weapon Law Violations,SOCIETY,SOUTH,Weapon Law Violations,78224,2026-09-01
63627029550,2025-04-18,Weapon Law Violations,SOCIETY,SOUTH,Weapon Law Violations,78224,2026-09-01
48754651225,2023-04-05,Weapon Law Violations,SOCIETY,SOUTH,Weapon Law Violations,78225,2026-09-01
39669930133,2023-01-05,Weapon Law Violations,SOCIETY,SOUTH,Weapon Law Violations,78227,2026-09-01
53122153875,2023-11-21,Weapon Law Violations,SOCIETY,WEST,Weapon Law Violations,78227,2026-09-01
66822600252,2025-10-21,Weapon Law Violations,SOCIETY,SOUTH,Weapon Law Violations,78227,2026-09-01
68500440295,2026-02-10,Weapon Law Violations,SOCIETY,WEST,Weapon Law Violations,78227,2026-09-01
57596819585,2024-07-14,Weapon Law Violations,SOCIETY,WEST,Weapon Law Violations,78228,2026-09-01
68368404005,2026-01-31,Weapon Law Violations,SOCIETY,WEST,Weapon Law Violations,78228,2026-09-01
70910828143,2026-06-07,Weapon Law Violations,SOCIETY,WEST,Weapon Law Violations,78228,2026-09-01
50868213202,2023-06-01,Weapon Law Violations,SOCIETY,PRUE,Weapon Law Violations,78230,2026-09-01
62240966243,2025-01-12,Weapon Law Violations,SOCIETY,PRUE,Weapon Law Violations,78230,2026-09-01
51506425869,2023-07-25,Weapon Law Violations,SOCIETY,NORTH,Weapon Law Violations,78232,2026-09-01
53736534290,2024-01-12,Weapon Law Violations,SOCIETY,NORTH,Weapon Law Violations,78232,2026-09-01
65435080621,2025-08-12,Weapon Law Violations,SOCIETY,NORTH,Weapon Law Violations,78232,2026-09-01
49253522491,2023-04-26,Weapon Law Violations,SOCIETY,NORTH,Weapon Law Violations,78233,2026-09-01
52801259280,2023-10-26,Weapon Law Violations,SOCIETY,WEST,Weapon Law Violations,78237,2026-09-01
71071164584,2026-06-19,Weapon Law Violations,SOCIETY,PRUE,Weapon Law Violations,78240,2026-09-01
68448178563,2026-02-06,Weapon Law Violations,SOCIETY,PRUE,Weapon Law Violations,78249,2026-09-01
71207092803,2026-06-28,Weapon Law Violations,SOCIETY,PRUE,Weapon Law Violations,78249,2026-09-01
51115457583,2023-06-26,Weapon Law Violations,SOCIETY,WEST,Weapon Law Violations,78251,2026-09-01
71059471617,2026-06-18,Weapon Law Violations,SOCIETY,WEST,Weapon Law Violations,78251,2026-09-01
68556949931,2026-02-14,Weapon Law Violations,SOCIETY,PRUE,Weapon Law Violations,78254,2026-09-01
69538431480,2026-04-04,Weapon Law Violations,SOCIETY,NORTH,Weapon Law Violations,78258,2026-09-01
49365338911,2023-05-08,Weapon Law Violations,SOCIETY,PRUE,Weapon Law Violations,78288,2026-09-01
67334101730,2025-11-12,Weapon Law Violations,SOCIETY,EAST,Weapon Law Violations,Out of Jurisdiction,2026-09-01
52599533451,2023-10-16,Weapon Law Violations,SOCIETY,CENTRAL,Weapon Law Violations,78201,2026-09-01
56860138991,2024-06-14,Weapon Law Violations,SOCIETY,CENTRAL,Weapon Law Violations,78201,2026-09-01
57284191972,2024-07-03,Weapon Law Violations,SOCIETY,DOWNTOWN,Weapon Law Violations,78204,2026-09-01
68313419280,2026-01-26,Weapon Law Violations,SOCIETY,CENTRAL,Weapon Law Violations,78204,2026-09-01
55604916714,2024-04-20,Weapon Law Violations,SOCIETY,CENTRAL,Weapon Law Violations,78205,2026-09-01
60012161764,2024-10-11,Weapon Law Violations,SOCIETY,DOWNTOWN,Weapon Law Violations,78205,2026-09-01
41518415931,2023-02-06,Weapon Law Violations,SOCIETY,CENTRAL,Weapon Law Violations,78207,2026-09-01
49327188179,2023-05-02,Weapon Law Violations,SOCIETY,CENTRAL,Weapon Law Violations,78207,2026-09-01
56452901042,2024-06-26,Weapon Law Violations,SOCIETY,CENTRAL,Weapon Law Violations,78207,2026-09-01
65723454038,2025-09-04,Weapon Law Violations,SOCIETY,CENTRAL,Weapon Law Violations,78207,2026-09-01
51829993924,2023-08-14,Weapon Law Violations,SOCIETY,NORTH,Weapon Law Violations,78209,2026-09-01
52470398135,2023-09-29,Weapon Law Violations,SOCIETY,NORTH,Weapon Law Violations,78209,2026-09-01
51307782364,2023-07-05,Weapon Law Violations,SOCIETY,EAST,Weapon Law Violations,78210,2026-09-01
53303664882,2023-12-05,Weapon Law Violations,SOCIETY,SOUTH,Weapon Law Violations,78210,2026-09-01
59828796781,2024-10-02,Weapon Law Violations,SOCIETY,DOWNTOWN,Weapon Law Violations,78210,2026-09-01
62083056556,2025-01-02,Weapon Law Violations,SOCIETY,SOUTH,Weapon Law Violations,78210,2026-09-01
67484866527,2025-11-22,Weapon Law Violations,SOCIETY,DOWNTOWN,Weapon Law Violations,78210,2026-09-01
69148174917,2026-03-10,Weapon Law Violations,SOCIETY,DOWNTOWN,Weapon Law Violations,78210,2026-09-01
63862820265,2025-05-06,Weapon Law Violations,SOCIETY,SOUTH,Weapon Law Violations,78211,2026-09-01
53986101754,2024-02-01,Weapon Law Violations,SOCIETY,CENTRAL,Weapon Law Violations,78212,2026-09-01
61776276975,2024-12-14,Weapon Law Violations,SOCIETY,DOWNTOWN,Weapon Law Violations,78212,2026-09-01
64380996648,2025-06-08,Weapon Law Violations,SOCIETY,CENTRAL,Weapon Law Violations,78213,2026-09-01
67993513966,2025-12-31,Weapon Law Violations,SOCIETY,CENTRAL,Weapon Law Violations,78213,2026-09-01
58261167836,2024-08-09,Weapon Law Violations,SOCIETY,SOUTH,Weapon Law Violations,78214,2026-09-01
68725578170,2026-02-27,Weapon Law Violations,SOCIETY,DOWNTOWN,Weapon Law Violations,78215,2026-09-01
50041555912,2023-05-21,Weapon Law Violations,SOCIETY,NORTH,Weapon Law Violations,78216,2026-09-01
54027588310,2024-02-04,Weapon Law Violations,SOCIETY,NORTH,Weapon Law Violations,78216,2026-09-01
56876222134,2024-06-15,Weapon Law Violations,SOCIETY,NORTH,Weapon Law Violations,78216,2026-09-01
59519972880,2024-09-23,Weapon Law Violations,SOCIETY,NORTH,Weapon Law Violations,78216,2026-09-01
63928690429,2025-05-10,Weapon Law Violations,SOCIETY,NORTH,Weapon Law Violations,78216,2026-09-01
68754980679,2026-03-01,Weapon Law Violations,SOCIETY,NORTH,Weapon Law Violations,78216,2026-09-01
69795713532,2026-04-22,Weapon Law Violations,SOCIETY,NORTH,Weapon Law Violations,78216,2026-09-01
60985865672,2024-11-25,Weapon Law Violations,SOCIETY,NORTH,Weapon Law Violations,78217,2026-09-01
48995014624,2023-04-10,Weapon Law Violations,SOCIETY,EAST,Weapon Law Violations,78219,2026-09-01
53855919789,2024-01-21,Weapon Law Violations,SOCIETY,EAST,Weapon Law Violations,78220,2026-09-01
46268274923,2023-03-13,Weapon Law Violations,SOCIETY,SOUTH,Weapon Law Violations,78221,2026-09-01
50936372156,2023-06-04,Weapon Law Violations,SOCIETY,SOUTH,Weapon Law Violations,78221,2026-09-01
65239488275,2025-08-02,Weapon Law Violations,SOCIETY,SOUTH,Weapon Law Violations,78221,2026-09-01
69307854921,2026-03-20,Weapon Law Violations,SOCIETY,SOUTH,Weapon Law Violations,78221,2026-09-01
56416514708,2024-05-26,Weapon Law Violations,SOCIETY,EAST,Weapon Law Violations,78222,2026-09-01
51001995359,2023-06-13,Weapon Law Violations,SOCIETY,EAST,Weapon Law Violations,78223,2026-09-01
66844711075,2025-10-23,Weapon Law Violations,SOCIETY,EAST,Weapon Law Violations,78223,2026-09-01
68589321328,2026-02-17,Weapon Law Violations,SOCIETY,EAST,Weapon Law Violations,78223,2026-09-01
59377322593,2024-09-17,Weapon Law Violations,SOCIETY,SOUTH,Weapon Law Violations,78224,2026-09-01
71164133257,2026-06-25,Weapon Law Violations,SOCIETY,SOUTH,Weapon Law Violations,78224,2026-09-01
49034346556,2023-04-16,Weapon Law Violations,SOCIETY,WEST,Weapon Law Violations,78227,2026-09-01
49233346107,2023-04-22,Weapon Law Violations,SOCIETY,WEST,Weapon Law Violations,78228,2026-09-01
56532359542,2024-06-02,Weapon Law Violations,SOCIETY,WEST,Weapon Law Violations,78228,2026-09-01
55537189859,2024-04-17,Weapon Law Violations,SOCIETY,PRUE,Weapon Law Violations,78230,2026-09-01
58566175125,2024-08-26,Weapon Law Violations,SOCIETY,PRUE,Weapon Law Violations,78230,2026-09-01
65640866520,2025-08-28,Weapon Law Violations,SOCIETY,PRUE,Weapon Law Violations,78230,2026-09-01
65935575927,2025-09-24,Weapon Law Violations,SOCIETY,PRUE,Weapon Law Violations,78230,2026-09-01
51790139102,2023-08-31,Weapon Law Violations,SOCIETY,WEST,Weapon Law Violations,78237,2026-09-01
63109900691,2025-03-08,Weapon Law Violations,SOCIETY,WEST,Weapon Law Violations,78237,2026-09-01
68226209729,2026-01-18,Weapon Law Violations,SOCIETY,WEST,Weapon Law Violations,78237,2026-09-01
69779463328,2026-04-21,Weapon Law Violations,SOCIETY,WEST,Weapon Law Violations,78237,2026-09-01
70361603830,2026-05-09,Weapon Law Violations,SOCIETY,WEST,Weapon Law Violations,78237,2026-09-01
49787221053,2023-05-15,Weapon Law Violations,SOCIETY,PRUE,Weapon Law Violations,78240,2026-09-01
51509318473,2023-07-26,Weapon Law Violations,SOCIETY,PRUE,Weapon Law Violations,78240,2026-09-01
71035072817,2026-06-16,Weapon Law Violations,SOCIETY,SOUTH,Weapon Law Violations,78242,2026-09-01
63460321945,2025-04-03,Weapon Law Violations,SOCIETY,WEST,Weapon Law Violations,78245,2026-09-01
69988296281,2026-04-29,Weapon Law Violations,SOCIETY,WEST,Weapon Law Violations,78245,2026-09-01
70912233826,2026-06-07,Weapon Law Violations,SOCIETY,WEST,Weapon Law Violations,78245,2026-09-01
48482280890,2023-04-02,Weapon Law Violations,SOCIETY,PRUE,Weapon Law Violations,78249,2026-09-01
65232044444,2025-08-02,Weapon Law Violations,SOCIETY,NORTH,Weapon Law Violations,78258,2026-09-01
65200288781,2025-07-30,Weapon Law Violations,SOCIETY,PRUE,Weapon Law Violations,78288,2026-09-01
68751902440,2026-03-01,Weapon Law Violations,SOCIETY,SOUTH,Weapon Law Violations,Out of Jurisdiction,2026-09-01
51340783343,2023-07-08,Weapon Law Violations,SOCIETY,CENTRAL,Weapon Law Violations,78201,2026-09-01
57003316525,2024-06-21,Weapon Law Violations,SOCIETY,WEST,Weapon Law Violations,78201,2026-09-01
60974367016,2024-11-24,Weapon Law Violations,SOCIETY,WEST,Weapon Law Violations,78201,2026-09-01
58914765685,2024-09-11,Weapon Law Violations,SOCIETY,EAST,Weapon Law Violations,78202,2026-09-01
69425446874,2026-03-27,Weapon Law Violations,SOCIETY,EAST,Weapon Law Violations,78202,2026-09-01
40692932982,2023-01-14,Weapon Law Violations,SOCIETY,EAST,Weapon Law Violations,78203,2026-09-01
67875110887,2025-12-19,Weapon Law Violations,SOCIETY,EAST,Weapon Law Violations,78203,2026-09-01
62492126313,2025-01-28,Weapon Law Violations,SOCIETY,CENTRAL,Weapon Law Violations,78204,2026-09-01
64359282650,2025-06-07,Weapon Law Violations,SOCIETY,DOWNTOWN,Weapon Law Violations,78205,2026-09-01
71869410463,2026-07-27,Weapon Law Violations,SOCIETY,DOWNTOWN,Weapon Law Violations,78205,2026-09-01
51807635291,2023-08-12,Weapon Law Violations,SOCIETY,CENTRAL,Weapon Law Violations,78207,2026-09-01
52345899958,2023-09-18,Weapon Law Violations,SOCIETY,CENTRAL,Weapon Law Violations,78207,2026-09-01
64116574722,2025-05-24,Weapon Law Violations,SOCIETY,CENTRAL,Weapon Law Violations,78207,2026-09-01
40695827203,2023-01-14,Weapon Law Violations,SOCIETY,NORTH,Weapon Law Violations,78209,2026-09-01
67246683609,2025-11-07,Weapon Law Violations,SOCIETY,NORTH,Weapon Law Violations,78209,2026-09-01
68550547746,2026-02-13,Weapon Law Violations,SOCIETY,EAST,Weapon Law Violations,78210,2026-09-01
71855441170,2026-07-26,Weapon Law Violations,SOCIETY,EAST,Weapon Law Violations,78210,2026-09-01
53571152496,2023-12-28,Weapon Law Violations,SOCIETY,SOUTH,Weapon Law Violations,78211,2026-09-01
62251771921,2025-01-13,Weapon Law Violations,SOCIETY,SOUTH,Weapon Law Violations,78211,2026-09-01
68759565350,2026-03-01,Weapon Law Violations,SOCIETY,SOUTH,Weapon Law Violations,78211,2026-09-01
59849270309,2024-10-03,Weapon Law Violations,SOCIETY,DOWNTOWN,Weapon Law Violations,78212,2026-09-01
70996753580,2026-06-13,Weapon Law Violations,SOCIETY,DOWNTOWN,Weapon Law Violations,78212,2026-09-01
50991371461,2023-06-11,Weapon Law Violations,SOCIETY,CENTRAL,Weapon Law Violations,78213,2026-09-01
52624444683,2023-10-18,Weapon Law Violations,SOCIETY,SOUTH,Weapon Law Violations,78214,2026-09-01
53880316256,2024-01-24,Weapon Law Violations,SOCIETY,SOUTH,Weapon Law Violations,78214,2026-09-01
41291378613,2023-01-29,Weapon Law Violations,SOCIETY,CENTRAL,Weapon Law Violations,78215,2026-09-01
67606500951,2025-11-30,Weapon Law Violations,SOCIETY,DOWNTOWN,Weapon Law Violations,78215,2026-09-01
49246742810,2023-04-25,Weapon Law Violations,SOCIETY,NORTH,Weapon Law Violations,78216,2026-09-01
54523659362,2024-02-29,Weapon Law Violations,SOCIETY,NORTH,Weapon Law Violations,78216,2026-09-01
66788340463,2025-10-19,Weapon Law Violations,SOCIETY,NORTH,Weapon Law Violations,78216,2026-09-01
67197431730,2025-11-05,Weapon Law Violations,SOCIETY,NORTH,Weapon Law Violations,78216,2026-09-01
42987968852,2023-02-21,Weapon Law Violations,SOCIETY,NORTH,Weapon Law Violations,78217,2026-09-01
64602412574,2025-06-21,Weapon Law Violations,SOCIETY,NORTH,Weapon Law Violations,78217,2026-09-01
57585835936,2024-07-13,Weapon Law Violations,SOCIETY,EAST,Weapon Law Violations,78218,2026-09-01
67485124506,2025-11-22,Weapon Law Violations,SOCIETY,EAST,Weapon Law Violations,78218,2026-09-01
68600728914,2026-02-18,Weapon Law Violations,SOCIETY,EAST,Weapon Law Violations,78220,2026-09-01
48179700694,2023-03-30,Weapon Law Violations,SOCIETY,SOUTH,Weapon Law Violations,78221,2026-09-01
54963665830,2024-03-22,Weapon Law Violations,SOCIETY,SOUTH,Weapon Law Violations,78221,2026-09-01
58445682053,2024-08-17,Weapon Law Violations,SOCIETY,EAST,Weapon Law Violations,78222,2026-09-01
51458850982,2023-07-21,Weapon Law Violations,SOCIETY,SOUTH,Weapon Law Violations,78224,2026-09-01
64610205412,2025-06-22,Weapon Law Violations,SOCIETY,SOUTH,Weapon Law Violations,78224,2026-09-01
45520619429,2023-03-09,Weapon Law Violations,SOCIETY,WEST,Weapon Law Violations,78227,2026-09-01
67696039720,2025-12-06,Weapon Law Violations,SOCIETY,WEST,Weapon Law Violations,78227,2026-09-01
53262765210,2023-11-30,Weapon Law Violations,SOCIETY,WEST,Weapon Law Violations,78228,2026-09-01
66729547598,2025-10-15,Weapon Law Violations,SOCIETY,WEST,Weapon Law Violations,78228,2026-09-01
71107248927,2026-06-22,Weapon Law Violations,SOCIETY,WEST,Weapon Law Violations,78228,2026-09-01
52299378491,2023-09-15,Weapon Law Violations,SOCIETY,PRUE,Weapon Law Violations,78229,2026-09-01
65263332889,2025-08-05,Weapon Law Violations,SOCIETY,PRUE,Weapon Law Violations,78229,2026-09-01
51308837975,2023-07-05,Weapon Law Violations,SOCIETY,PRUE,Weapon Law Violations,78230,2026-09-01
51963490750,2023-08-22,Weapon Law Violations,SOCIETY,WEST,Weapon Law Violations,78237,2026-09-01
54207400852,2024-02-16,Weapon Law Violations,SOCIETY,WEST,Weapon Law Violations,78237,2026-09-01
56422530956,2024-05-26,Weapon Law Violations,SOCIETY,WEST,Weapon Law Violations,78237,2026-09-01
64428748544,2025-06-09,Weapon Law Violations,SOCIETY,WEST,Weapon Law Violations,78237,2026-09-01
67553939630,2025-11-26,Weapon Law Violations,SOCIETY,WEST,Weapon Law Violations,78237,2026-09-01
54942971374,2024-03-21,Weapon Law Violations,SOCIETY,PRUE,Weapon Law Violations,78240,2026-09-01
56133001528,2024-05-18,Weapon Law Violations,SOCIETY,SOUTH,Weapon Law Violations,78242,2026-09-01
62014855499,2024-12-26,Weapon Law Violations,SOCIETY,SOUTH,Weapon Law Violations,78242,2026-09-01
62229855376,2025-01-11,Weapon Law Violations,SOCIETY,SOUTH,Weapon Law Violations,78242,2026-09-01
62968527285,2025-03-02,Weapon Law Violations,SOCIETY,SOUTH,Weapon Law Violations,78242,2026-09-01
62929192408,2025-02-26,Weapon Law Violations,SOCIETY,WEST,Weapon Law Violations,78245,2026-09-01
63285398821,2025-03-31,Weapon Law Violations,SOCIETY,WEST,Weapon Law Violations,78245,2026-09-01
65004108600,2025-07-17,Weapon Law Violations,SOCIETY,WEST,Weapon Law Violations,78245,2026-09-01
63114235446,2025-03-09,Weapon Law Violations,SOCIETY,NORTH,Weapon Law Violations,78247,2026-09-01
49842100239,2023-05-17,Weapon Law Violations,SOCIETY,WEST,Weapon Law Violations,78251,2026-09-01
56274878209,2024-05-22,Weapon Law Violations,SOCIETY,WEST,Weapon Law Violations,78251,2026-09-01
60380443887,2024-11-03,Weapon Law Violations,SOCIETY,WEST,Weapon Law Violations,78251,2026-09-01
62966452526,2025-03-01,Weapon Law Violations,SOCIETY,WEST,Weapon Law Violations,78251,2026-09-01
65351329592,2025-08-07,Weapon Law Violations,SOCIETY,WEST,Weapon Law Violations,78251,2026-09-01
65578145955,2025-08-24,Weapon Law Violations,SOCIETY,WEST,Weapon Law Violations,78251,2026-09-01
57210321069,2024-06-30,Weapon Law Violations,SOCIETY,PRUE,Weapon Law Violations,78254,2026-09-01
60990942006,2024-11-26,Weapon Law Violations,SOCIETY,WEST,Weapon Law Violations,78201,2026-09-01
52449111695,2023-09-27,Weapon Law Violations,SOCIETY,EAST,Weapon Law Violations,78203,2026-09-01
43377595784,2023-02-25,Weapon Law Violations,SOCIETY,CENTRAL,Weapon Law Violations,78204,2026-09-01
55538548928,2024-04-17,Weapon Law Violations,SOCIETY,SOUTH,Weapon Law Violations,78204,2026-09-01
54343517781,2024-02-23,Weapon Law Violations,SOCIETY,CENTRAL,Weapon Law Violations,78205,2026-09-01
67123804011,2025-11-01,Weapon Law Violations,SOCIETY,DOWNTOWN,Weapon Law Violations,78205,2026-09-01
69102225040,2026-03-07,Weapon Law Violations,SOCIETY,DOWNTOWN,Weapon Law Violations,78205,2026-09-01
44750802032,2023-03-03,Weapon Law Violations,SOCIETY,CENTRAL,Weapon Law Violations,78207,2026-09-01
54208238100,2024-02-17,Weapon Law Violations,SOCIETY,CENTRAL,Weapon Law Violations,78207,2026-09-01
63159498900,2025-03-12,Weapon Law Violations,SOCIETY,CENTRAL,Weapon Law Violations,78207,2026-09-01
67938459791,2025-12-26,Weapon Law Violations,SOCIETY,CENTRAL,Weapon Law Violations,78207,2026-09-01
70550766839,2026-05-21,Weapon Law Violations,SOCIETY,DOWNTOWN,Weapon Law Violations,78209,2026-09-01
46563978327,2023-03-15,Weapon Law Violations,SOCIETY,CENTRAL,Weapon Law Violations,78210,2026-09-01
50102203176,2023-05-28,Weapon Law Violations,SOCIETY,EAST,Weapon Law Violations,78210,2026-09-01
51285809743,2023-07-02,Weapon Law Violations,SOCIETY,EAST,Weapon Law Violations,78210,2026-09-01
51408817165,2023-07-17,Weapon Law Violations,SOCIETY,CENTRAL,Weapon Law Violations,78210,2026-09-01
53984694965,2024-02-01,Weapon Law Violations,SOCIETY,CENTRAL,Weapon Law Violations,78210,2026-09-01
63162903258,2025-03-12,Weapon Law Violations,SOCIETY,DOWNTOWN,Weapon Law Violations,78210,2026-09-01
65491999545,2025-08-17,Weapon Law Violations,SOCIETY,SOUTH,Weapon Law Violations,78210,2026-09-01
71875257128,2026-07-27,Weapon Law Violations,SOCIETY,EAST,Weapon Law Violations,78210,2026-09-01
41479960419,2023-02-05,Weapon Law Violations,SOCIETY,SOUTH,Weapon Law Violations,78211,2026-09-01
51114504773,2023-06-25,Weapon Law Violations,SOCIETY,SOUTH,Weapon Law Violations,78211,2026-09-01
52792346227,2023-10-25,Weapon Law Violations,SOCIETY,CENTRAL,Weapon Law Violations,78212,2026-09-01
51539865106,2023-07-29,Weapon Law Violations,SOCIETY,CENTRAL,Weapon Law Violations,78213,2026-09-01
52182284875,2023-09-03,Weapon Law Violations,SOCIETY,SOUTH,Weapon Law Violations,78214,2026-09-01
65372024373,2025-08-08,Weapon Law Violations,SOCIETY,SOUTH,Weapon Law Violations,78214,2026-09-01
42397860508,2023-02-15,Weapon Law Violations,SOCIETY,NORTH,Weapon Law Violations,78216,2026-09-01
48644417888,2023-04-03,Weapon Law Violations,SOCIETY,NORTH,Weapon Law Violations,78216,2026-09-01
49353358255,2023-05-05,Weapon Law Violations,SOCIETY,NORTH,Weapon Law Violations,78216,2026-09-01
52425746471,2023-09-25,Weapon Law Violations,SOCIETY,NORTH,Weapon Law Violations,78216,2026-09-01
54069403293,2024-02-06,Weapon Law Violations,SOCIETY,NORTH,Weapon Law Violations,78216,2026-09-01
57990759309,2024-07-31,Weapon Law Violations,SOCIETY,NORTH,Weapon Law Violations,78216,2026-09-01
63837138571,2025-05-05,Weapon Law Violations,SOCIETY,NORTH,Weapon Law Violations,78216,2026-09-01
59382673270,2024-09-18,Weapon Law Violations,SOCIETY,EAST,Weapon Law Violations,78218,2026-09-01
51355110760,2023-07-10,Weapon Law Violations,SOCIETY,EAST,Weapon Law Violations,78219,2026-09-01
57409765726,2024-07-05,Weapon Law Violations,SOCIETY,EAST,Weapon Law Violations,78219,2026-09-01
53678897913,2024-01-08,Weapon Law Violations,SOCIETY,EAST,Weapon Law Violations,78220,2026-09-01
64747284292,2025-06-30,Weapon Law Violations,SOCIETY,SOUTH,Weapon Law Violations,78221,2026-09-01
44902188176,2023-03-04,Weapon Law Violations,SOCIETY,EAST,Weapon Law Violations,78222,2026-09-01
52441372522,2023-09-26,Weapon Law Violations,SOCIETY,EAST,Weapon Law Violations,78222,2026-09-01
49223493570,2023-04-21,Weapon Law Violations,SOCIETY,SOUTH,Weapon Law Violations,78223,2026-09-01
65404735206,2025-08-11,Weapon Law Violations,SOCIETY,SOUTH,Weapon Law Violations,78223,2026-09-01
69333582779,2026-03-21,Weapon Law Violations,SOCIETY,EAST,Weapon Law Violations,78223,2026-09-01
52436379949,2023-09-25,Weapon Law Violations,SOCIETY,SOUTH,Weapon Law Violations,78224,2026-09-01
52747829504,2023-10-22,Weapon Law Violations,SOCIETY,SOUTH,Weapon Law Violations,78224,2026-09-01
48645011213,2023-04-03,Weapon Law Violations,SOCIETY,WEST,Weapon Law Violations,78227,2026-09-01
58479071435,2024-08-20,Weapon Law Violations,SOCIETY,SOUTH,Weapon Law Violations,78227,2026-09-01
66208479642,2025-09-24,Weapon Law Violations,SOCIETY,SOUTH,Weapon Law Violations,78227,2026-09-01
65177124727,2025-07-28,Weapon Law Violations,SOCIETY,PRUE,Weapon Law Violations,78230,2026-09-01
53751989544,2024-01-12,Weapon Law Violations,SOCIETY,NORTH,Weapon Law Violations,78232,2026-09-01
49232797000,2023-04-22,Weapon Law Violations,SOCIETY,NORTH,Weapon Law Violations,78233,2026-09-01
56108533301,2024-05-17,Weapon Law Violations,SOCIETY,NORTH,Weapon Law Violations,78233,2026-09-01
57748813842,2024-07-18,Weapon Law Violations,SOCIETY,NORTH,Weapon Law Violations,78233,2026-09-01
41948913613,2023-02-11,Weapon Law Violations,SOCIETY,WEST,Weapon Law Violations,78237,2026-09-01
45004377327,2023-03-05,Weapon Law Violations,SOCIETY,SOUTH,Weapon Law Violations,78237,2026-09-01
61428248963,2024-12-07,Weapon Law Violations,SOCIETY,WEST,Weapon Law Violations,78237,2026-09-01
65574029638,2025-08-23,Weapon Law Violations,SOCIETY,WEST,Weapon Law Violations,78237,2026-09-01
65808806224,2025-09-07,Weapon Law Violations,SOCIETY,WEST,Weapon Law Violations,78237,2026-09-01
66744831099,2025-10-16,Weapon Law Violations,SOCIETY,WEST,Weapon Law Violations,78237,2026-09-01
71964535873,2026-08-03,Weapon Law Violations,SOCIETY,CENTRAL,Weapon Law Violations,78237,2026-09-01
72421541813,2026-08-25,Weapon Law Violations,SOCIETY,WEST,Weapon Law Violations,78237,2026-09-01
52531287399,2023-10-07,Weapon Law Violations,SOCIETY,SOUTH,Weapon Law Violations,78242,2026-09-01
61923942239,2024-12-19,Weapon Law Violations,SOCIETY,SOUTH,Weapon Law Violations,78242,2026-09-01
65194219688,2025-07-30,Weapon Law Violations,SOCIETY,SOUTH,Weapon Law Violations,78242,2026-09-01
67064024418,2025-10-30,Weapon Law Violations,SOCIETY,SOUTH,Weapon Law Violations,78242,2026-09-01
43477359554,2023-02-26,Weapon Law Violations,SOCIETY,PRUE,Weapon Law Violations,78249,2026-09-01
52807185273,2023-10-26,Weapon Law Violations,SOCIETY,PRUE,Weapon Law Violations,78249,2026-09-01
52304860338,2023-09-16,Weapon Law Violations,SOCIETY,PRUE,Weapon Law Violations,78250,2026-09-01
55471424932,2024-04-15,Weapon Law Violations,SOCIETY,WEST,Weapon Law Violations,78250,2026-09-01
44033921190,2023-02-28,Weapon Law Violations,SOCIETY,WEST,Weapon Law Violations,78251,2026-09-01
69199978120,2026-03-13,Weapon Law Violations,SOCIETY,WEST,Weapon Law Violations,78251,2026-09-01
59182435243,2024-09-14,Weapon Law Violations,SOCIETY,PRUE,Weapon Law Violations,78257,2026-09-01
66737691139,2025-10-16,Weapon Law Violations,SOCIETY,WEST,Weapon Law Violations,78201,2026-09-01
64141167337,2025-05-26,Weapon Law Violations,SOCIETY,EAST,Weapon Law Violations,78202,2026-09-01
65966597867,2025-09-10,Weapon Law Violations,SOCIETY,EAST,Weapon Law Violations,78203,2026-09-01
59847968938,2024-10-03,Weapon Law Violations,SOCIETY,DOWNTOWN,Weapon Law Violations,78204,2026-09-01
65291653466,2025-08-06,Weapon Law Violations,SOCIETY,DOWNTOWN,Weapon Law Violations,78204,2026-09-01
51704830205,2023-08-05,Weapon Law Violations,SOCIETY,CENTRAL,Weapon Law Violations,78205,2026-09-01
62146088686,2025-01-05,Weapon Law Violations,SOCIETY,DOWNTOWN,Weapon Law Violations,78205,2026-09-01
63279892922,2025-03-22,Weapon Law Violations,SOCIETY,DOWNTOWN,Weapon Law Violations,78205,2026-09-01
67365879488,2025-11-15,Weapon Law Violations,SOCIETY,DOWNTOWN,Weapon Law Violations,78205,2026-09-01
49315800650,2023-05-01,Weapon Law Violations,SOCIETY,CENTRAL,Weapon Law Violations,78207,2026-09-01
50957409996,2023-06-07,Weapon Law Violations,SOCIETY,CENTRAL,Weapon Law Violations,78207,2026-09-01
55234097781,2024-04-06,Weapon Law Violations,SOCIETY,CENTRAL,Weapon Law Violations,78207,2026-09-01
55533060158,2024-04-17,Weapon Law Violations,SOCIETY,CENTRAL,Weapon Law Violations,78207,2026-09-01
57464274518,2024-07-08,Weapon Law Violations,SOCIETY,CENTRAL,Weapon Law Violations,78207,2026-09-01
61952786197,2024-12-21,Weapon Law Violations,SOCIETY,CENTRAL,Weapon Law Violations,78207,2026-09-01
63289775132,2025-03-23,Weapon Law Violations,SOCIETY,CENTRAL,Weapon Law Violations,78207,2026-09-01
66388631085,2025-10-07,Weapon Law Violations,SOCIETY,CENTRAL,Weapon Law Violations,78207,2026-09-01
70973166560,2026-06-12,Weapon Law Violations,SOCIETY,CENTRAL,Weapon Law Violations,78207,2026-09-01
71227706380,2026-06-30,Weapon Law Violations,SOCIETY,CENTRAL,Weapon Law Violations,78207,2026-09-01
55012442588,2024-03-27,Weapon Law Violations,SOCIETY,NORTH,Weapon Law Violations,78209,2026-09-01
58112125678,2024-08-04,Weapon Law Violations,SOCIETY,SOUTH,Weapon Law Violations,78210,2026-09-01
59533514098,2024-09-23,Weapon Law Violations,SOCIETY,EAST,Weapon Law Violations,78210,2026-09-01
68409790170,2026-02-04,Weapon Law Violations,SOCIETY,SOUTH,Weapon Law Violations,78210,2026-09-01
54018190210,2024-02-03,Weapon Law Violations,SOCIETY,CENTRAL,Weapon Law Violations,78212,2026-09-01
69435280000,2026-03-28,Weapon Law Violations,SOCIETY,DOWNTOWN,Weapon Law Violations,78212,2026-09-01
53074017812,2023-11-15,Weapon Law Violations,SOCIETY,CENTRAL,Weapon Law Violations,78213,2026-09-01
51117290712,2023-06-26,Weapon Law Violations,SOCIETY,SOUTH,Weapon Law Violations,78214,2026-09-01
67749439416,2025-12-10,Weapon Law Violations,SOCIETY,SOUTH,Weapon Law Violations,78214,2026-09-01
54552394577,2024-03-02,Weapon Law Violations,SOCIETY,NORTH,Weapon Law Violations,78216,2026-09-01
55936132309,2024-05-06,Weapon Law Violations,SOCIETY,NORTH,Weapon Law Violations,78216,2026-09-01
57885187987,2024-07-23,Weapon Law Violations,SOCIETY,NORTH,Weapon Law Violations,78216,2026-09-01
59402318129,2024-09-20,Weapon Law Violations,SOCIETY,NORTH,Weapon Law Violations,78216,2026-09-01
64282929189,2025-06-01,Weapon Law Violations,SOCIETY,NORTH,Weapon Law Violations,78216,2026-09-01
68622600895,2026-02-19,Weapon Law Violations,SOCIETY,NORTH,Weapon Law Violations,78216,2026-09-01
71087072999,2026-06-21,Weapon Law Violations,SOCIETY,NORTH,Weapon Law Violations,78216,2026-09-01
57566497734,2024-07-13,Weapon Law Violations,SOCIETY,NORTH,Weapon Law Violations,78217,2026-09-01
54574588449,2024-03-04,Weapon Law Violations,SOCIETY,EAST,Weapon Law Violations,78218,2026-09-01
63402594616,2025-03-30,Weapon Law Violations,SOCIETY,EAST,Weapon Law Violations,78218,2026-09-01
51148447770,2023-06-29,Weapon Law Violations,SOCIETY,EAST,Weapon Law Violations,78219,2026-09-01
66687297020,2025-10-14,Weapon Law Violations,SOCIETY,SOUTH,Weapon Law Violations,78219,2026-09-01
69881188730,2026-04-28,Weapon Law Violations,SOCIETY,EAST,Weapon Law Violations,78220,2026-09-01
72389786544,2026-08-23,Weapon Law Violations,SOCIETY,EAST,Weapon Law Violations,78220,2026-09-01
42893065834,2023-02-21,Weapon Law Violations,SOCIETY,SOUTH,Weapon Law Violations,78221,2026-09-01
52775037858,2023-10-24,Weapon Law Violations,SOCIETY,SOUTH,Weapon Law Violations,78221,2026-09-01
71429390098,2026-07-06,Weapon Law Violations,SOCIETY,SOUTH,Weapon Law Violations,78221,2026-09-01
70613409884,2026-05-22,Weapon Law Violations,SOCIETY,EAST,Weapon Law Violations,78222,2026-09-01
51955448199,2023-08-21,Weapon Law Violations,SOCIETY,SOUTH,Weapon Law Violations,78223,2026-09-01
54010344812,2024-02-02,Weapon Law Violations,SOCIETY,SOUTH,Weapon Law Violations,78223,2026-09-01
60974151350,2024-11-24,Weapon Law Violations,SOCIETY,EAST,Weapon Law Violations,78223,2026-09-01
64861169152,2025-07-08,Weapon Law Violations,SOCIETY,SOUTH,Weapon Law Violations,78223,2026-09-01
68476201839,2026-02-09,Weapon Law Violations,SOCIETY,EAST,Weapon Law Violations,78223,2026-09-01
51455801808,2023-07-21,Weapon Law Violations,SOCIETY,SOUTH,Weapon Law Violations,78224,2026-09-01
68348669388,2026-01-29,Weapon Law Violations,SOCIETY,SOUTH,Weapon Law Violations,78224,2026-09-01
41818488729,2023-02-10,Weapon Law Violations,SOCIETY,SOUTH,Weapon Law Violations,78225,2026-09-01
49095801055,2023-04-17,Weapon Law Violations,SOCIETY,SOUTH,Weapon Law Violations,78225,2026-09-01
52233943796,2023-09-09,Weapon Law Violations,SOCIETY,SOUTH,Weapon Law Violations,78225,2026-09-01
44625733991,2023-03-02,Weapon Law Violations,SOCIETY,WEST,Weapon Law Violations,78227,2026-09-01
49050189084,2023-04-16,Weapon Law Violations,SOCIETY,WEST,Weapon Law Violations,78227,2026-09-01
58485983521,2024-08-21,Weapon Law Violations,SOCIETY,WEST,Weapon Law Violations,78227,2026-09-01
61380258605,2024-12-02,Weapon Law Violations,SOCIETY,WEST,Weapon Law Violations,78227,2026-09-01
62858009682,2025-02-20,Weapon Law Violations,SOCIETY,WEST,Weapon Law Violations,78228,2026-09-01
66406257606,2025-10-08,Weapon Law Violations,SOCIETY,WEST,Weapon Law Violations,78228,2026-09-01
48863693527,2023-04-06,Weapon Law Violations,SOCIETY,PRUE,Weapon Law Violations,78229,2026-09-01
60858568472,2024-11-18,Weapon Law Violations,SOCIETY,PRUE,Weapon Law Violations,78229,2026-09-01
63401617090,2025-03-30,Weapon Law Violations,SOCIETY,PRUE,Weapon Law Violations,78229,2026-09-01
52534667137,2023-10-08,Weapon Law Violations,SOCIETY,PRUE,Weapon Law Violations,78230,2026-09-01
52201008674,2023-09-05,Weapon Law Violations,SOCIETY,NORTH,Weapon Law Violations,78233,2026-09-01
52843374339,2023-10-30,Weapon Law Violations,SOCIETY,NORTH,Weapon Law Violations,78233,2026-09-01
53733530607,2024-01-11,Weapon Law Violations,SOCIETY,NORTH,Weapon Law Violations,78233,2026-09-01
66845161440,2025-10-23,Weapon Law Violations,SOCIETY,NORTH,Weapon Law Violations,78233,2026-09-01
51458302258,2023-07-21,Weapon Law Violations,SOCIETY,WEST,Weapon Law Violations,78237,2026-09-01
64539584770,2025-06-16,Weapon Law Violations,SOCIETY,WEST,Weapon Law Violations,78237,2026-09-01
68476249435,2026-02-08,Weapon Law Violations,SOCIETY,WEST,Weapon Law Violations,78237,2026-09-01
53363898456,2023-12-09,Weapon Law Violations,SOCIETY,WEST,Weapon Law Violations,78238,2026-09-01
51518321799,2023-07-26,Weapon Law Violations,SOCIETY,EAST,Weapon Law Violations,78239,2026-09-01
40720148853,2023-01-15,Weapon Law Violations,SOCIETY,PRUE,Weapon Law Violations,78240,2026-09-01
49017278883,2023-04-13,Weapon Law Violations,SOCIETY,SOUTH,Weapon Law Violations,78242,2026-09-01
52073165125,2023-08-30,Weapon Law Violations,SOCIETY,SOUTH,Weapon Law Violations,78242,2026-09-01
58757068715,2024-09-05,Weapon Law Violations,SOCIETY,SOUTH,Weapon Law Violations,78242,2026-09-01
42599422736,2023-02-17,Weapon Law Violations,SOCIETY,WEST,Weapon Law Violations,78245,2026-09-01
56177784158,2024-05-19,Weapon Law Violations,SOCIETY,WEST,Weapon Law Violations,78245,2026-09-01
63221793407,2025-03-17,Weapon Law Violations,SOCIETY,WEST,Weapon Law Violations,78245,2026-09-01
68116608735,2026-01-09,Weapon Law Violations,SOCIETY,WEST,Weapon Law Violations,78245,2026-09-01
51458395610,2023-07-21,Weapon Law Violations,SOCIETY,NORTH,Weapon Law Violations,78247,2026-09-01
52423978024,2023-09-25,Weapon Law Violations,SOCIETY,PRUE,Weapon Law Violations,78249,2026-09-01
60216158818,2024-10-26,Weapon Law Violations,SOCIETY,WEST,Weapon Law Violations,78251,2026-09-01
68623156781,2026-02-19,Weapon Law Violations,SOCIETY,WEST,Weapon Law Violations,78251,2026-09-01
50942543294,2023-06-05,Weapon Law Violations,SOCIETY,PRUE,Weapon Law Violations,78255,2026-09-01
56093112844,2024-05-16,Weapon Law Violations,SOCIETY,PRUE,Weapon Law Violations,78256,2026-09-01
58490131935,2024-08-21,Weapon Law Violations,SOCIETY,NORTH,Weapon Law Violations,78259,2026-09-01
63935498863,2025-05-11,Weapon Law Violations,SOCIETY,NORTH,Weapon Law Violations,78260,2026-09-01
62519667796,2025-01-30,Weapon Law Violations,SOCIETY,WEST,Weapon Law Violations,Out of Jurisdiction,2026-09-01
51972294898,2023-08-23,Weapon Law Violations,SOCIETY,EAST,Weapon Law Violations,78202,2026-09-01
54141737742,2024-02-13,Weapon Law Violations,SOCIETY,EAST,Weapon Law Violations,78202,2026-09-01
50103117324,2023-05-28,Weapon Law Violations,SOCIETY,EAST,Weapon Law Violations,78203,2026-09-01
53572164687,2023-12-28,Weapon Law Violations,SOCIETY,SOUTH,Weapon Law Violations,78204,2026-09-01
66140444285,2025-09-19,Weapon Law Violations,SOCIETY,DOWNTOWN,Weapon Law Violations,78205,2026-09-01
66267753437,2025-09-26,Weapon Law Violations,SOCIETY,DOWNTOWN,Weapon Law Violations,78205,2026-09-01
67799457213,2025-12-14,Weapon Law Violations,SOCIETY,DOWNTOWN,Weapon Law Violations,78205,2026-09-01
50088598940,2023-05-26,Weapon Law Violations,SOCIETY,CENTRAL,Weapon Law Violations,78207,2026-09-01
52112095917,2023-09-01,Weapon Law Violations,SOCIETY,CENTRAL,Weapon Law Violations,78207,2026-09-01
52203543972,2023-09-06,Weapon Law Violations,SOCIETY,CENTRAL,Weapon Law Violations,78207,2026-09-01
57520213067,2024-07-11,Weapon Law Violations,SOCIETY,CENTRAL,Weapon Law Violations,78207,2026-09-01
57896750333,2024-07-24,Weapon Law Violations,SOCIETY,CENTRAL,Weapon Law Violations,78207,2026-09-01
63874917604,2025-05-07,Weapon Law Violations,SOCIETY,CENTRAL,Weapon Law Violations,78207,2026-09-01
69769875246,2026-04-21,Weapon Law Violations,SOCIETY,CENTRAL,Weapon Law Violations,78207,2026-09-01
54938917211,2024-03-21,Weapon Law Violations,SOCIETY,EAST,Weapon Law Violations,78208,2026-09-01
70407614104,2026-05-11,Weapon Law Violations,SOCIETY,NORTH,Weapon Law Violations,78209,2026-09-01
66279653576,2025-09-28,Weapon Law Violations,SOCIETY,DOWNTOWN,Weapon Law Violations,78212,2026-09-01
40044268876,2023-01-07,Weapon Law Violations,SOCIETY,SOUTH,Weapon Law Violations,78214,2026-09-01
46237239263,2023-03-12,Weapon Law Violations,SOCIETY,SOUTH,Weapon Law Violations,78214,2026-09-01
54648269595,2024-03-10,Weapon Law Violations,SOCIETY,SOUTH,Weapon Law Violations,78214,2026-09-01
56008789333,2024-05-09,Weapon Law Violations,SOCIETY,SOUTH,Weapon Law Violations,78214,2026-09-01
57661684496,2024-07-16,Weapon Law Violations,SOCIETY,SOUTH,Weapon Law Violations,78214,2026-09-01
53876468481,2024-01-24,Weapon Law Violations,SOCIETY,CENTRAL,Weapon Law Violations,78215,2026-09-01
40981474813,2023-01-20,Weapon Law Violations,SOCIETY,NORTH,Weapon Law Violations,78216,2026-09-01
42397486203,2023-02-15,Weapon Law Violations,SOCIETY,NORTH,Weapon Law Violations,78216,2026-09-01
52993747212,2023-11-10,Weapon Law Violations,SOCIETY,NORTH,Weapon Law Violations,78216,2026-09-01
53154869180,2023-11-25,Weapon Law Violations,SOCIETY,NORTH,Weapon Law Violations,78216,2026-09-01
57217774387,2024-07-01,Weapon Law Violations,SOCIETY,NORTH,Weapon Law Violations,78216,2026-09-01
61434693057,2024-12-08,Weapon Law Violations,SOCIETY,NORTH,Weapon Law Violations,78216,2026-09-01
63391151749,2025-03-29,Weapon Law Violations,SOCIETY,NORTH,Weapon Law Violations,78216,2026-09-01
67238512958,2025-11-06,Weapon Law Violations,SOCIETY,NORTH,Weapon Law Violations,78216,2026-09-01
69399014221,2026-03-25,Weapon Law Violations,SOCIETY,NORTH,Weapon Law Violations,78216,2026-09-01
46124482137,2023-03-11,Weapon Law Violations,SOCIETY,NORTH,Weapon Law Violations,78217,2026-09-01
48979655872,2023-04-08,Weapon Law Violations,SOCIETY,NORTH,Weapon Law Violations,78217,2026-09-01
57645074189,2024-07-16,Weapon Law Violations,SOCIETY,NORTH,Weapon Law Violations,78217,2026-09-01
63749660195,2025-04-30,Weapon Law Violations,SOCIETY,EAST,Weapon Law Violations,78217,2026-09-01
51804170957,2023-08-12,Weapon Law Violations,SOCIETY,EAST,Weapon Law Violations,78218,2026-09-01
64264313467,2025-05-30,Weapon Law Violations,SOCIETY,EAST,Weapon Law Violations,78218,2026-09-01
54131700108,2024-02-12,Weapon Law Violations,SOCIETY,EAST,Weapon Law Violations,78220,2026-09-01
63404309339,2025-03-30,Weapon Law Violations,SOCIETY,EAST,Weapon Law Violations,78220,2026-09-01
55654336818,2024-04-23,Weapon Law Violations,SOCIETY,SOUTH,Weapon Law Violations,78221,2026-09-01
56587249814,2024-06-05,Weapon Law Violations,SOCIETY,SOUTH,Weapon Law Violations,78221,2026-09-01
44578545970,2023-03-02,Weapon Law Violations,SOCIETY,EAST,Weapon Law Violations,78222,2026-09-01
57635729655,2024-07-15,Weapon Law Violations,SOCIETY,EAST,Weapon Law Violations,78222,2026-09-01
61950338327,2024-12-21,Weapon Law Violations,SOCIETY,EAST,Weapon Law Violations,78222,2026-09-01
68661520677,2026-02-22,Weapon Law Violations,SOCIETY,EAST,Weapon Law Violations,78222,2026-09-01
69558131270,2026-04-05,Weapon Law Violations,SOCIETY,SOUTH,Weapon Law Violations,78223,2026-09-01
60859102395,2024-11-18,Weapon Law Violations,SOCIETY,WEST,Weapon Law Violations,78227,2026-09-01
66206241363,2025-09-23,Weapon Law Violations,SOCIETY,WEST,Weapon Law Violations,78227,2026-09-01
52267500906,2023-09-12,Weapon Law Violations,SOCIETY,WEST,Weapon Law Violations,78228,2026-09-01
53016906224,2023-11-13,Weapon Law Violations,SOCIETY,WEST,Weapon Law Violations,78228,2026-09-01
54043088346,2024-02-05,Weapon Law Violations,SOCIETY,WEST,Weapon Law Violations,78228,2026-09-01
56883500083,2024-06-16,Weapon Law Violations,SOCIETY,WEST,Weapon Law Violations,78228,2026-09-01
66867032134,2025-10-24,Weapon Law Violations,SOCIETY,WEST,Weapon Law Violations,78228,2026-09-01
68627381381,2026-02-19,Weapon Law Violations,SOCIETY,CENTRAL,Weapon Law Violations,78228,2026-09-01
71879113115,2026-07-27,Weapon Law Violations,SOCIETY,WEST,Weapon Law Violations,78228,2026-09-01
46463409455,2023-03-14,Weapon Law Violations,SOCIETY,PRUE,Weapon Law Violations,78229,2026-09-01
50078048734,2023-05-25,Weapon Law Violations,SOCIETY,PRUE,Weapon Law Violations,78229,2026-09-01
53599050983,2023-12-31,Weapon Law Violations,SOCIETY,PRUE,Weapon Law Violations,78229,2026-09-01
56063646665,2024-05-13,Weapon Law Violations,SOCIETY,PRUE,Weapon Law Violations,78229,2026-09-01
60796852211,2024-11-12,Weapon Law Violations,SOCIETY,WEST,Weapon Law Violations,78229,2026-09-01
65187299268,2025-07-29,Weapon Law Violations,SOCIETY,WEST,Weapon Law Violations,78229,2026-09-01
41581063116,2023-02-08,Weapon Law Violations,SOCIETY,PRUE,Weapon Law Violations,78230,2026-09-01
63689049820,2025-04-25,Weapon Law Violations,SOCIETY,PRUE,Weapon Law Violations,78230,2026-09-01
63986692572,2025-05-15,Weapon Law Violations,SOCIETY,PRUE,Weapon Law Violations,78230,2026-09-01
66820828295,2025-10-21,Weapon Law Violations,SOCIETY,PRUE,Weapon Law Violations,78230,2026-09-01
69407461395,2026-03-25,Weapon Law Violations,SOCIETY,PRUE,Weapon Law Violations,78230,2026-09-01
57294463406,2024-07-03,Weapon Law Violations,SOCIETY,NORTH,Weapon Law Violations,78233,2026-09-01
68389110001,2026-02-02,Weapon Law Violations,SOCIETY,NORTH,Weapon Law Violations,78233,2026-09-01
57947988773,2024-07-28,Weapon Law Violations,SOCIETY,WEST,Weapon Law Violations,78237,2026-09-01
66287901868,2025-09-28,Weapon Law Violations,SOCIETY,WEST,Weapon Law Violations,78237,2026-09-01
68677585814,2026-02-23,Weapon Law Violations,SOCIETY,WEST,Weapon Law Violations,78237,2026-09-01
72400289592,2026-08-24,Weapon Law Violations,SOCIETY,WEST,Weapon Law Violations,78237,2026-09-01
42402555764,2023-02-15,Weapon Law Violations,SOCIETY,WEST,Weapon Law Violations,78238,2026-09-01
42794208084,2023-02-19,Weapon Law Violations,SOCIETY,WEST,Weapon Law Violations,78238,2026-09-01
50871234654,2023-06-02,Weapon Law Violations,SOCIETY,WEST,Weapon Law Violations,78238,2026-09-01
53111358766,2023-11-19,Weapon Law Violations,SOCIETY,WEST,Weapon Law Violations,78238,2026-09-01
60796242016,2024-11-12,Weapon Law Violations,SOCIETY,WEST,Weapon Law Violations,78238,2026-09-01
71107245339,2026-06-22,Weapon Law Violations,SOCIETY,WEST,Weapon Law Violations,78238,2026-09-01
62112024846,2025-01-02,Weapon Law Violations,SOCIETY,SOUTH,Weapon Law Violations,78242,2026-09-01
48317243381,2023-03-31,Weapon Law Violations,SOCIETY,WEST,Weapon Law Violations,78251,2026-09-01
49959231078,2023-05-19,Weapon Law Violations,SOCIETY,WEST,Weapon Law Violations,78251,2026-09-01
62908173995,2025-02-25,Weapon Law Violations,SOCIETY,PRUE,Weapon Law Violations,78254,2026-09-01
52261636386,2023-09-11,Weapon Law Violations,SOCIETY,NORTH,Weapon Law Violations,78258,2026-09-01
50939475231,2023-06-04,Weapon Law Violations,SOCIETY,WEST,Weapon Law Violations,78201,2026-09-01
52772589608,2023-10-23,Weapon Law Violations,SOCIETY,WEST,Weapon Law Violations,78201,2026-09-01
57473032883,2024-07-08,Weapon Law Violations,SOCIETY,WEST,Weapon Law Violations,78201,2026-09-01
63124820913,2025-03-10,Weapon Law Violations,SOCIETY,CENTRAL,Weapon Law Violations,78201,2026-09-01
56486122410,2024-06-01,Weapon Law Violations,SOCIETY,EAST,Weapon Law Violations,78202,2026-09-01
67293962494,2025-11-10,Weapon Law Violations,SOCIETY,DOWNTOWN,Weapon Law Violations,78203,2026-09-01
72210787709,2026-08-14,Weapon Law Violations,SOCIETY,SOUTH,Weapon Law Violations,78204,2026-09-01
63176069531,2025-03-14,Weapon Law Violations,SOCIETY,DOWNTOWN,Weapon Law Violations,78205,2026-09-01
71045181742,2026-06-17,Weapon Law Violations,SOCIETY,DOWNTOWN,Weapon Law Violations,78205,2026-09-01
62309133301,2025-01-18,Weapon Law Violations,SOCIETY,CENTRAL,Weapon Law Violations,78207,2026-09-01
62685173439,2025-02-09,Weapon Law Violations,SOCIETY,SOUTH,Weapon Law Violations,78207,2026-09-01
66224901347,2025-09-24,Weapon Law Violations,SOCIETY,CENTRAL,Weapon Law Violations,78207,2026-09-01
68046840960,2026-01-04,Weapon Law Violations,SOCIETY,CENTRAL,Weapon Law Violations,78207,2026-09-01
66680380444,2025-10-14,Weapon Law Violations,SOCIETY,NORTH,Weapon Law Violations,78209,2026-09-01
53618687869,2024-01-03,Weapon Law Violations,SOCIETY,EAST,Weapon Law Violations,78210,2026-09-01
58670879654,2024-08-31,Weapon Law Violations,SOCIETY,EAST,Weapon Law Violations,78210,2026-09-01
58934020406,2024-09-11,Weapon Law Violations,SOCIETY,EAST,Weapon Law Violations,78210,2026-09-01
69413559406,2026-03-26,Weapon Law Violations,SOCIETY,DOWNTOWN,Weapon Law Violations,78210,2026-09-01
52456903715,2023-09-28,Weapon Law Violations,SOCIETY,SOUTH,Weapon Law Violations,78211,2026-09-01
54402573749,2024-02-26,Weapon Law Violations,SOCIETY,SOUTH,Weapon Law Violations,78211,2026-09-01
65597368111,2025-08-26,Weapon Law Violations,SOCIETY,SOUTH,Weapon Law Violations,78211,2026-09-01
62355676392,2025-01-20,Weapon Law Violations,SOCIETY,DOWNTOWN,Weapon Law Violations,78212,2026-09-01
63561216688,2025-04-13,Weapon Law Violations,SOCIETY,CENTRAL,Weapon Law Violations,78213,2026-09-01
51354422494,2023-07-10,Weapon Law Violations,SOCIETY,SOUTH,Weapon Law Violations,78214,2026-09-01
52544029031,2023-10-09,Weapon Law Violations,SOCIETY,SOUTH,Weapon Law Violations,78214,2026-09-01
52825338032,2023-10-28,Weapon Law Violations,SOCIETY,SOUTH,Weapon Law Violations,78214,2026-09-01
54556087827,2024-03-02,Weapon Law Violations,SOCIETY,SOUTH,Weapon Law Violations,78214,2026-09-01
58709034223,2024-09-04,Weapon Law Violations,SOCIETY,SOUTH,Weapon Law Violations,78214,2026-09-01
72027164170,2026-08-07,Weapon Law Violations,SOCIETY,DOWNTOWN,Weapon Law Violations,78215,2026-09-01
51589190858,2023-07-31,Weapon Law Violations,SOCIETY,NORTH,Weapon Law Violations,78216,2026-09-01
55779706869,2024-05-02,Weapon Law Violations,SOCIETY,NORTH,Weapon Law Violations,78216,2026-09-01
55836510996,2024-05-03,Weapon Law Violations,SOCIETY,NORTH,Weapon Law Violations,78216,2026-09-01
58870976659,2024-09-08,Weapon Law Violations,SOCIETY,NORTH,Weapon Law Violations,78216,2026-09-01
59507060075,2024-09-22,Weapon Law Violations,SOCIETY,NORTH,Weapon Law Violations,78216,2026-09-01
62805565584,2025-02-15,Weapon Law Violations,SOCIETY,NORTH,Weapon Law Violations,78216,2026-09-01
62854916700,2025-02-20,Weapon Law Violations,SOCIETY,NORTH,Weapon Law Violations,78216,2026-09-01
63383711694,2025-03-29,Weapon Law Violations,SOCIETY,NORTH,Weapon Law Violations,78216,2026-09-01
66835019648,2025-10-22,Weapon Law Violations,SOCIETY,NORTH,Weapon Law Violations,78216,2026-09-01
47718466821,2023-03-26,Weapon Law Violations,SOCIETY,NORTH,Weapon Law Violations,78217,2026-09-01
47830049576,2023-03-28,Weapon Law Violations,SOCIETY,NORTH,Weapon Law Violations,78217,2026-09-01
52604254592,2023-10-16,Weapon Law Violations,SOCIETY,EAST,Weapon Law Violations,78218,2026-09-01
53692027290,2024-01-10,Weapon Law Violations,SOCIETY,EAST,Weapon Law Violations,78218,2026-09-01
56412295473,2024-05-25,Weapon Law Violations,SOCIETY,EAST,Weapon Law Violations,78218,2026-09-01
63199379310,2025-03-16,Weapon Law Violations,SOCIETY,EAST,Weapon Law Violations,78218,2026-09-01
71762632730,2026-07-20,Weapon Law Violations,SOCIETY,EAST,Weapon Law Violations,78219,2026-09-01
49192256295,2023-04-19,Weapon Law Violations,SOCIETY,EAST,Weapon Law Violations,78220,2026-09-01
51395511650,2023-07-15,Weapon Law Violations,SOCIETY,SOUTH,Weapon Law Violations,78221,2026-09-01
62654933688,2025-02-06,Weapon Law Violations,SOCIETY,SOUTH,Weapon Law Violations,78221,2026-09-01
66275657715,2025-09-27,Weapon Law Violations,SOCIETY,SOUTH,Weapon Law Violations,78221,2026-09-01
42507384939,2023-02-17,Weapon Law Violations,SOCIETY,EAST,Weapon Law Violations,78222,2026-09-01
53629411328,2024-01-11,Weapon Law Violations,SOCIETY,EAST,Weapon Law Violations,78222,2026-09-01
49389641271,2023-05-09,Weapon Law Violations,SOCIETY,SOUTH,Weapon Law Violations,78223,2026-09-01
66769156198,2025-10-17,Weapon Law Violations,SOCIETY,EAST,Weapon Law Violations,78223,2026-09-01
55982414385,2024-05-07,Weapon Law Violations,SOCIETY,SOUTH,Weapon Law Violations,78224,2026-09-01
56786896345,2024-06-11,Weapon Law Violations,SOCIETY,SOUTH,Weapon Law Violations,78224,2026-09-01
66650529402,2025-10-11,Weapon Law Violations,SOCIETY,SOUTH,Weapon Law Violations,78224,2026-09-01
63539612165,2025-04-11,Weapon Law Violations,SOCIETY,WEST,Weapon Law Violations,78227,2026-09-01
52556422642,2023-10-10,Weapon Law Violations,SOCIETY,WEST,Weapon Law Violations,78228,2026-09-01
63462402918,2025-04-03,Weapon Law Violations,SOCIETY,WEST,Weapon Law Violations,78228,2026-09-01
59400131693,2024-09-20,Weapon Law Violations,SOCIETY,PRUE,Weapon Law Violations,78229,2026-09-01
58111304009,2024-08-03,Weapon Law Violations,SOCIETY,PRUE,Weapon Law Violations,78230,2026-09-01
72056414384,2026-08-08,Weapon Law Violations,SOCIETY,PRUE,Weapon Law Violations,78230,2026-09-01
55669604939,2024-04-24,Weapon Law Violations,SOCIETY,PRUE,Weapon Law Violations,78232,2026-09-01
51092431120,2023-06-23,Weapon Law Violations,SOCIETY,NORTH,Weapon Law Violations,78233,2026-09-01
51974293089,2023-08-23,Weapon Law Violations,SOCIETY,NORTH,Weapon Law Violations,78233,2026-09-01
63395957395,2025-03-30,Weapon Law Violations,SOCIETY,NORTH,Weapon Law Violations,78233,2026-09-01
40016805026,2023-01-07,Weapon Law Violations,SOCIETY,WEST,Weapon Law Violations,78237,2026-09-01
51050349928,2023-06-18,Weapon Law Violations,SOCIETY,WEST,Weapon Law Violations,78237,2026-09-01
57671655627,2024-07-17,Weapon Law Violations,SOCIETY,WEST,Weapon Law Violations,78237,2026-09-01
64025914003,2025-05-18,Weapon Law Violations,SOCIETY,WEST,Weapon Law Violations,78237,2026-09-01
50973032147,2023-06-08,Weapon Law Violations,SOCIETY,WEST,Weapon Law Violations,78238,2026-09-01
66043913135,2025-09-13,Weapon Law Violations,SOCIETY,PRUE,Weapon Law Violations,78238,2026-09-01
46867062823,2023-03-18,Weapon Law Violations,SOCIETY,SOUTH,Weapon Law Violations,78242,2026-09-01
55050700935,2024-03-28,Weapon Law Violations,SOCIETY,WEST,Weapon Law Violations,78245,2026-09-01
62311823214,2025-01-18,Weapon Law Violations,SOCIETY,WEST,Weapon Law Violations,78245,2026-09-01
49791800824,2023-05-16,Weapon Law Violations,SOCIETY,PRUE,Weapon Law Violations,78249,2026-09-01
60219884484,2024-10-26,Weapon Law Violations,SOCIETY,PRUE,Weapon Law Violations,78250,2026-09-01
53128787970,2023-11-21,Weapon Law Violations,SOCIETY,WEST,Weapon Law Violations,78251,2026-09-01
67812560986,2025-12-15,Weapon Law Violations,SOCIETY,WEST,Weapon Law Violations,78251,2026-09-01
66142194731,2025-09-20,Weapon Law Violations,SOCIETY,NORTH,Weapon Law Violations,78258,2026-09-01
65493535652,2025-08-17,Weapon Law Violations,SOCIETY,SOUTH,Weapon Law Violations,Out of Jurisdiction,2026-09-01
51426384043,2023-07-19,Weapon Law Violations,SOCIETY,WEST,Weapon Law Violations,78201,2026-09-01
52771863339,2023-10-23,Weapon Law Violations,SOCIETY,WEST,Weapon Law Violations,78201,2026-09-01
66408300974,2025-10-08,Weapon Law Violations,SOCIETY,CENTRAL,Weapon Law Violations,78201,2026-09-01
62693551745,2025-02-09,Weapon Law Violations,SOCIETY,EAST,Weapon Law Violations,78202,2026-09-01
40694722399,2023-01-14,Weapon Law Violations,SOCIETY,CENTRAL,Weapon Law Violations,78207,2026-09-01
41288467348,2023-01-29,Weapon Law Violations,SOCIETY,CENTRAL,Weapon Law Violations,78207,2026-09-01
50984881103,2023-06-10,Weapon Law Violations,SOCIETY,CENTRAL,Weapon Law Violations,78207,2026-09-01
63385435912,2025-03-29,Weapon Law Violations,SOCIETY,DOWNTOWN,Weapon Law Violations,78207,2026-09-01
63655774765,2025-04-22,Weapon Law Violations,SOCIETY,CENTRAL,Weapon Law Violations,78207,2026-09-01
51325370226,2023-07-06,Weapon Law Violations,SOCIETY,EAST,Weapon Law Violations,78210,2026-09-01
68127307557,2026-01-10,Weapon Law Violations,SOCIETY,EAST,Weapon Law Violations,78210,2026-09-01
50956457317,2023-06-06,Weapon Law Violations,SOCIETY,SOUTH,Weapon Law Violations,78211,2026-09-01
69771032299,2026-04-21,Weapon Law Violations,SOCIETY,SOUTH,Weapon Law Violations,78211,2026-09-01
49735792964,2023-05-14,Weapon Law Violations,SOCIETY,CENTRAL,Weapon Law Violations,78212,2026-09-01
53098408616,2023-11-18,Weapon Law Violations,SOCIETY,CENTRAL,Weapon Law Violations,78212,2026-09-01
54984714645,2024-03-24,Weapon Law Violations,SOCIETY,CENTRAL,Weapon Law Violations,78212,2026-09-01
55290688699,2024-04-09,Weapon Law Violations,SOCIETY,CENTRAL,Weapon Law Violations,78212,2026-09-01
58865980397,2024-09-08,Weapon Law Violations,SOCIETY,CENTRAL,Weapon Law Violations,78213,2026-09-01
58964384898,2024-09-11,Weapon Law Violations,SOCIETY,SOUTH,Weapon Law Violations,78214,2026-09-01
60819869634,2024-11-14,Weapon Law Violations,SOCIETY,SOUTH,Weapon Law Violations,78214,2026-09-01
49769566937,2023-05-14,Weapon Law Violations,SOCIETY,NORTH,Weapon Law Violations,78216,2026-09-01
51036912141,2023-06-16,Weapon Law Violations,SOCIETY,NORTH,Weapon Law Violations,78216,2026-09-01
60389897128,2024-11-04,Weapon Law Violations,SOCIETY,NORTH,Weapon Law Violations,78216,2026-09-01
64312817681,2025-06-04,Weapon Law Violations,SOCIETY,NORTH,Weapon Law Violations,78216,2026-09-01
66060429155,2025-09-14,Weapon Law Violations,SOCIETY,NORTH,Weapon Law Violations,78216,2026-09-01
69420541754,2026-03-26,Weapon Law Violations,SOCIETY,NORTH,Weapon Law Violations,78216,2026-09-01
52399157356,2023-09-22,Weapon Law Violations,SOCIETY,EAST,Weapon Law Violations,78217,2026-09-01
64495812251,2025-06-12,Weapon Law Violations,SOCIETY,EAST,Weapon Law Violations,78218,2026-09-01
67366833155,2025-11-15,Weapon Law Violations,SOCIETY,EAST,Weapon Law Violations,78222,2026-09-01
60025213414,2024-10-13,Weapon Law Violations,SOCIETY,EAST,Weapon Law Violations,78223,2026-09-01
53594107709,2023-12-30,Weapon Law Violations,SOCIETY,SOUTH,Weapon Law Violations,78224,2026-09-01
69243532953,2026-03-16,Weapon Law Violations,SOCIETY,SOUTH,Weapon Law Violations,78224,2026-09-01
62530133446,2025-01-31,Weapon Law Violations,SOCIETY,SOUTH,Weapon Law Violations,78225,2026-09-01
64239338425,2025-05-29,Weapon Law Violations,SOCIETY,SOUTH,Weapon Law Violations,78225,2026-09-01
64346319884,2025-06-05,Weapon Law Violations,SOCIETY,SOUTH,Weapon Law Violations,78225,2026-09-01
49096663479,2023-04-17,Weapon Law Violations,SOCIETY,SOUTH,Weapon Law Violations,78227,2026-09-01
56584298705,2024-06-05,Weapon Law Violations,SOCIETY,SOUTH,Weapon Law Violations,78227,2026-09-01
64164991954,2025-05-28,Weapon Law Violations,SOCIETY,WEST,Weapon Law Violations,78227,2026-09-01
64693482637,2025-06-26,Weapon Law Violations,SOCIETY,WEST,Weapon Law Violations,78227,2026-09-01
54129461754,2024-02-11,Weapon Law Violations,SOCIETY,WEST,Weapon Law Violations,78228,2026-09-01
59845154623,2024-10-02,Weapon Law Violations,SOCIETY,WEST,Weapon Law Violations,78228,2026-09-01
62333058300,2025-01-19,Weapon Law Violations,SOCIETY,WEST,Weapon Law Violations,78228,2026-09-01
64348762564,2025-06-05,Weapon Law Violations,SOCIETY,WEST,Weapon Law Violations,78228,2026-09-01
47719609837,2023-03-26,Weapon Law Violations,SOCIETY,WEST,Weapon Law Violations,78229,2026-09-01
66662935738,2025-10-12,Weapon Law Violations,SOCIETY,WEST,Weapon Law Violations,78229,2026-09-01
57802965863,2024-07-20,Weapon Law Violations,SOCIETY,PRUE,Weapon Law Violations,78230,2026-09-01
59708915465,2024-09-29,Weapon Law Violations,SOCIETY,PRUE,Weapon Law Violations,78230,2026-09-01
65446565014,2025-08-13,Weapon Law Violations,SOCIETY,PRUE,Weapon Law Violations,78230,2026-09-01
62576187591,2025-02-02,Weapon Law Violations,SOCIETY,NORTH,Weapon Law Violations,78232,2026-09-01
71258798588,2026-07-02,Weapon Law Violations,SOCIETY,NORTH,Weapon Law Violations,78232,2026-09-01
46237633490,2023-03-12,Weapon Law Violations,SOCIETY,NORTH,Weapon Law Violations,78233,2026-09-01
62407132120,2025-01-23,Weapon Law Violations,SOCIETY,NORTH,Weapon Law Violations,78233,2026-09-01
68448507731,2026-02-06,Weapon Law Violations,SOCIETY,NORTH,Weapon Law Violations,78233,2026-09-01
49360669209,2023-05-07,Weapon Law Violations,SOCIETY,CENTRAL,Weapon Law Violations,78237,2026-09-01
51551767613,2023-07-30,Weapon Law Violations,SOCIETY,WEST,Weapon Law Violations,78237,2026-09-01
52250578563,2023-09-11,Weapon Law Violations,SOCIETY,WEST,Weapon Law Violations,78237,2026-09-01
63591764841,2025-04-15,Weapon Law Violations,SOCIETY,WEST,Weapon Law Violations,78237,2026-09-01
65605414195,2025-08-26,Weapon Law Violations,SOCIETY,CENTRAL,Weapon Law Violations,78237,2026-09-01
68662277378,2026-02-23,Weapon Law Violations,SOCIETY,CENTRAL,Weapon Law Violations,78237,2026-09-01
65267331934,2025-08-05,Weapon Law Violations,SOCIETY,SOUTH,Weapon Law Violations,78242,2026-09-01
67435089483,2025-11-19,Weapon Law Violations,SOCIETY,WEST,Weapon Law Violations,78245,2026-09-01
42699659865,2023-02-18,Weapon Law Violations,SOCIETY,PRUE,Weapon Law Violations,78249,2026-09-01
47284302677,2023-03-22,Weapon Law Violations,SOCIETY,PRUE,Weapon Law Violations,78249,2026-09-01
67617890167,2025-11-30,Weapon Law Violations,SOCIETY,PRUE,Weapon Law Violations,78249,2026-09-01
67888870498,2025-12-21,Weapon Law Violations,SOCIETY,PRUE,Weapon Law Violations,78249,2026-09-01
52457027890,2023-09-28,Weapon Law Violations,SOCIETY,WEST,Weapon Law Violations,78251,2026-09-01
53549196645,2023-12-24,Weapon Law Violations,SOCIETY,WEST,Weapon Law Violations,78251,2026-09-01
60133868051,2024-10-19,Weapon Law Violations,SOCIETY,WEST,Weapon Law Violations,78254,2026-09-01
52528308645,2023-10-07,Weapon Law Violations,SOCIETY,EAST,Weapon Law Violations,Out of Jurisdiction,2026-09-01
65015283081,2025-07-18,Weapon Law Violations,SOCIETY,EAST,Weapon Law Violations,Out of Jurisdiction,2026-09-01
43912754920,2023-02-28,Weapon Law Violations,SOCIETY,WEST,Weapon Law Violations,78201,2026-09-01
63383977761,2025-03-29,Weapon Law Violations,SOCIETY,WEST,Weapon Law Violations,78201,2026-09-01
51467406647,2023-07-22,Weapon Law Violations,SOCIETY,EAST,Weapon Law Violations,78202,2026-09-01
52409721676,2023-09-24,Weapon Law Violations,SOCIETY,EAST,Weapon Law Violations,78202,2026-09-01
53570375674,2023-12-28,Weapon Law Violations,SOCIETY,EAST,Weapon Law Violations,78202,2026-09-01
53451876449,2023-12-19,Weapon Law Violations,SOCIETY,CENTRAL,Weapon Law Violations,78204,2026-09-01
54103925233,2024-02-08,Weapon Law Violations,SOCIETY,CENTRAL,Weapon Law Violations,78204,2026-09-01
69582256718,2026-04-08,Weapon Law Violations,SOCIETY,DOWNTOWN,Weapon Law Violations,78204,2026-09-01
50058983722,2023-05-23,Weapon Law Violations,SOCIETY,CENTRAL,Weapon Law Violations,78207,2026-09-01
51538834298,2023-07-29,Weapon Law Violations,SOCIETY,CENTRAL,Weapon Law Violations,78207,2026-09-01
60000029055,2024-10-10,Weapon Law Violations,SOCIETY,CENTRAL,Weapon Law Violations,78207,2026-09-01
60335341526,2024-11-01,Weapon Law Violations,SOCIETY,DOWNTOWN,Weapon Law Violations,78207,2026-09-01
62418263498,2025-01-23,Weapon Law Violations,SOCIETY,CENTRAL,Weapon Law Violations,78207,2026-09-01
66274497502,2025-09-27,Weapon Law Violations,SOCIETY,CENTRAL,Weapon Law Violations,78207,2026-09-01
43083828235,2023-02-22,Weapon Law Violations,SOCIETY,NORTH,Weapon Law Violations,78209,2026-09-01
49393825244,2023-05-09,Weapon Law Violations,SOCIETY,NORTH,Weapon Law Violations,78209,2026-09-01
63543918184,2025-04-12,Weapon Law Violations,SOCIETY,NORTH,Weapon Law Violations,78209,2026-09-01
50949706089,2023-06-06,Weapon Law Violations,SOCIETY,SOUTH,Weapon Law Violations,78211,2026-09-01
52839967437,2023-10-30,Weapon Law Violations,SOCIETY,SOUTH,Weapon Law Violations,78211,2026-09-01
58673421034,2024-09-01,Weapon Law Violations,SOCIETY,SOUTH,Weapon Law Violations,78211,2026-09-01
67193139458,2025-11-04,Weapon Law Violations,SOCIETY,SOUTH,Weapon Law Violations,78211,2026-09-01
40953321514,2023-01-20,Weapon Law Violations,SOCIETY,CENTRAL,Weapon Law Violations,78212,2026-09-01
62167073541,2025-01-06,Weapon Law Violations,SOCIETY,DOWNTOWN,Weapon Law Violations,78212,2026-09-01
68737158261,2026-02-28,Weapon Law Violations,SOCIETY,DOWNTOWN,Weapon Law Violations,78212,2026-09-01
69543524028,2026-04-04,Weapon Law Violations,SOCIETY,CENTRAL,Weapon Law Violations,78213,2026-09-01
53662895734,2024-01-07,Weapon Law Violations,SOCIETY,SOUTH,Weapon Law Violations,78214,2026-09-01
68511460889,2026-02-11,Weapon Law Violations,SOCIETY,DOWNTOWN,Weapon Law Violations,78215,2026-09-01
63923761454,2025-05-10,Weapon Law Violations,SOCIETY,NORTH,Weapon Law Violations,78216,2026-09-01
64836716112,2025-07-06,Weapon Law Violations,SOCIETY,NORTH,Weapon Law Violations,78216,2026-09-01
55432413574,2024-04-13,Weapon Law Violations,SOCIETY,NORTH,Weapon Law Violations,78217,2026-09-01
56430359179,2024-05-27,Weapon Law Violations,SOCIETY,NORTH,Weapon Law Violations,78217,2026-09-01
69559843532,2026-04-06,Weapon Law Violations,SOCIETY,NORTH,Weapon Law Violations,78217,2026-09-01
48857664837,2023-04-05,Weapon Law Violations,SOCIETY,EAST,Weapon Law Violations,78218,2026-09-01
41525599954,2023-02-06,Weapon Law Violations,SOCIETY,EAST,Weapon Law Violations,78219,2026-09-01
72231781087,2026-08-15,Weapon Law Violations,SOCIETY,EAST,Weapon Law Violations,78220,2026-09-01
52902192670,2023-11-03,Weapon Law Violations,SOCIETY,SOUTH,Weapon Law Violations,78221,2026-09-01
53840098109,2024-01-19,Weapon Law Violations,SOCIETY,SOUTH,Weapon Law Violations,78221,2026-09-01
65344229246,2025-08-06,Weapon Law Violations,SOCIETY,SOUTH,Weapon Law Violations,78221,2026-09-01
63783348495,2025-05-02,Weapon Law Violations,SOCIETY,SOUTH,Weapon Law Violations,78223,2026-09-01
66307930427,2025-09-30,Weapon Law Violations,SOCIETY,EAST,Weapon Law Violations,78223,2026-09-01
67307421996,2025-11-11,Weapon Law Violations,SOCIETY,SOUTH,Weapon Law Violations,78223,2026-09-01
58478860852,2024-08-20,Weapon Law Violations,SOCIETY,WEST,Weapon Law Violations,78227,2026-09-01
62278797503,2025-01-15,Weapon Law Violations,SOCIETY,PRUE,Weapon Law Violations,78229,2026-09-01
61459412870,2024-12-11,Weapon Law Violations,SOCIETY,CENTRAL,Weapon Law Violations,78230,2026-09-01
63076309637,2025-03-07,Weapon Law Violations,SOCIETY,PRUE,Weapon Law Violations,78230,2026-09-01
55463401005,2024-04-15,Weapon Law Violations,SOCIETY,NORTH,Weapon Law Violations,78232,2026-09-01
55699350893,2024-04-27,Weapon Law Violations,SOCIETY,CENTRAL,Weapon Law Violations,78237,2026-09-01
56896740219,2024-06-17,Weapon Law Violations,SOCIETY,WEST,Weapon Law Violations,78237,2026-09-01
58345710959,2024-08-13,Weapon Law Violations,SOCIETY,PRUE,Weapon Law Violations,78238,2026-09-01
61870244157,2024-12-16,Weapon Law Violations,SOCIETY,WEST,Weapon Law Violations,78238,2026-09-01
51372760993,2023-07-13,Weapon Law Violations,SOCIETY,SOUTH,Weapon Law Violations,78242,2026-09-01
64278058437,2025-06-01,Weapon Law Violations,SOCIETY,WEST,Weapon Law Violations,78245,2026-09-01
42605787119,2023-02-17,Weapon Law Violations,SOCIETY,WEST,Weapon Law Violations,78251,2026-09-01
56008240746,2024-05-09,Weapon Law Violations,SOCIETY,WEST,Weapon Law Violations,78251,2026-09-01
51372343766,2023-07-13,Weapon Law Violations,SOCIETY,PRUE,Weapon Law Violations,78256,2026-09-01
49352049481,2023-05-05,Weapon Law Violations,SOCIETY,NORTH,Weapon Law Violations,78266,2026-09-01
56974792343,2024-06-21,Weapon Law Violations,SOCIETY,CENTRAL,Weapon Law Violations,78201,2026-09-01
62643249557,2025-02-12,Weapon Law Violations,SOCIETY,WEST,Weapon Law Violations,78201,2026-09-01
67079372788,2025-10-31,Weapon Law Violations,SOCIETY,WEST,Weapon Law Violations,78201,2026-09-01
40185958956,2023-01-08,Weapon Law Violations,SOCIETY,EAST,Weapon Law Violations,78202,2026-09-01
50050940186,2023-05-22,Weapon Law Violations,SOCIETY,EAST,Weapon Law Violations,78202,2026-09-01
51342165807,2023-07-09,Weapon Law Violations,SOCIETY,EAST,Weapon Law Violations,78202,2026-09-01
49221622383,2023-04-21,Weapon Law Violations,SOCIETY,EAST,Weapon Law Violations,78203,2026-09-01
55170347074,2024-04-04,Weapon Law Violations,SOCIETY,EAST,Weapon Law Violations,78203,2026-09-01
59593846404,2024-09-25,Weapon Law Violations,SOCIETY,DOWNTOWN,Weapon Law Violations,78205,2026-09-01
59712391761,2024-09-29,Weapon Law Violations,SOCIETY,DOWNTOWN,Weapon Law Violations,78205,2026-09-01
60857942709,2024-11-17,Weapon Law Violations,SOCIETY,DOWNTOWN,Weapon Law Violations,78205,2026-09-01
62234842819,2025-01-11,Weapon Law Violations,SOCIETY,DOWNTOWN,Weapon Law Violations,78205,2026-09-01
41822798224,2023-02-10,Weapon Law Violations,SOCIETY,CENTRAL,Weapon Law Violations,78207,2026-09-01
54035191606,2024-02-05,Weapon Law Violations,SOCIETY,CENTRAL,Weapon Law Violations,78207,2026-09-01
56414966306,2024-05-25,Weapon Law Violations,SOCIETY,CENTRAL,Weapon Law Violations,78207,2026-09-01
58243395043,2024-08-08,Weapon Law Violations,SOCIETY,CENTRAL,Weapon Law Violations,78207,2026-09-01
58337936332,2024-08-13,Weapon Law Violations,SOCIETY,CENTRAL,Weapon Law Violations,78207,2026-09-01
65932719059,2025-09-09,Weapon Law Violations,SOCIETY,CENTRAL,Weapon Law Violations,78207,2026-09-01
68538206203,2026-02-13,Weapon Law Violations,SOCIETY,CENTRAL,Weapon Law Violations,78207,2026-09-01
69730460074,2026-04-18,Weapon Law Violations,SOCIETY,SOUTH,Weapon Law Violations,78207,2026-09-01
51949468238,2023-08-20,Weapon Law Violations,SOCIETY,NORTH,Weapon Law Violations,78209,2026-09-01
62040290208,2024-12-29,Weapon Law Violations,SOCIETY,NORTH,Weapon Law Violations,78209,2026-09-01
52410586747,2023-09-24,Weapon Law Violations,SOCIETY,EAST,Weapon Law Violations,78210,2026-09-01
72246850750,2026-08-17,Weapon Law Violations,SOCIETY,DOWNTOWN,Weapon Law Violations,78210,2026-09-01
50957422805,2023-06-07,Weapon Law Violations,SOCIETY,SOUTH,Weapon Law Violations,78211,2026-09-01
60549318788,2024-11-07,Weapon Law Violations,SOCIETY,SOUTH,Weapon Law Violations,78211,2026-09-01
64382150467,2025-06-08,Weapon Law Violations,SOCIETY,SOUTH,Weapon Law Violations,78211,2026-09-01
60142140875,2024-10-21,Weapon Law Violations,SOCIETY,DOWNTOWN,Weapon Law Violations,78212,2026-09-01
60819725484,2024-11-14,Weapon Law Violations,SOCIETY,DOWNTOWN,Weapon Law Violations,78212,2026-09-01
67795695432,2025-12-13,Weapon Law Violations,SOCIETY,DOWNTOWN,Weapon Law Violations,78212,2026-09-01
66269040048,2025-09-26,Weapon Law Violations,SOCIETY,CENTRAL,Weapon Law Violations,78213,2026-09-01
49300570941,2023-04-28,Weapon Law Violations,SOCIETY,SOUTH,Weapon Law Violations,78214,2026-09-01
60952832625,2024-11-21,Weapon Law Violations,SOCIETY,SOUTH,Weapon Law Violations,78214,2026-09-01
61438902086,2024-12-09,Weapon Law Violations,SOCIETY,SOUTH,Weapon Law Violations,78214,2026-09-01
71521470451,2026-07-09,Weapon Law Violations,SOCIETY,SOUTH,Weapon Law Violations,78214,2026-09-01
44791086683,2023-03-03,Weapon Law Violations,SOCIETY,NORTH,Weapon Law Violations,78216,2026-09-01
51467575981,2023-07-22,Weapon Law Violations,SOCIETY,NORTH,Weapon Law Violations,78216,2026-09-01
54140256455,2024-02-12,Weapon Law Violations,SOCIETY,NORTH,Weapon Law Violations,78216,2026-09-01
54384606937,2024-02-26,Weapon Law Violations,SOCIETY,NORTH,Weapon Law Violations,78216,2026-09-01
54857687693,2024-03-20,Weapon Law Violations,SOCIETY,NORTH,Weapon Law Violations,78216,2026-09-01
67891943918,2025-12-21,Weapon Law Violations,SOCIETY,NORTH,Weapon Law Violations,78216,2026-09-01
69518904976,2026-04-03,Weapon Law Violations,SOCIETY,NORTH,Weapon Law Violations,78216,2026-09-01
71157493763,2026-06-25,Weapon Law Violations,SOCIETY,NORTH,Weapon Law Violations,78216,2026-09-01
71361494632,2026-07-05,Weapon Law Violations,SOCIETY,NORTH,Weapon Law Violations,78217,2026-09-01
62875691978,2025-02-22,Weapon Law Violations,SOCIETY,EAST,Weapon Law Violations,78218,2026-09-01
60852165627,2024-11-17,Weapon Law Violations,SOCIETY,EAST,Weapon Law Violations,78219,2026-09-01
69494520268,2026-04-01,Weapon Law Violations,SOCIETY,EAST,Weapon Law Violations,78220,2026-09-01
56593755275,2024-06-05,Weapon Law Violations,SOCIETY,SOUTH,Weapon Law Violations,78221,2026-09-01
49226244599,2023-04-21,Weapon Law Violations,SOCIETY,EAST,Weapon Law Violations,78222,2026-09-01
46154269286,2023-03-12,Weapon Law Violations,SOCIETY,EAST,Weapon Law Violations,78223,2026-09-01
49795938025,2023-05-16,Weapon Law Violations,SOCIETY,EAST,Weapon Law Violations,78223,2026-09-01
53952680117,2024-01-29,Weapon Law Violations,SOCIETY,SOUTH,Weapon Law Violations,78223,2026-09-01
64328985759,2025-06-05,Weapon Law Violations,SOCIETY,EAST,Weapon Law Violations,78223,2026-09-01
67413923081,2025-11-18,Weapon Law Violations,SOCIETY,SOUTH,Weapon Law Violations,78223,2026-09-01
69608354363,2026-04-09,Weapon Law Violations,SOCIETY,SOUTH,Weapon Law Violations,78223,2026-09-01
69752573390,2026-04-19,Weapon Law Violations,SOCIETY,SOUTH,Weapon Law Violations,78223,2026-09-01
56140577450,2024-05-18,Weapon Law Violations,SOCIETY,SOUTH,Weapon Law Violations,78224,2026-09-01
64432491341,2025-06-10,Weapon Law Violations,SOCIETY,SOUTH,Weapon Law Violations,78224,2026-09-01
62142322284,2025-01-04,Weapon Law Violations,SOCIETY,SOUTH,Weapon Law Violations,78225,2026-09-01
51469541321,2023-07-23,Weapon Law Violations,SOCIETY,WEST,Weapon Law Violations,78227,2026-09-01
51918904409,2023-08-16,Weapon Law Violations,SOCIETY,WEST,Weapon Law Violations,78227,2026-09-01
53404817523,2023-12-14,Weapon Law Violations,SOCIETY,SOUTH,Weapon Law Violations,78227,2026-09-01
55308264681,2024-04-09,Weapon Law Violations,SOCIETY,WEST,Weapon Law Violations,78227,2026-09-01
59639459132,2024-09-27,Weapon Law Violations,SOCIETY,WEST,Weapon Law Violations,78227,2026-09-01
64736746066,2025-06-28,Weapon Law Violations,SOCIETY,WEST,Weapon Law Violations,78227,2026-09-01
63695216095,2025-04-25,Weapon Law Violations,SOCIETY,CENTRAL,Weapon Law Violations,78228,2026-09-01
54519284049,2024-02-29,Weapon Law Violations,SOCIETY,WEST,Weapon Law Violations,78229,2026-09-01
64433065401,2025-06-10,Weapon Law Violations,SOCIETY,PRUE,Weapon Law Violations,78229,2026-09-01
63978974464,2025-05-15,Weapon Law Violations,SOCIETY,PRUE,Weapon Law Violations,78230,2026-09-01
53969122662,2024-01-31,Weapon Law Violations,SOCIETY,NORTH,Weapon Law Violations,78233,2026-09-01
54227744974,2024-02-17,Weapon Law Violations,SOCIETY,WEST,Weapon Law Violations,78237,2026-09-01
64908984352,2025-07-10,Weapon Law Violations,SOCIETY,WEST,Weapon Law Violations,78237,2026-09-01
65516125793,2025-08-19,Weapon Law Violations,SOCIETY,WEST,Weapon Law Violations,78237,2026-09-01
58352012009,2024-08-14,Weapon Law Violations,SOCIETY,WEST,Weapon Law Violations,78238,2026-09-01
69989231492,2026-04-29,Weapon Law Violations,SOCIETY,WEST,Weapon Law Violations,78238,2026-09-01
57865417916,2024-07-22,Weapon Law Violations,SOCIETY,SOUTH,Weapon Law Violations,78242,2026-09-01
62437280834,2025-01-25,Weapon Law Violations,SOCIETY,SOUTH,Weapon Law Violations,78242,2026-09-01
52247616662,2023-09-10,Weapon Law Violations,SOCIETY,WEST,Weapon Law Violations,78245,2026-09-01
65492785067,2025-08-17,Weapon Law Violations,SOCIETY,PRUE,Weapon Law Violations,78248,2026-09-01
43367672177,2023-02-25,Weapon Law Violations,SOCIETY,PRUE,Weapon Law Violations,78249,2026-09-01
48971020274,2023-04-07,Weapon Law Violations,SOCIETY,WEST,Weapon Law Violations,78253,2026-09-01
49314880280,2023-04-30,Weapon Law Violations,SOCIETY,NORTH,Weapon Law Violations,78259,2026-09-01
51074142097,2023-06-21,Weapon Law Violations,SOCIETY,EAST,Weapon Law Violations,Out of Jurisdiction,2026-09-01
54768121066,2024-03-17,Weapon Law Violations,SOCIETY,CENTRAL,Weapon Law Violations,78201,2026-09-01
62760456809,2025-02-13,Weapon Law Violations,SOCIETY,DOWNTOWN,Weapon Law Violations,78201,2026-09-01
66870881354,2025-10-25,Weapon Law Violations,SOCIETY,CENTRAL,Weapon Law Violations,78201,2026-09-01
68633335842,2026-02-20,Weapon Law Violations,SOCIETY,CENTRAL,Weapon Law Violations,78201,2026-09-01
67944750236,2025-12-26,Weapon Law Violations,SOCIETY,EAST,Weapon Law Violations,78202,2026-09-01
70544980909,2026-05-20,Weapon Law Violations,SOCIETY,EAST,Weapon Law Violations,78202,2026-09-01
70240812473,2026-05-02,Weapon Law Violations,SOCIETY,EAST,Weapon Law Violations,78203,2026-09-01
52353100126,2023-09-18,Weapon Law Violations,SOCIETY,CENTRAL,Weapon Law Violations,78204,2026-09-01
63265461538,2025-03-21,Weapon Law Violations,SOCIETY,DOWNTOWN,Weapon Law Violations,78204,2026-09-01
48436950193,2023-04-02,Weapon Law Violations,SOCIETY,CENTRAL,Weapon Law Violations,78207,2026-09-01
52379771832,2023-09-21,Weapon Law Violations,SOCIETY,CENTRAL,Weapon Law Violations,78207,2026-09-01
54529327140,2024-03-01,Weapon Law Violations,SOCIETY,CENTRAL,Weapon Law Violations,78207,2026-09-01
57894548300,2024-07-24,Weapon Law Violations,SOCIETY,CENTRAL,Weapon Law Violations,78207,2026-09-01
67857022307,2025-12-18,Weapon Law Violations,SOCIETY,CENTRAL,Weapon Law Violations,78207,2026-09-01
50992298792,2023-06-11,Weapon Law Violations,SOCIETY,CENTRAL,Weapon Law Violations,78209,2026-09-01
60033974719,2024-10-14,Weapon Law Violations,SOCIETY,NORTH,Weapon Law Violations,78209,2026-09-01
62400678083,2025-01-22,Weapon Law Violations,SOCIETY,NORTH,Weapon Law Violations,78209,2026-09-01
69466357886,2026-03-30,Weapon Law Violations,SOCIETY,NORTH,Weapon Law Violations,78209,2026-09-01
53646230526,2024-01-05,Weapon Law Violations,SOCIETY,SOUTH,Weapon Law Violations,78210,2026-09-01
54106300184,2024-02-09,Weapon Law Violations,SOCIETY,EAST,Weapon Law Violations,78210,2026-09-01
59089740660,2024-09-13,Weapon Law Violations,SOCIETY,SOUTH,Weapon Law Violations,78210,2026-09-01
61517779030,2024-12-12,Weapon Law Violations,SOCIETY,DOWNTOWN,Weapon Law Violations,78210,2026-09-01
68129094971,2026-01-10,Weapon Law Violations,SOCIETY,EAST,Weapon Law Violations,78210,2026-09-01
53292695309,2023-12-04,Weapon Law Violations,SOCIETY,SOUTH,Weapon Law Violations,78211,2026-09-01
57714827116,2024-07-17,Weapon Law Violations,SOCIETY,SOUTH,Weapon Law Violations,78211,2026-09-01
66047372145,2025-09-13,Weapon Law Violations,SOCIETY,SOUTH,Weapon Law Violations,78211,2026-09-01
67069500407,2025-10-31,Weapon Law Violations,SOCIETY,SOUTH,Weapon Law Violations,78211,2026-09-01
69710570637,2026-04-16,Weapon Law Violations,SOCIETY,SOUTH,Weapon Law Violations,78211,2026-09-01
50104802163,2023-05-28,Weapon Law Violations,SOCIETY,CENTRAL,Weapon Law Violations,78212,2026-09-01
61030063216,2024-11-28,Weapon Law Violations,SOCIETY,DOWNTOWN,Weapon Law Violations,78212,2026-09-01
51433354554,2023-07-19,Weapon Law Violations,SOCIETY,CENTRAL,Weapon Law Violations,78213,2026-09-01
64610080927,2025-06-22,Weapon Law Violations,SOCIETY,CENTRAL,Weapon Law Violations,78213,2026-09-01
65218516685,2025-07-31,Weapon Law Violations,SOCIETY,SOUTH,Weapon Law Violations,78214,2026-09-01
50871270079,2023-06-02,Weapon Law Violations,SOCIETY,NORTH,Weapon Law Violations,78216,2026-09-01
51326991655,2023-07-07,Weapon Law Violations,SOCIETY,NORTH,Weapon Law Violations,78216,2026-09-01
52302531666,2023-09-15,Weapon Law Violations,SOCIETY,NORTH,Weapon Law Violations,78216,2026-09-01
52760322334,2023-10-23,Weapon Law Violations,SOCIETY,NORTH,Weapon Law Violations,78216,2026-09-01
53607051299,2024-01-01,Weapon Law Violations,SOCIETY,NORTH,Weapon Law Violations,78216,2026-09-01
63225530945,2025-03-18,Weapon Law Violations,SOCIETY,NORTH,Weapon Law Violations,78216,2026-09-01
65107942658,2025-07-24,Weapon Law Violations,SOCIETY,NORTH,Weapon Law Violations,78216,2026-09-01
67773204849,2025-12-12,Weapon Law Violations,SOCIETY,NORTH,Weapon Law Violations,78216,2026-09-01
67976200061,2025-12-31,Weapon Law Violations,SOCIETY,NORTH,Weapon Law Violations,78216,2026-09-01
48863794767,2023-04-06,Weapon Law Violations,SOCIETY,NORTH,Weapon Law Violations,78217,2026-09-01
66370527791,2025-10-05,Weapon Law Violations,SOCIETY,NORTH,Weapon Law Violations,78217,2026-09-01
54422672973,2024-02-27,Weapon Law Violations,SOCIETY,EAST,Weapon Law Violations,78218,2026-09-01
68245188977,2026-01-20,Weapon Law Violations,SOCIETY,EAST,Weapon Law Violations,78219,2026-09-01
52830936865,2023-10-29,Weapon Law Violations,SOCIETY,EAST,Weapon Law Violations,78220,2026-09-01
57568284608,2024-07-13,Weapon Law Violations,SOCIETY,EAST,Weapon Law Violations,78220,2026-09-01
71865437546,2026-07-26,Weapon Law Violations,SOCIETY,EAST,Weapon Law Violations,78220,2026-09-01
51788128987,2023-08-10,Weapon Law Violations,SOCIETY,SOUTH,Weapon Law Violations,78221,2026-09-01
60077729254,2024-10-16,Weapon Law Violations,SOCIETY,SOUTH,Weapon Law Violations,78221,2026-09-01
67462182663,2025-11-21,Weapon Law Violations,SOCIETY,SOUTH,Weapon Law Violations,78221,2026-09-01
50072894248,2023-05-25,Weapon Law Violations,SOCIETY,EAST,Weapon Law Violations,78223,2026-09-01
52409618925,2023-09-24,Weapon Law Violations,SOCIETY,EAST,Weapon Law Violations,78223,2026-09-01
63554544820,2025-04-12,Weapon Law Violations,SOCIETY,EAST,Weapon Law Violations,78223,2026-09-01
51920089081,2023-08-16,Weapon Law Violations,SOCIETY,SOUTH,Weapon Law Violations,78224,2026-09-01
55440550266,2024-04-13,Weapon Law Violations,SOCIETY,SOUTH,Weapon Law Violations,78225,2026-09-01
57301797862,2024-07-03,Weapon Law Violations,SOCIETY,WEST,Weapon Law Violations,78227,2026-09-01
51061046349,2023-06-19,Weapon Law Violations,SOCIETY,WEST,Weapon Law Violations,78228,2026-09-01
52643894588,2023-10-19,Weapon Law Violations,SOCIETY,WEST,Weapon Law Violations,78228,2026-09-01
60197639497,2024-10-24,Weapon Law Violations,SOCIETY,WEST,Weapon Law Violations,78228,2026-09-01
68276430150,2026-01-22,Weapon Law Violations,SOCIETY,WEST,Weapon Law Violations,78228,2026-09-01
62082323685,2025-01-01,Weapon Law Violations,SOCIETY,PRUE,Weapon Law Violations,78229,2026-09-01
68349710587,2026-01-30,Weapon Law Violations,SOCIETY,NORTH,Weapon Law Violations,78232,2026-09-01
70327210607,2026-05-07,Weapon Law Violations,SOCIETY,CENTRAL,Weapon Law Violations,78237,2026-09-01
62141657276,2025-01-04,Weapon Law Violations,SOCIETY,PRUE,Weapon Law Violations,78240,2026-09-01
41252761506,2023-01-28,Weapon Law Violations,SOCIETY,SOUTH,Weapon Law Violations,78242,2026-09-01
60936009270,2024-11-21,Weapon Law Violations,SOCIETY,SOUTH,Weapon Law Violations,78242,2026-09-01
61876935847,2024-12-17,Weapon Law Violations,SOCIETY,SOUTH,Weapon Law Violations,78242,2026-09-01
71909214451,2026-07-29,Weapon Law Violations,SOCIETY,SOUTH,Weapon Law Violations,78242,2026-09-01
59859120774,2024-10-03,Weapon Law Violations,SOCIETY,NORTH,Weapon Law Violations,78247,2026-09-01
65968639505,2025-09-10,Weapon Law Violations,SOCIETY,PRUE,Weapon Law Violations,78248,2026-09-01
68650774428,2026-02-22,Weapon Law Violations,SOCIETY,PRUE,Weapon Law Violations,78249,2026-09-01
70421456255,2026-05-12,Weapon Law Violations,SOCIETY,PRUE,Weapon Law Violations,78249,2026-09-01
51529982359,2023-07-28,Weapon Law Violations,SOCIETY,WEST,Weapon Law Violations,78251,2026-09-01
69275804352,2026-03-18,Weapon Law Violations,SOCIETY,WEST,Weapon Law Violations,78251,2026-09-01
69852977274,2026-04-26,Weapon Law Violations,SOCIETY,WEST,Weapon Law Violations,78251,2026-09-01
60316157738,2024-10-31,Weapon Law Violations,SOCIETY,PRUE,Weapon Law Violations,78254,2026-09-01
45099142300,2023-03-06,Weapon Law Violations,SOCIETY,CENTRAL,Weapon Law Violations,78201,2026-09-01
68432883256,2026-02-05,Weapon Law Violations,SOCIETY,WEST,Weapon Law Violations,78201,2026-09-01
51380518234,2023-07-14,Weapon Law Violations,SOCIETY,EAST,Weapon Law Violations,78202,2026-09-01
71578680268,2026-07-12,Weapon Law Violations,SOCIETY,EAST,Weapon Law Violations,78203,2026-09-01
55697220617,2024-04-27,Weapon Law Violations,SOCIETY,CENTRAL,Weapon Law Violations,78205,2026-09-01
57802846339,2024-07-20,Weapon Law Violations,SOCIETY,DOWNTOWN,Weapon Law Violations,78205,2026-09-01
68003573061,2026-01-01,Weapon Law Violations,SOCIETY,DOWNTOWN,Weapon Law Violations,78205,2026-09-01
48985018054,2023-04-09,Weapon Law Violations,SOCIETY,CENTRAL,Weapon Law Violations,78207,2026-09-01
57215830995,2024-06-30,Weapon Law Violations,SOCIETY,CENTRAL,Weapon Law Violations,78207,2026-09-01
65057270806,2025-09-11,Weapon Law Violations,SOCIETY,CENTRAL,Weapon Law Violations,78207,2026-09-01
42892373250,2023-02-20,Weapon Law Violations,SOCIETY,EAST,Weapon Law Violations,78210,2026-09-01
62683900397,2025-02-08,Weapon Law Violations,SOCIETY,EAST,Weapon Law Violations,78210,2026-09-01
54983527216,2024-03-31,Weapon Law Violations,SOCIETY,CENTRAL,Weapon Law Violations,78212,2026-09-01
67979317922,2025-12-30,Weapon Law Violations,SOCIETY,DOWNTOWN,Weapon Law Violations,78212,2026-09-01
56534709437,2024-06-02,Weapon Law Violations,SOCIETY,NORTH,Weapon Law Violations,78213,2026-09-01
59318364079,2024-09-16,Weapon Law Violations,SOCIETY,CENTRAL,Weapon Law Violations,78213,2026-09-01
53244809109,2023-11-29,Weapon Law Violations,SOCIETY,SOUTH,Weapon Law Violations,78214,2026-09-01
67904665094,2025-12-23,Weapon Law Violations,SOCIETY,SOUTH,Weapon Law Violations,78214,2026-09-01
61952693203,2024-12-21,Weapon Law Violations,SOCIETY,NORTH,Weapon Law Violations,78216,2026-09-01
65156433196,2025-07-27,Weapon Law Violations,SOCIETY,NORTH,Weapon Law Violations,78216,2026-09-01
69719437419,2026-04-17,Weapon Law Violations,SOCIETY,NORTH,Weapon Law Violations,78216,2026-09-01
71453847562,2026-07-07,Weapon Law Violations,SOCIETY,NORTH,Weapon Law Violations,78216,2026-09-01
47071260458,2023-03-20,Weapon Law Violations,SOCIETY,NORTH,Weapon Law Violations,78217,2026-09-01
56837541298,2024-06-12,Weapon Law Violations,SOCIETY,EAST,Weapon Law Violations,78218,2026-09-01
49124783342,2023-04-19,Weapon Law Violations,SOCIETY,EAST,Weapon Law Violations,78220,2026-09-01
69530262056,2026-04-03,Weapon Law Violations,SOCIETY,EAST,Weapon Law Violations,78220,2026-09-01
41441731508,2023-02-03,Weapon Law Violations,SOCIETY,SOUTH,Weapon Law Violations,78221,2026-09-01
65397482325,2025-08-10,Weapon Law Violations,SOCIETY,SOUTH,Weapon Law Violations,78221,2026-09-01
41236453750,2023-01-27,Weapon Law Violations,SOCIETY,EAST,Weapon Law Violations,78222,2026-09-01
56099609168,2024-05-16,Weapon Law Violations,SOCIETY,EAST,Weapon Law Violations,78222,2026-09-01
45863120847,2023-03-10,Weapon Law Violations,SOCIETY,SOUTH,Weapon Law Violations,78224,2026-09-01
47070794350,2023-03-20,Weapon Law Violations,SOCIETY,SOUTH,Weapon Law Violations,78224,2026-09-01
51923119497,2023-08-17,Weapon Law Violations,SOCIETY,SOUTH,Weapon Law Violations,78224,2026-09-01
52782505140,2023-10-24,Weapon Law Violations,SOCIETY,SOUTH,Weapon Law Violations,78224,2026-09-01
65666359304,2025-08-30,Weapon Law Violations,SOCIETY,SOUTH,Weapon Law Violations,78224,2026-09-01
62072556090,2024-12-31,Weapon Law Violations,SOCIETY,SOUTH,Weapon Law Violations,78225,2026-09-01
45196017823,2023-03-07,Weapon Law Violations,SOCIETY,SOUTH,Weapon Law Violations,78227,2026-09-01
60990808783,2024-11-26,Weapon Law Violations,SOCIETY,WEST,Weapon Law Violations,78227,2026-09-01
65477251046,2025-08-16,Weapon Law Violations,SOCIETY,SOUTH,Weapon Law Violations,78227,2026-09-01
69566380963,2026-04-06,Weapon Law Violations,SOCIETY,WEST,Weapon Law Violations,78227,2026-09-01
71162006099,2026-06-25,Weapon Law Violations,SOCIETY,WEST,Weapon Law Violations,78227,2026-09-01
53621101131,2024-01-04,Weapon Law Violations,SOCIETY,WEST,Weapon Law Violations,78228,2026-09-01
56841240051,2024-06-12,Weapon Law Violations,SOCIETY,WEST,Weapon Law Violations,78228,2026-09-01
61384366225,2024-12-03,Weapon Law Violations,SOCIETY,WEST,Weapon Law Violations,78228,2026-09-01
63615489391,2025-04-17,Weapon Law Violations,SOCIETY,WEST,Weapon Law Violations,78228,2026-09-01
68133319666,2026-01-11,Weapon Law Violations,SOCIETY,PRUE,Weapon Law Violations,78229,2026-09-01
52897903453,2023-11-03,Weapon Law Violations,SOCIETY,PRUE,Weapon Law Violations,78230,2026-09-01
59350038412,2024-09-16,Weapon Law Violations,SOCIETY,NORTH,Weapon Law Violations,78231,2026-09-01
51975402034,2023-08-23,Weapon Law Violations,SOCIETY,WEST,Weapon Law Violations,78238,2026-09-01
54207599839,2024-02-16,Weapon Law Violations,SOCIETY,WEST,Weapon Law Violations,78238,2026-09-01
51287185469,2023-07-03,Weapon Law Violations,SOCIETY,PRUE,Weapon Law Violations,78240,2026-09-01
57191674139,2024-06-28,Weapon Law Violations,SOCIETY,PRUE,Weapon Law Violations,78240,2026-09-01
51085103954,2023-06-22,Weapon Law Violations,SOCIETY,SOUTH,Weapon Law Violations,78242,2026-09-01
53557139936,2023-12-26,Weapon Law Violations,SOCIETY,SOUTH,Weapon Law Violations,78242,2026-09-01
49026136593,2023-04-15,Weapon Law Violations,SOCIETY,NORTH,Weapon Law Violations,78247,2026-09-01
55708513413,2024-04-28,Weapon Law Violations,SOCIETY,NORTH,Weapon Law Violations,78247,2026-09-01
67256925872,2025-11-08,Weapon Law Violations,SOCIETY,NORTH,Weapon Law Violations,78247,2026-09-01
41070474935,2023-01-23,Weapon Law Violations,SOCIETY,PRUE,Weapon Law Violations,78249,2026-09-01
63820608631,2025-05-05,Weapon Law Violations,SOCIETY,PRUE,Weapon Law Violations,78249,2026-09-01
55878615763,2024-05-05,Weapon Law Violations,SOCIETY,WEST,Weapon Law Violations,78251,2026-09-01
57461294083,2024-07-07,Weapon Law Violations,SOCIETY,SOUTH,Weapon Law Violations,78252,2026-09-01
60132461913,2024-10-19,Weapon Law Violations,SOCIETY,WEST,Weapon Law Violations,78253,2026-09-01
65510306305,2025-08-19,Weapon Law Violations,SOCIETY,SOUTH,Weapon Law Violations,78264,2026-09-01
62728207192,2025-02-11,Weapon Law Violations,SOCIETY,EAST,Weapon Law Violations,Out of Jurisdiction,2026-09-01
58282881841,2024-08-10,Weapon Law Violations,SOCIETY,EAST,Weapon Law Violations,78202,2026-09-01
63198432517,2025-03-15,Weapon Law Violations,SOCIETY,EAST,Weapon Law Violations,78202,2026-09-01
64781027636,2025-07-01,Weapon Law Violations,SOCIETY,EAST,Weapon Law Violations,78202,2026-09-01
41518446479,2023-02-06,Weapon Law Violations,SOCIETY,CENTRAL,Weapon Law Violations,78204,2026-09-01
51692867478,2023-08-03,Weapon Law Violations,SOCIETY,SOUTH,Weapon Law Violations,78204,2026-09-01
63544095269,2025-04-12,Weapon Law Violations,SOCIETY,DOWNTOWN,Weapon Law Violations,78205,2026-09-01
69275051045,2026-03-17,Weapon Law Violations,SOCIETY,DOWNTOWN,Weapon Law Violations,78205,2026-09-01
63489302939,2025-04-06,Weapon Law Violations,SOCIETY,CENTRAL,Weapon Law Violations,78207,2026-09-01
64533159541,2025-06-15,Weapon Law Violations,SOCIETY,CENTRAL,Weapon Law Violations,78207,2026-09-01
64896597865,2025-07-09,Weapon Law Violations,SOCIETY,CENTRAL,Weapon Law Violations,78207,2026-09-01
70782145493,2026-05-28,Weapon Law Violations,SOCIETY,CENTRAL,Weapon Law Violations,78207,2026-09-01
71755797609,2026-07-20,Weapon Law Violations,SOCIETY,CENTRAL,Weapon Law Violations,78207,2026-09-01
41491939482,2023-02-05,Weapon Law Violations,SOCIETY,EAST,Weapon Law Violations,78208,2026-09-01
41312278141,2023-01-30,Weapon Law Violations,SOCIETY,SOUTH,Weapon Law Violations,78210,2026-09-01
52758234653,2023-10-23,Weapon Law Violations,SOCIETY,SOUTH,Weapon Law Violations,78210,2026-09-01
62881958881,2025-02-23,Weapon Law Violations,SOCIETY,DOWNTOWN,Weapon Law Violations,78210,2026-09-01
52589066677,2023-10-14,Weapon Law Violations,SOCIETY,SOUTH,Weapon Law Violations,78211,2026-09-01
60852229605,2024-11-17,Weapon Law Violations,SOCIETY,DOWNTOWN,Weapon Law Violations,78212,2026-09-01
63471464103,2025-04-04,Weapon Law Violations,SOCIETY,CENTRAL,Weapon Law Violations,78212,2026-09-01
68732821105,2026-02-27,Weapon Law Violations,SOCIETY,DOWNTOWN,Weapon Law Violations,78212,2026-09-01
56628846661,2024-06-08,Weapon Law Violations,SOCIETY,CENTRAL,Weapon Law Violations,78213,2026-09-01
53441013620,2023-12-17,Weapon Law Violations,SOCIETY,SOUTH,Weapon Law Violations,78214,2026-09-01
65044455743,2025-07-21,Weapon Law Violations,SOCIETY,SOUTH,Weapon Law Violations,78214,2026-09-01
69235405841,2026-03-15,Weapon Law Violations,SOCIETY,SOUTH,Weapon Law Violations,78214,2026-09-01
52469503506,2023-09-29,Weapon Law Violations,SOCIETY,NORTH,Weapon Law Violations,78216,2026-09-01
54950147393,2024-03-22,Weapon Law Violations,SOCIETY,NORTH,Weapon Law Violations,78216,2026-09-01
59851517809,2024-10-03,Weapon Law Violations,SOCIETY,NORTH,Weapon Law Violations,78216,2026-09-01
65575669635,2025-08-24,Weapon Law Violations,SOCIETY,EAST,Weapon Law Violations,78218,2026-09-01
68106586483,2026-01-08,Weapon Law Violations,SOCIETY,EAST,Weapon Law Violations,78218,2026-09-01
44073086086,2023-02-28,Weapon Law Violations,SOCIETY,EAST,Weapon Law Violations,78219,2026-09-01
57136550244,2024-06-25,Weapon Law Violations,SOCIETY,EAST,Weapon Law Violations,78219,2026-09-01
69758697718,2026-04-20,Weapon Law Violations,SOCIETY,EAST,Weapon Law Violations,78219,2026-09-01
60135440628,2024-10-20,Weapon Law Violations,SOCIETY,EAST,Weapon Law Violations,78220,2026-09-01
64432644176,2025-06-10,Weapon Law Violations,SOCIETY,SOUTH,Weapon Law Violations,78221,2026-09-01
49294991795,2023-04-28,Weapon Law Violations,SOCIETY,EAST,Weapon Law Violations,78223,2026-09-01
58419294911,2024-08-15,Weapon Law Violations,SOCIETY,SOUTH,Weapon Law Violations,78223,2026-09-01
58686574131,2024-09-03,Weapon Law Violations,SOCIETY,SOUTH,Weapon Law Violations,78223,2026-09-01
67396348974,2025-11-16,Weapon Law Violations,SOCIETY,SOUTH,Weapon Law Violations,78223,2026-09-01
68011126700,2026-01-02,Weapon Law Violations,SOCIETY,SOUTH,Weapon Law Violations,78223,2026-09-01
68348503388,2026-01-30,Weapon Law Violations,SOCIETY,SOUTH,Weapon Law Violations,78223,2026-09-01
68805765106,2026-03-04,Weapon Law Violations,SOCIETY,SOUTH,Weapon Law Violations,78223,2026-09-01
53654940130,2024-01-05,Weapon Law Violations,SOCIETY,SOUTH,Weapon Law Violations,78224,2026-09-01
60184904478,2024-10-23,Weapon Law Violations,SOCIETY,SOUTH,Weapon Law Violations,78225,2026-09-01
49025359950,2023-04-14,Weapon Law Violations,SOCIETY,SOUTH,Weapon Law Violations,78226,2026-09-01
53953704447,2024-01-29,Weapon Law Violations,SOCIETY,WEST,Weapon Law Violations,78227,2026-09-01
44901011592,2023-03-04,Weapon Law Violations,SOCIETY,WEST,Weapon Law Violations,78228,2026-09-01
68163851713,2026-01-13,Weapon Law Violations,SOCIETY,WEST,Weapon Law Violations,78228,2026-09-01
68762096123,2026-03-01,Weapon Law Violations,SOCIETY,WEST,Weapon Law Violations,78228,2026-09-01
62372642895,2025-01-20,Weapon Law Violations,SOCIETY,PRUE,Weapon Law Violations,78230,2026-09-01
65581016335,2025-08-24,Weapon Law Violations,SOCIETY,PRUE,Weapon Law Violations,78230,2026-09-01
68552630882,2026-02-14,Weapon Law Violations,SOCIETY,NORTH,Weapon Law Violations,78232,2026-09-01
53597308826,2023-12-31,Weapon Law Violations,SOCIETY,WEST,Weapon Law Violations,78237,2026-09-01
58405761610,2024-08-15,Weapon Law Violations,SOCIETY,WEST,Weapon Law Violations,78237,2026-09-01
66679410291,2025-10-13,Weapon Law Violations,SOCIETY,WEST,Weapon Law Violations,78237,2026-09-01
71506601438,2026-07-08,Weapon Law Violations,SOCIETY,WEST,Weapon Law Violations,78238,2026-09-01
66880259782,2025-10-26,Weapon Law Violations,SOCIETY,PRUE,Weapon Law Violations,78240,2026-09-01
63020891368,2025-03-05,Weapon Law Violations,SOCIETY,WEST,Weapon Law Violations,78245,2026-09-01
69409279775,2026-03-25,Weapon Law Violations,SOCIETY,PRUE,Weapon Law Violations,78254,2026-09-01
39354226052,2023-01-02,Weapon Law Violations,SOCIETY,SOUTH,Weapon Law Violations,Out of Jurisdiction,2026-09-01
50942920544,2023-06-05,Weapon Law Violations,SOCIETY,WEST,Weapon Law Violations,78201,2026-09-01
58105341498,2024-08-03,Weapon Law Violations,SOCIETY,WEST,Weapon Law Violations,78201,2026-09-01
53432701228,2023-12-16,Weapon Law Violations,SOCIETY,EAST,Weapon Law Violations,78202,2026-09-01
63074650550,2025-03-07,Weapon Law Violations,SOCIETY,DOWNTOWN,Weapon Law Violations,78204,2026-09-01
67252047907,2025-11-08,Weapon Law Violations,SOCIETY,DOWNTOWN,Weapon Law Violations,78204,2026-09-01
48533624424,2023-04-02,Weapon Law Violations,SOCIETY,CENTRAL,Weapon Law Violations,78207,2026-09-01
57906872241,2024-07-25,Weapon Law Violations,SOCIETY,CENTRAL,Weapon Law Violations,78207,2026-09-01
67620023640,2025-12-01,Weapon Law Violations,SOCIETY,CENTRAL,Weapon Law Violations,78207,2026-09-01
40857906475,2023-01-18,Weapon Law Violations,SOCIETY,CENTRAL,Weapon Law Violations,78210,2026-09-01
54566629605,2024-03-03,Weapon Law Violations,SOCIETY,EAST,Weapon Law Violations,78210,2026-09-01
55523854633,2024-04-17,Weapon Law Violations,SOCIETY,SOUTH,Weapon Law Violations,78210,2026-09-01
68368332030,2026-01-31,Weapon Law Violations,SOCIETY,EAST,Weapon Law Violations,78210,2026-09-01
53421877606,2023-12-16,Weapon Law Violations,SOCIETY,SOUTH,Weapon Law Violations,78211,2026-09-01
60954953679,2024-11-22,Weapon Law Violations,SOCIETY,SOUTH,Weapon Law Violations,78211,2026-09-01
64346899953,2025-07-01,Weapon Law Violations,SOCIETY,SOUTH,Weapon Law Violations,78211,2026-09-01
58871922457,2024-09-08,Weapon Law Violations,SOCIETY,NORTH,Weapon Law Violations,78213,2026-09-01
41154665925,2023-01-24,Weapon Law Violations,SOCIETY,SOUTH,Weapon Law Violations,78214,2026-09-01
59453869300,2024-09-21,Weapon Law Violations,SOCIETY,SOUTH,Weapon Law Violations,78214,2026-09-01
63248491741,2025-03-19,Weapon Law Violations,SOCIETY,SOUTH,Weapon Law Violations,78214,2026-09-01
54757319253,2024-03-17,Weapon Law Violations,SOCIETY,NORTH,Weapon Law Violations,78216,2026-09-01
57911091370,2024-07-26,Weapon Law Violations,SOCIETY,NORTH,Weapon Law Violations,78216,2026-09-01
58500200525,2024-08-22,Weapon Law Violations,SOCIETY,NORTH,Weapon Law Violations,78216,2026-09-01
60967541855,2024-11-23,Weapon Law Violations,SOCIETY,NORTH,Weapon Law Violations,78216,2026-09-01
70801984379,2026-05-30,Weapon Law Violations,SOCIETY,NORTH,Weapon Law Violations,78216,2026-09-01
51789400691,2023-08-11,Weapon Law Violations,SOCIETY,NORTH,Weapon Law Violations,78217,2026-09-01
54012135244,2024-02-03,Weapon Law Violations,SOCIETY,NORTH,Weapon Law Violations,78217,2026-09-01
60088118755,2024-10-17,Weapon Law Violations,SOCIETY,NORTH,Weapon Law Violations,78217,2026-09-01
45620253404,2023-03-09,Weapon Law Violations,SOCIETY,EAST,Weapon Law Violations,78218,2026-09-01
68678533398,2026-02-24,Weapon Law Violations,SOCIETY,EAST,Weapon Law Violations,78218,2026-09-01
51365475066,2023-07-12,Weapon Law Violations,SOCIETY,EAST,Weapon Law Violations,78219,2026-09-01
65581398668,2025-08-24,Weapon Law Violations,SOCIETY,EAST,Weapon Law Violations,78220,2026-09-01
65721158442,2025-09-04,Weapon Law Violations,SOCIETY,EAST,Weapon Law Violations,78220,2026-09-01
54905504251,2024-03-21,Weapon Law Violations,SOCIETY,SOUTH,Weapon Law Violations,78221,2026-09-01
65590894596,2025-08-25,Weapon Law Violations,SOCIETY,SOUTH,Weapon Law Violations,78221,2026-09-01
70359875575,2026-05-08,Weapon Law Violations,SOCIETY,SOUTH,Weapon Law Violations,78221,2026-09-01
57876770787,2024-07-23,Weapon Law Violations,SOCIETY,SOUTH,Weapon Law Violations,78223,2026-09-01
62439646155,2025-01-25,Weapon Law Violations,SOCIETY,EAST,Weapon Law Violations,78223,2026-09-01
49226983444,2023-04-22,Weapon Law Violations,SOCIETY,SOUTH,Weapon Law Violations,78224,2026-09-01
52593871253,2023-10-15,Weapon Law Violations,SOCIETY,SOUTH,Weapon Law Violations,78224,2026-09-01
59905659701,2024-10-06,Weapon Law Violations,SOCIETY,SOUTH,Weapon Law Violations,78225,2026-09-01
63783075431,2025-05-02,Weapon Law Violations,SOCIETY,SOUTH,Weapon Law Violations,78225,2026-09-01
46966425217,2023-03-19,Weapon Law Violations,SOCIETY,WEST,Weapon Law Violations,78227,2026-09-01
41523842484,2023-02-06,Weapon Law Violations,SOCIETY,WEST,Weapon Law Violations,78228,2026-09-01
52973428809,2023-11-09,Weapon Law Violations,SOCIETY,WEST,Weapon Law Violations,78228,2026-09-01
55731174229,2024-04-30,Weapon Law Violations,SOCIETY,WEST,Weapon Law Violations,78228,2026-09-01
63962945262,2025-05-13,Weapon Law Violations,SOCIETY,WEST,Weapon Law Violations,78228,2026-09-01
65519121178,2025-08-19,Weapon Law Violations,SOCIETY,WEST,Weapon Law Violations,78228,2026-09-01
52894948383,2023-11-03,Weapon Law Violations,SOCIETY,PRUE,Weapon Law Violations,78229,2026-09-01
60832945209,2024-11-15,Weapon Law Violations,SOCIETY,PRUE,Weapon Law Violations,78229,2026-09-01
49308181125,2023-04-29,Weapon Law Violations,SOCIETY,CENTRAL,Weapon Law Violations,78230,2026-09-01
60216928191,2024-10-26,Weapon Law Violations,SOCIETY,PRUE,Weapon Law Violations,78230,2026-09-01
48183519446,2023-03-30,Weapon Law Violations,SOCIETY,NORTH,Weapon Law Violations,78233,2026-09-01
52064734617,2023-08-30,Weapon Law Violations,SOCIETY,WEST,Weapon Law Violations,78237,2026-09-01
58565850330,2024-08-26,Weapon Law Violations,SOCIETY,WEST,Weapon Law Violations,78237,2026-09-01
64479359864,2025-06-11,Weapon Law Violations,SOCIETY,WEST,Weapon Law Violations,78237,2026-09-01
66357605832,2025-10-03,Weapon Law Violations,SOCIETY,WEST,Weapon Law Violations,78237,2026-09-01
53357423716,2023-12-08,Weapon Law Violations,SOCIETY,WEST,Weapon Law Violations,78238,2026-09-01
53768780612,2024-01-13,Weapon Law Violations,SOCIETY,WEST,Weapon Law Violations,78238,2026-09-01
54787701143,2024-03-17,Weapon Law Violations,SOCIETY,PRUE,Weapon Law Violations,78238,2026-09-01
50057067098,2023-05-23,Weapon Law Violations,SOCIETY,PRUE,Weapon Law Violations,78240,2026-09-01
51550751957,2023-07-30,Weapon Law Violations,SOCIETY,SOUTH,Weapon Law Violations,78242,2026-09-01
57656668709,2024-07-16,Weapon Law Violations,SOCIETY,SOUTH,Weapon Law Violations,78242,2026-09-01
61956355311,2024-12-22,Weapon Law Violations,SOCIETY,SOUTH,Weapon Law Violations,78242,2026-09-01
68534608385,2026-02-12,Weapon Law Violations,SOCIETY,WEST,Weapon Law Violations,78245,2026-09-01
49298430079,2023-04-28,Weapon Law Violations,SOCIETY,NORTH,Weapon Law Violations,78247,2026-09-01
71438829697,2026-07-06,Weapon Law Violations,SOCIETY,NORTH,Weapon Law Violations,78247,2026-09-01
40489227489,2023-01-11,Weapon Law Violations,SOCIETY,PRUE,Weapon Law Violations,78249,2026-09-01
43255985322,2023-02-24,Weapon Law Violations,SOCIETY,PRUE,Weapon Law Violations,78249,2026-09-01
53896516694,2024-01-25,Weapon Law Violations,SOCIETY,PRUE,Weapon Law Violations,78250,2026-09-01
57271878988,2024-07-02,Weapon Law Violations,SOCIETY,WEST,Weapon Law Violations,78251,2026-09-01
72395635357,2026-08-23,Weapon Law Violations,SOCIETY,WEST,Weapon Law Violations,78251,2026-09-01
51050338337,2023-06-18,Weapon Law Violations,SOCIETY,WEST,Weapon Law Violations,78201,2026-09-01
54036934195,2024-02-05,Weapon Law Violations,SOCIETY,WEST,Weapon Law Violations,78201,2026-09-01
54118389430,2024-02-10,Weapon Law Violations,SOCIETY,CENTRAL,Weapon Law Violations,78201,2026-09-01
56466522465,2024-05-30,Weapon Law Violations,SOCIETY,WEST,Weapon Law Violations,78201,2026-09-01
57019710375,2024-06-22,Weapon Law Violations,SOCIETY,CENTRAL,Weapon Law Violations,78201,2026-09-01
67173629345,2025-11-03,Weapon Law Violations,SOCIETY,DOWNTOWN,Weapon Law Violations,78201,2026-09-01
53863629085,2024-01-22,Weapon Law Violations,SOCIETY,CENTRAL,Weapon Law Violations,78204,2026-09-01
61433228962,2024-12-11,Weapon Law Violations,SOCIETY,SOUTH,Weapon Law Violations,78204,2026-09-01
55573975352,2024-04-19,Weapon Law Violations,SOCIETY,CENTRAL,Weapon Law Violations,78205,2026-09-01
67885976166,2025-12-20,Weapon Law Violations,SOCIETY,DOWNTOWN,Weapon Law Violations,78205,2026-09-01
49245636794,2023-04-24,Weapon Law Violations,SOCIETY,CENTRAL,Weapon Law Violations,78207,2026-09-01
52465363137,2023-09-29,Weapon Law Violations,SOCIETY,CENTRAL,Weapon Law Violations,78207,2026-09-01
55854333141,2024-05-05,Weapon Law Violations,SOCIETY,CENTRAL,Weapon Law Violations,78207,2026-09-01
56821616996,2024-06-12,Weapon Law Violations,SOCIETY,CENTRAL,Weapon Law Violations,78207,2026-09-01
68440330703,2026-02-06,Weapon Law Violations,SOCIETY,CENTRAL,Weapon Law Violations,78207,2026-09-01
70529747939,2026-05-19,Weapon Law Violations,SOCIETY,CENTRAL,Weapon Law Violations,78207,2026-09-01
71272873916,2026-07-02,Weapon Law Violations,SOCIETY,CENTRAL,Weapon Law Violations,78207,2026-09-01
72197080398,2026-08-13,Weapon Law Violations,SOCIETY,CENTRAL,Weapon Law Violations,78207,2026-09-01
63379266645,2025-03-28,Weapon Law Violations,SOCIETY,NORTH,Weapon Law Violations,78209,2026-09-01
51829982895,2023-08-14,Weapon Law Violations,SOCIETY,SOUTH,Weapon Law Violations,78210,2026-09-01
52944237618,2023-11-09,Weapon Law Violations,SOCIETY,SOUTH,Weapon Law Violations,78210,2026-09-01
63667385981,2025-04-23,Weapon Law Violations,SOCIETY,DOWNTOWN,Weapon Law Violations,78210,2026-09-01
70764438350,2026-05-27,Weapon Law Violations,SOCIETY,EAST,Weapon Law Violations,78210,2026-09-01
72044742150,2026-08-08,Weapon Law Violations,SOCIETY,DOWNTOWN,Weapon Law Violations,78210,2026-09-01
56138498231,2024-05-18,Weapon Law Violations,SOCIETY,SOUTH,Weapon Law Violations,78211,2026-09-01
63887332961,2025-05-08,Weapon Law Violations,SOCIETY,NORTH,Weapon Law Violations,78213,2026-09-01
51950148924,2023-08-20,Weapon Law Violations,SOCIETY,SOUTH,Weapon Law Violations,78214,2026-09-01
60389601890,2024-11-04,Weapon Law Violations,SOCIETY,SOUTH,Weapon Law Violations,78214,2026-09-01
60859052378,2024-11-18,Weapon Law Violations,SOCIETY,SOUTH,Weapon Law Violations,78214,2026-09-01
62030349971,2024-12-27,Weapon Law Violations,SOCIETY,SOUTH,Weapon Law Violations,78214,2026-09-01
71964725641,2026-08-03,Weapon Law Violations,SOCIETY,SOUTH,Weapon Law Violations,78214,2026-09-01
48534122137,2023-04-02,Weapon Law Violations,SOCIETY,PRUE,Weapon Law Violations,78216,2026-09-01
54966453857,2024-03-23,Weapon Law Violations,SOCIETY,NORTH,Weapon Law Violations,78216,2026-09-01
63062624591,2025-03-06,Weapon Law Violations,SOCIETY,NORTH,Weapon Law Violations,78216,2026-09-01
69563600226,2026-04-06,Weapon Law Violations,SOCIETY,NORTH,Weapon Law Violations,78216,2026-09-01
70875640263,2026-06-05,Weapon Law Violations,SOCIETY,NORTH,Weapon Law Violations,78217,2026-09-01
51346482600,2023-07-09,Weapon Law Violations,SOCIETY,EAST,Weapon Law Violations,78218,2026-09-01
58531809223,2024-08-24,Weapon Law Violations,SOCIETY,EAST,Weapon Law Violations,78218,2026-09-01
64524321477,2025-06-15,Weapon Law Violations,SOCIETY,EAST,Weapon Law Violations,78218,2026-09-01
63662498647,2025-04-22,Weapon Law Violations,SOCIETY,EAST,Weapon Law Violations,78219,2026-09-01
52972181818,2023-11-10,Weapon Law Violations,SOCIETY,EAST,Weapon Law Violations,78220,2026-09-01
56405524814,2024-05-24,Weapon Law Violations,SOCIETY,EAST,Weapon Law Violations,78220,2026-09-01
41553674543,2023-02-07,Weapon Law Violations,SOCIETY,SOUTH,Weapon Law Violations,78221,2026-09-01
60200013446,2024-10-24,Weapon Law Violations,SOCIETY,SOUTH,Weapon Law Violations,78221,2026-09-01
70327621844,2026-05-07,Weapon Law Violations,SOCIETY,SOUTH,Weapon Law Violations,78221,2026-09-01
55058665251,2024-03-29,Weapon Law Violations,SOCIETY,EAST,Weapon Law Violations,78223,2026-09-01
69479721624,2026-03-31,Weapon Law Violations,SOCIETY,SOUTH,Weapon Law Violations,78223,2026-09-01
52799630252,2023-10-25,Weapon Law Violations,SOCIETY,SOUTH,Weapon Law Violations,78224,2026-09-01
49928613513,2023-05-18,Weapon Law Violations,SOCIETY,WEST,Weapon Law Violations,78227,2026-09-01
51324540646,2023-07-06,Weapon Law Violations,SOCIETY,WEST,Weapon Law Violations,78227,2026-09-01
51726738685,2023-08-08,Weapon Law Violations,SOCIETY,WEST,Weapon Law Violations,78227,2026-09-01
51791940717,2023-08-11,Weapon Law Violations,SOCIETY,WEST,Weapon Law Violations,78227,2026-09-01
72513807564,2026-08-30,Weapon Law Violations,SOCIETY,WEST,Weapon Law Violations,78227,2026-09-01
39844603814,2023-01-06,Weapon Law Violations,SOCIETY,WEST,Weapon Law Violations,78228,2026-09-01
52309566826,2023-09-16,Weapon Law Violations,SOCIETY,WEST,Weapon Law Violations,78228,2026-09-01
53848910065,2024-07-03,Weapon Law Violations,SOCIETY,WEST,Weapon Law Violations,78228,2026-09-01
62327584172,2025-01-18,Weapon Law Violations,SOCIETY,WEST,Weapon Law Violations,78228,2026-09-01
72506791898,2026-08-29,Weapon Law Violations,SOCIETY,WEST,Weapon Law Violations,78228,2026-09-01
54212364853,2024-02-17,Weapon Law Violations,SOCIETY,PRUE,Weapon Law Violations,78229,2026-09-01
55701377699,2024-04-28,Weapon Law Violations,SOCIETY,PRUE,Weapon Law Violations,78229,2026-09-01
70991083453,2026-06-13,Weapon Law Violations,SOCIETY,NORTH,Weapon Law Violations,78232,2026-09-01
52082806630,2023-08-31,Weapon Law Violations,SOCIETY,NORTH,Weapon Law Violations,78233,2026-09-01
56879515103,2024-06-16,Weapon Law Violations,SOCIETY,NORTH,Weapon Law Violations,78233,2026-09-01
49502805440,2023-05-11,Weapon Law Violations,SOCIETY,WEST,Weapon Law Violations,78237,2026-09-01
53276498406,2023-12-01,Weapon Law Violations,SOCIETY,WEST,Weapon Law Violations,78237,2026-09-01
47826561470,2023-03-27,Weapon Law Violations,SOCIETY,WEST,Weapon Law Violations,78238,2026-09-01
59397819073,2024-09-19,Weapon Law Violations,SOCIETY,WEST,Weapon Law Violations,78238,2026-09-01
54592545094,2024-03-06,Weapon Law Violations,SOCIETY,PRUE,Weapon Law Violations,78240,2026-09-01
68038987203,2026-01-04,Weapon Law Violations,SOCIETY,EAST,Weapon Law Violations,78244,2026-09-01
50980614684,2023-06-09,Weapon Law Violations,SOCIETY,WEST,Weapon Law Violations,78245,2026-09-01
65646415776,2025-08-29,Weapon Law Violations,SOCIETY,WEST,Weapon Law Violations,78245,2026-09-01
70239962707,2026-05-01,Weapon Law Violations,SOCIETY,PRUE,Weapon Law Violations,78250,2026-09-01
64379439170,2025-06-07,Weapon Law Violations,SOCIETY,WEST,Weapon Law Violations,78251,2026-09-01
53468055597,2023-12-20,Weapon Law Violations,SOCIETY,SOUTH,Weapon Law Violations,78252,2026-09-01
51121646374,2023-06-26,Weapon Law Violations,SOCIETY,WEST,Weapon Law Violations,78201,2026-09-01
51981546125,2023-08-24,Weapon Law Violations,SOCIETY,CENTRAL,Weapon Law Violations,78201,2026-09-01
53713101640,2024-01-11,Weapon Law Violations,SOCIETY,CENTRAL,Weapon Law Violations,78201,2026-09-01
68520710841,2026-02-12,Weapon Law Violations,SOCIETY,WEST,Weapon Law Violations,78201,2026-09-01
55672644132,2024-04-25,Weapon Law Violations,SOCIETY,EAST,Weapon Law Violations,78202,2026-09-01
51324074779,2023-07-06,Weapon Law Violations,SOCIETY,CENTRAL,Weapon Law Violations,78204,2026-09-01
62243974080,2025-01-15,Weapon Law Violations,SOCIETY,DOWNTOWN,Weapon Law Violations,78205,2026-09-01
63705488480,2025-04-27,Weapon Law Violations,SOCIETY,DOWNTOWN,Weapon Law Violations,78205,2026-09-01
56100979407,2024-05-17,Weapon Law Violations,SOCIETY,CENTRAL,Weapon Law Violations,78207,2026-09-01
57073519510,2024-06-24,Weapon Law Violations,SOCIETY,CENTRAL,Weapon Law Violations,78207,2026-09-01
58770730485,2024-09-06,Weapon Law Violations,SOCIETY,CENTRAL,Weapon Law Violations,78207,2026-09-01
64068234082,2025-05-21,Weapon Law Violations,SOCIETY,CENTRAL,Weapon Law Violations,78207,2026-09-01
71182218159,2026-06-26,Weapon Law Violations,SOCIETY,CENTRAL,Weapon Law Violations,78207,2026-09-01
51765272297,2023-08-10,Weapon Law Violations,SOCIETY,EAST,Weapon Law Violations,78210,2026-09-01
64047444762,2025-05-20,Weapon Law Violations,SOCIETY,DOWNTOWN,Weapon Law Violations,78210,2026-09-01
51316875371,2023-07-06,Weapon Law Violations,SOCIETY,SOUTH,Weapon Law Violations,78211,2026-09-01
54104471866,2024-02-08,Weapon Law Violations,SOCIETY,SOUTH,Weapon Law Violations,78211,2026-09-01
52944203401,2023-11-09,Weapon Law Violations,SOCIETY,CENTRAL,Weapon Law Violations,78212,2026-09-01
52562294736,2023-10-11,Weapon Law Violations,SOCIETY,NORTH,Weapon Law Violations,78213,2026-09-01
54647779459,2024-03-10,Weapon Law Violations,SOCIETY,CENTRAL,Weapon Law Violations,78213,2026-09-01
52406852005,2023-09-23,Weapon Law Violations,SOCIETY,SOUTH,Weapon Law Violations,78214,2026-09-01
57993583537,2024-07-31,Weapon Law Violations,SOCIETY,SOUTH,Weapon Law Violations,78214,2026-09-01
51381646684,2023-07-14,Weapon Law Violations,SOCIETY,CENTRAL,Weapon Law Violations,78215,2026-09-01
51732702380,2023-08-08,Weapon Law Violations,SOCIETY,NORTH,Weapon Law Violations,78216,2026-09-01
65569777632,2025-08-24,Weapon Law Violations,SOCIETY,NORTH,Weapon Law Violations,78216,2026-09-01
70595268988,2026-05-22,Weapon Law Violations,SOCIETY,NORTH,Weapon Law Violations,78216,2026-09-01
70970688636,2026-06-11,Weapon Law Violations,SOCIETY,NORTH,Weapon Law Violations,78216,2026-09-01
39553538234,2023-01-05,Weapon Law Violations,SOCIETY,NORTH,Weapon Law Violations,78217,2026-09-01
45331113407,2023-03-08,Weapon Law Violations,SOCIETY,NORTH,Weapon Law Violations,78217,2026-09-01
52272068872,2023-09-12,Weapon Law Violations,SOCIETY,EAST,Weapon Law Violations,78218,2026-09-01
53827115018,2024-01-18,Weapon Law Violations,SOCIETY,EAST,Weapon Law Violations,78218,2026-09-01
68003400568,2026-01-01,Weapon Law Violations,SOCIETY,EAST,Weapon Law Violations,78218,2026-09-01
64888112499,2025-07-09,Weapon Law Violations,SOCIETY,EAST,Weapon Law Violations,78220,2026-09-01
68107027094,2026-01-08,Weapon Law Violations,SOCIETY,EAST,Weapon Law Violations,78220,2026-09-01
68386585938,2026-02-02,Weapon Law Violations,SOCIETY,EAST,Weapon Law Violations,78220,2026-09-01
70751825641,2026-05-26,Weapon Law Violations,SOCIETY,EAST,Weapon Law Violations,78220,2026-09-01
72399677179,2026-08-23,Weapon Law Violations,SOCIETY,EAST,Weapon Law Violations,78220,2026-09-01
50989192731,2023-06-11,Weapon Law Violations,SOCIETY,SOUTH,Weapon Law Violations,78221,2026-09-01
39770981685,2023-01-06,Weapon Law Violations,SOCIETY,EAST,Weapon Law Violations,78222,2026-09-01
52074101019,2023-08-30,Weapon Law Violations,SOCIETY,WEST,Weapon Law Violations,78227,2026-09-01
52368694423,2023-09-19,Weapon Law Violations,SOCIETY,WEST,Weapon Law Violations,78227,2026-09-01
69115388419,2026-03-07,Weapon Law Violations,SOCIETY,WEST,Weapon Law Violations,78227,2026-09-01
49004296968,2023-04-12,Weapon Law Violations,SOCIETY,WEST,Weapon Law Violations,78228,2026-09-01
49324655933,2023-05-01,Weapon Law Violations,SOCIETY,WEST,Weapon Law Violations,78228,2026-09-01
57418927557,2024-07-06,Weapon Law Violations,SOCIETY,WEST,Weapon Law Violations,78228,2026-09-01
58006320079,2024-08-02,Weapon Law Violations,SOCIETY,WEST,Weapon Law Violations,78228,2026-09-01
49217250312,2023-04-21,Weapon Law Violations,SOCIETY,PRUE,Weapon Law Violations,78229,2026-09-01
51344749915,2023-07-09,Weapon Law Violations,SOCIETY,PRUE,Weapon Law Violations,78229,2026-09-01
53680227473,2024-01-09,Weapon Law Violations,SOCIETY,PRUE,Weapon Law Violations,78229,2026-09-01
63568073100,2025-04-13,Weapon Law Violations,SOCIETY,PRUE,Weapon Law Violations,78230,2026-09-01
63692225238,2025-04-25,Weapon Law Violations,SOCIETY,PRUE,Weapon Law Violations,78230,2026-09-01
49661361862,2023-05-13,Weapon Law Violations,SOCIETY,NORTH,Weapon Law Violations,78233,2026-09-01
56283061570,2024-05-22,Weapon Law Violations,SOCIETY,NORTH,Weapon Law Violations,78233,2026-09-01
40717197361,2023-01-15,Weapon Law Violations,SOCIETY,WEST,Weapon Law Violations,78238,2026-09-01
67831523898,2025-12-16,Weapon Law Violations,SOCIETY,WEST,Weapon Law Violations,78238,2026-09-01
52509947486,2023-10-04,Weapon Law Violations,SOCIETY,SOUTH,Weapon Law Violations,78242,2026-09-01
56056058960,2024-05-13,Weapon Law Violations,SOCIETY,SOUTH,Weapon Law Violations,78242,2026-09-01
41468589805,2023-03-06,Weapon Law Violations,SOCIETY,WEST,Weapon Law Violations,78245,2026-09-01
51167323008,2023-06-30,Weapon Law Violations,SOCIETY,WEST,Weapon Law Violations,78245,2026-09-01
46117090574,2023-03-11,Weapon Law Violations,SOCIETY,PRUE,Weapon Law Violations,78249,2026-09-01
57946649590,2024-07-27,Weapon Law Violations,SOCIETY,SOUTH,Weapon Law Violations,78252,2026-09-01
52694170439,2023-10-20,Weapon Law Violations,SOCIETY,WEST,Weapon Law Violations,78201,2026-09-01
67545752233,2025-11-26,Weapon Law Violations,SOCIETY,CENTRAL,Weapon Law Violations,78201,2026-09-01
51061021431,2023-06-19,Weapon Law Violations,SOCIETY,EAST,Weapon Law Violations,78202,2026-09-01
53131475862,2023-11-22,Weapon Law Violations,SOCIETY,EAST,Weapon Law Violations,78202,2026-09-01
58005416301,2024-08-01,Weapon Law Violations,SOCIETY,EAST,Weapon Law Violations,78202,2026-09-01
67875858355,2025-12-19,Weapon Law Violations,SOCIETY,DOWNTOWN,Weapon Law Violations,78205,2026-09-01
65109982669,2025-07-25,Weapon Law Violations,SOCIETY,DOWNTOWN,Weapon Law Violations,78206,2026-09-01
52305888409,2023-09-16,Weapon Law Violations,SOCIETY,CENTRAL,Weapon Law Violations,78207,2026-09-01
68327749660,2026-01-28,Weapon Law Violations,SOCIETY,CENTRAL,Weapon Law Violations,78207,2026-09-01
71975088347,2026-08-04,Weapon Law Violations,SOCIETY,DOWNTOWN,Weapon Law Violations,78207,2026-09-01
39332007275,2023-01-01,Weapon Law Violations,SOCIETY,EAST,Weapon Law Violations,78208,2026-09-01
47282718735,2023-03-22,Weapon Law Violations,SOCIETY,SOUTH,Weapon Law Violations,78210,2026-09-01
50931177639,2023-06-03,Weapon Law Violations,SOCIETY,EAST,Weapon Law Violations,78210,2026-09-01
52916811202,2023-11-06,Weapon Law Violations,SOCIETY,EAST,Weapon Law Violations,78210,2026-09-01
65659770030,2025-08-29,Weapon Law Violations,SOCIETY,DOWNTOWN,Weapon Law Violations,78210,2026-09-01
69424222425,2026-03-26,Weapon Law Violations,SOCIETY,SOUTH,Weapon Law Violations,78210,2026-09-01
72215898832,2026-08-14,Weapon Law Violations,SOCIETY,DOWNTOWN,Weapon Law Violations,78210,2026-09-01
50997502058,2023-06-12,Weapon Law Violations,SOCIETY,CENTRAL,Weapon Law Violations,78213,2026-09-01
53010974540,2023-11-13,Weapon Law Violations,SOCIETY,NORTH,Weapon Law Violations,78213,2026-09-01
54406369667,2024-02-26,Weapon Law Violations,SOCIETY,NORTH,Weapon Law Violations,78213,2026-09-01
62986051447,2025-03-03,Weapon Law Violations,SOCIETY,CENTRAL,Weapon Law Violations,78213,2026-09-01
42306522636,2023-02-14,Weapon Law Violations,SOCIETY,SOUTH,Weapon Law Violations,78214,2026-09-01
57968932712,2024-07-30,Weapon Law Violations,SOCIETY,SOUTH,Weapon Law Violations,78214,2026-09-01
71828030847,2026-07-24,Weapon Law Violations,SOCIETY,SOUTH,Weapon Law Violations,78214,2026-09-01
48971780302,2023-04-07,Weapon Law Violations,SOCIETY,NORTH,Weapon Law Violations,78216,2026-09-01
51093352800,2023-06-23,Weapon Law Violations,SOCIETY,NORTH,Weapon Law Violations,78216,2026-09-01
70492131031,2026-05-16,Weapon Law Violations,SOCIETY,NORTH,Weapon Law Violations,78216,2026-09-01
52400927523,2023-09-23,Weapon Law Violations,SOCIETY,NORTH,Weapon Law Violations,78217,2026-09-01
53286921776,2023-12-03,Weapon Law Violations,SOCIETY,NORTH,Weapon Law Violations,78217,2026-09-01
69712239836,2026-04-17,Weapon Law Violations,SOCIETY,NORTH,Weapon Law Violations,78217,2026-09-01
59950041947,2024-10-08,Weapon Law Violations,SOCIETY,EAST,Weapon Law Violations,78218,2026-09-01
63487011114,2025-04-06,Weapon Law Violations,SOCIETY,EAST,Weapon Law Violations,78218,2026-09-01
51381135228,2023-07-14,Weapon Law Violations,SOCIETY,EAST,Weapon Law Violations,78220,2026-09-01
67633987936,2025-12-02,Weapon Law Violations,SOCIETY,EAST,Weapon Law Violations,78220,2026-09-01
52479920560,2023-10-01,Weapon Law Violations,SOCIETY,SOUTH,Weapon Law Violations,78221,2026-09-01
53388087716,2023-12-12,Weapon Law Violations,SOCIETY,SOUTH,Weapon Law Violations,78221,2026-09-01
68137579333,2026-01-12,Weapon Law Violations,SOCIETY,SOUTH,Weapon Law Violations,78221,2026-09-01
51000725523,2023-06-12,Weapon Law Violations,SOCIETY,EAST,Weapon Law Violations,78222,2026-09-01
52327283636,2023-09-18,Weapon Law Violations,SOCIETY,EAST,Weapon Law Violations,78222,2026-09-01
51002490510,2023-06-13,Weapon Law Violations,SOCIETY,EAST,Weapon Law Violations,78223,2026-09-01
51298687638,2023-07-03,Weapon Law Violations,SOCIETY,SOUTH,Weapon Law Violations,78223,2026-09-01
54128226540,2024-02-11,Weapon Law Violations,SOCIETY,EAST,Weapon Law Violations,78223,2026-09-01
50866763620,2023-06-01,Weapon Law Violations,SOCIETY,SOUTH,Weapon Law Violations,78224,2026-09-01
69123434468,2026-03-08,Weapon Law Violations,SOCIETY,SOUTH,Weapon Law Violations,78224,2026-09-01
47396614001,2023-03-23,Weapon Law Violations,SOCIETY,SOUTH,Weapon Law Violations,78227,2026-09-01
68065431889,2026-01-06,Weapon Law Violations,SOCIETY,WEST,Weapon Law Violations,78227,2026-09-01
47824158891,2023-03-27,Weapon Law Violations,SOCIETY,PRUE,Weapon Law Violations,78229,2026-09-01
54227393335,2024-02-17,Weapon Law Violations,SOCIETY,PRUE,Weapon Law Violations,78230,2026-09-01
56083901450,2024-05-15,Weapon Law Violations,SOCIETY,PRUE,Weapon Law Violations,78230,2026-09-01
62924977179,2025-02-26,Weapon Law Violations,SOCIETY,PRUE,Weapon Law Violations,78230,2026-09-01
51034038630,2023-06-16,Weapon Law Violations,SOCIETY,WEST,Weapon Law Violations,78237,2026-09-01
51122894161,2023-06-27,Weapon Law Violations,SOCIETY,WEST,Weapon Law Violations,78237,2026-09-01
62965075602,2025-03-01,Weapon Law Violations,SOCIETY,CENTRAL,Weapon Law Violations,78237,2026-09-01
69425323982,2026-03-27,Weapon Law Violations,SOCIETY,WEST,Weapon Law Violations,78237,2026-09-01
52516139895,2023-10-05,Weapon Law Violations,SOCIETY,WEST,Weapon Law Violations,78238,2026-09-01
53120519814,2023-11-20,Weapon Law Violations,SOCIETY,WEST,Weapon Law Violations,78238,2026-09-01
69322753151,2026-03-21,Weapon Law Violations,SOCIETY,PRUE,Weapon Law Violations,78240,2026-09-01
63687344453,2025-04-25,Weapon Law Violations,SOCIETY,WEST,Weapon Law Violations,78245,2026-09-01
56420200845,2024-05-26,Weapon Law Violations,SOCIETY,PRUE,Weapon Law Violations,78249,2026-09-01
68236447627,2026-01-20,Weapon Law Violations,SOCIETY,PRUE,Weapon Law Violations,78249,2026-09-01
47396533690,2023-03-24,Weapon Law Violations,SOCIETY,PRUE,Weapon Law Violations,78251,2026-09-01
49918761306,2023-05-17,Weapon Law Violations,SOCIETY,PRUE,Weapon Law Violations,78251,2026-09-01
63356268672,2025-03-28,Weapon Law Violations,SOCIETY,WEST,Weapon Law Violations,78251,2026-09-01
63635111224,2025-04-20,Weapon Law Violations,SOCIETY,WEST,Weapon Law Violations,78251,2026-09-01
64309860425,2025-06-03,Weapon Law Violations,SOCIETY,WEST,Weapon Law Violations,78251,2026-09-01
54289264535,2024-02-20,Weapon Law Violations,SOCIETY,WEST,Weapon Law Violations,78201,2026-09-01
62278477241,2025-01-15,Weapon Law Violations,SOCIETY,CENTRAL,Weapon Law Violations,78201,2026-09-01
71496117412,2026-07-08,Weapon Law Violations,SOCIETY,NORTH,Weapon Law Violations,78201,2026-09-01
63177701180,2025-03-14,Weapon Law Violations,SOCIETY,EAST,Weapon Law Violations,78203,2026-09-01
52568762171,2023-10-12,Weapon Law Violations,SOCIETY,CENTRAL,Weapon Law Violations,78204,2026-09-01
63921962162,2025-05-09,Weapon Law Violations,SOCIETY,DOWNTOWN,Weapon Law Violations,78204,2026-09-01
66120548432,2025-09-18,Weapon Law Violations,SOCIETY,DOWNTOWN,Weapon Law Violations,78204,2026-09-01
49107467803,2023-04-18,Weapon Law Violations,SOCIETY,CENTRAL,Weapon Law Violations,78205,2026-09-01
62129636721,2025-01-03,Weapon Law Violations,SOCIETY,DOWNTOWN,Weapon Law Violations,78205,2026-09-01
65575775361,2025-08-24,Weapon Law Violations,SOCIETY,DOWNTOWN,Weapon Law Violations,78205,2026-09-01
68003857537,2026-01-01,Weapon Law Violations,SOCIETY,DOWNTOWN,Weapon Law Violations,78205,2026-09-01
44057332116,2023-02-28,Weapon Law Violations,SOCIETY,CENTRAL,Weapon Law Violations,78207,2026-09-01
50975287862,2023-06-09,Weapon Law Violations,SOCIETY,CENTRAL,Weapon Law Violations,78207,2026-09-01
55442467285,2024-04-13,Weapon Law Violations,SOCIETY,CENTRAL,Weapon Law Violations,78207,2026-09-01
55706884136,2024-04-28,Weapon Law Violations,SOCIETY,CENTRAL,Weapon Law Violations,78207,2026-09-01
58596739482,2024-08-27,Weapon Law Violations,SOCIETY,CENTRAL,Weapon Law Violations,78207,2026-09-01
58681745264,2024-09-01,Weapon Law Violations,SOCIETY,CENTRAL,Weapon Law Violations,78207,2026-09-01
66757315899,2025-10-17,Weapon Law Violations,SOCIETY,CENTRAL,Weapon Law Violations,78207,2026-09-01
69122211675,2026-03-08,Weapon Law Violations,SOCIETY,CENTRAL,Weapon Law Violations,78207,2026-09-01
64911105937,2025-07-10,Weapon Law Violations,SOCIETY,SOUTH,Weapon Law Violations,78211,2026-09-01
58991987780,2024-09-12,Weapon Law Violations,SOCIETY,DOWNTOWN,Weapon Law Violations,78212,2026-09-01
42703058580,2023-02-18,Weapon Law Violations,SOCIETY,CENTRAL,Weapon Law Violations,78213,2026-09-01
62082317652,2025-01-01,Weapon Law Violations,SOCIETY,SOUTH,Weapon Law Violations,78214,2026-09-01
64843628084,2025-07-06,Weapon Law Violations,SOCIETY,DOWNTOWN,Weapon Law Violations,78215,2026-09-01
71710446086,2026-07-17,Weapon Law Violations,SOCIETY,DOWNTOWN,Weapon Law Violations,78215,2026-09-01
53414326590,2023-12-15,Weapon Law Violations,SOCIETY,NORTH,Weapon Law Violations,78216,2026-09-01
56694999081,2024-06-10,Weapon Law Violations,SOCIETY,NORTH,Weapon Law Violations,78216,2026-09-01
66327752310,2025-10-01,Weapon Law Violations,SOCIETY,NORTH,Weapon Law Violations,78216,2026-09-01
67919433099,2025-12-24,Weapon Law Violations,SOCIETY,NORTH,Weapon Law Violations,78216,2026-09-01
70917489097,2026-06-08,Weapon Law Violations,SOCIETY,NORTH,Weapon Law Violations,78216,2026-09-01
47827728825,2023-03-27,Weapon Law Violations,SOCIETY,NORTH,Weapon Law Violations,78217,2026-09-01
49700863828,2023-05-13,Weapon Law Violations,SOCIETY,EAST,Weapon Law Violations,78218,2026-09-01
51346672027,2023-07-09,Weapon Law Violations,SOCIETY,EAST,Weapon Law Violations,78218,2026-09-01
49358900537,2023-05-07,Weapon Law Violations,SOCIETY,EAST,Weapon Law Violations,78220,2026-09-01
62069840433,2024-12-31,Weapon Law Violations,SOCIETY,SOUTH,Weapon Law Violations,78221,2026-09-01
57028197227,2024-06-23,Weapon Law Violations,SOCIETY,EAST,Weapon Law Violations,78222,2026-09-01
48979972684,2023-04-08,Weapon Law Violations,SOCIETY,EAST,Weapon Law Violations,78223,2026-09-01
41181780702,2023-02-03,Weapon Law Violations,SOCIETY,SOUTH,Weapon Law Violations,78224,2026-09-01
44390086227,2023-03-01,Weapon Law Violations,SOCIETY,SOUTH,Weapon Law Violations,78224,2026-09-01
68648249020,2026-02-21,Weapon Law Violations,SOCIETY,SOUTH,Weapon Law Violations,78224,2026-09-01
51644623149,2023-08-01,Weapon Law Violations,SOCIETY,WEST,Weapon Law Violations,78227,2026-09-01
63702387825,2025-04-26,Weapon Law Violations,SOCIETY,WEST,Weapon Law Violations,78227,2026-09-01
69154059330,2026-03-10,Weapon Law Violations,SOCIETY,WEST,Weapon Law Violations,78227,2026-09-01
48971286977,2023-04-07,Weapon Law Violations,SOCIETY,WEST,Weapon Law Violations,78228,2026-09-01
49015932825,2023-04-14,Weapon Law Violations,SOCIETY,WEST,Weapon Law Violations,78228,2026-09-01
62059158432,2024-12-30,Weapon Law Violations,SOCIETY,WEST,Weapon Law Violations,78228,2026-09-01
59219202582,2024-09-14,Weapon Law Violations,SOCIETY,PRUE,Weapon Law Violations,78229,2026-09-01
52322127737,2023-09-18,Weapon Law Violations,SOCIETY,NORTH,Weapon Law Violations,78232,2026-09-01
68461960965,2026-02-07,Weapon Law Violations,SOCIETY,NORTH,Weapon Law Violations,78233,2026-09-01
51736294100,2023-08-08,Weapon Law Violations,SOCIETY,SOUTH,Weapon Law Violations,78237,2026-09-01
54701272126,2024-03-12,Weapon Law Violations,SOCIETY,WEST,Weapon Law Violations,78237,2026-09-01
65056822540,2025-07-21,Weapon Law Violations,SOCIETY,WEST,Weapon Law Violations,78237,2026-09-01
62261706730,2025-01-14,Weapon Law Violations,SOCIETY,WEST,Weapon Law Violations,78238,2026-09-01
63489914812,2025-04-06,Weapon Law Violations,SOCIETY,WEST,Weapon Law Violations,78238,2026-09-01
41521738057,2023-02-06,Weapon Law Violations,SOCIETY,SOUTH,Weapon Law Violations,78242,2026-09-01
55662079582,2024-04-24,Weapon Law Violations,SOCIETY,SOUTH,Weapon Law Violations,78242,2026-09-01
47719409195,2023-03-26,Weapon Law Violations,SOCIETY,EAST,Weapon Law Violations,78244,2026-09-01
66271564234,2025-09-27,Weapon Law Violations,SOCIETY,EAST,Weapon Law Violations,78244,2026-09-01
54751077924,2024-03-16,Weapon Law Violations,SOCIETY,PRUE,Weapon Law Violations,78248,2026-09-01
52638732129,2023-10-19,Weapon Law Violations,SOCIETY,PRUE,Weapon Law Violations,78250,2026-09-01
53544126729,2023-12-23,Weapon Law Violations,SOCIETY,WEST,Weapon Law Violations,78251,2026-09-01
48989637277,2023-04-10,Weapon Law Violations,SOCIETY,PRUE,Weapon Law Violations,78257,2026-09-01
70605793667,2026-05-22,Weapon Law Violations,SOCIETY,NORTH,Weapon Law Violations,78259,2026-09-01
63714899829,2025-04-28,Weapon Law Violations,SOCIETY,WEST,Weapon Law Violations,78201,2026-09-01
63686488910,2025-04-24,Weapon Law Violations,SOCIETY,EAST,Weapon Law Violations,78202,2026-09-01
64953376927,2025-07-14,Weapon Law Violations,SOCIETY,DOWNTOWN,Weapon Law Violations,78202,2026-09-01
62029494418,2024-12-27,Weapon Law Violations,SOCIETY,EAST,Weapon Law Violations,78203,2026-09-01
67621502469,2025-12-01,Weapon Law Violations,SOCIETY,DOWNTOWN,Weapon Law Violations,78204,2026-09-01
71255246690,2026-07-02,Weapon Law Violations,SOCIETY,DOWNTOWN,Weapon Law Violations,78204,2026-09-01
60864608737,2024-11-18,Weapon Law Violations,SOCIETY,DOWNTOWN,Weapon Law Violations,78205,2026-09-01
68011937954,2026-01-02,Weapon Law Violations,SOCIETY,DOWNTOWN,Weapon Law Violations,78205,2026-09-01
68636577685,2026-02-20,Weapon Law Violations,SOCIETY,DOWNTOWN,Weapon Law Violations,78205,2026-09-01
53254982836,2023-11-30,Weapon Law Violations,SOCIETY,CENTRAL,Weapon Law Violations,78207,2026-09-01
59761813253,2024-10-01,Weapon Law Violations,SOCIETY,CENTRAL,Weapon Law Violations,78207,2026-09-01
60982487482,2024-11-25,Weapon Law Violations,SOCIETY,CENTRAL,Weapon Law Violations,78207,2026-09-01
65478296483,2025-08-16,Weapon Law Violations,SOCIETY,CENTRAL,Weapon Law Violations,78207,2026-09-01
66339813483,2025-10-01,Weapon Law Violations,SOCIETY,CENTRAL,Weapon Law Violations,78207,2026-09-01
61788360186,2024-12-14,Weapon Law Violations,SOCIETY,EAST,Weapon Law Violations,78208,2026-09-01
53720350103,2024-01-11,Weapon Law Violations,SOCIETY,CENTRAL,Weapon Law Violations,78209,2026-09-01
60786208886,2024-11-11,Weapon Law Violations,SOCIETY,NORTH,Weapon Law Violations,78209,2026-09-01
50967028591,2023-06-08,Weapon Law Violations,SOCIETY,EAST,Weapon Law Violations,78210,2026-09-01
51333596606,2023-07-07,Weapon Law Violations,SOCIETY,SOUTH,Weapon Law Violations,78211,2026-09-01
53243565917,2023-11-28,Weapon Law Violations,SOCIETY,SOUTH,Weapon Law Violations,78211,2026-09-01
63403384498,2025-03-30,Weapon Law Violations,SOCIETY,SOUTH,Weapon Law Violations,78211,2026-09-01
53422994207,2023-12-16,Weapon Law Violations,SOCIETY,CENTRAL,Weapon Law Violations,78212,2026-09-01
71910953971,2026-07-29,Weapon Law Violations,SOCIETY,SOUTH,Weapon Law Violations,78214,2026-09-01
41370686177,2023-02-01,Weapon Law Violations,SOCIETY,NORTH,Weapon Law Violations,78216,2026-09-01
56923250767,2024-06-20,Weapon Law Violations,SOCIETY,NORTH,Weapon Law Violations,78216,2026-09-01
61000300723,2024-11-26,Weapon Law Violations,SOCIETY,NORTH,Weapon Law Violations,78216,2026-09-01
63520411918,2025-04-09,Weapon Law Violations,SOCIETY,NORTH,Weapon Law Violations,78216,2026-09-01
63541118069,2025-04-11,Weapon Law Violations,SOCIETY,NORTH,Weapon Law Violations,78216,2026-09-01
69660906650,2026-04-13,Weapon Law Violations,SOCIETY,NORTH,Weapon Law Violations,78216,2026-09-01
71607967759,2026-07-13,Weapon Law Violations,SOCIETY,NORTH,Weapon Law Violations,78216,2026-09-01
68206595577,2026-01-17,Weapon Law Violations,SOCIETY,NORTH,Weapon Law Violations,78217,2026-09-01
53542361388,2023-12-23,Weapon Law Violations,SOCIETY,EAST,Weapon Law Violations,78218,2026-09-01
69680029606,2026-04-14,Weapon Law Violations,SOCIETY,EAST,Weapon Law Violations,78219,2026-09-01
66282523380,2025-09-28,Weapon Law Violations,SOCIETY,SOUTH,Weapon Law Violations,78221,2026-09-01
54161210501,2024-02-14,Weapon Law Violations,SOCIETY,EAST,Weapon Law Violations,78222,2026-09-01
62328337960,2025-01-18,Weapon Law Violations,SOCIETY,EAST,Weapon Law Violations,78223,2026-09-01
51466287765,2023-07-22,Weapon Law Violations,SOCIETY,SOUTH,Weapon Law Violations,78224,2026-09-01
60361659624,2024-11-02,Weapon Law Violations,SOCIETY,SOUTH,Weapon Law Violations,78224,2026-09-01
71747130943,2026-07-19,Weapon Law Violations,SOCIETY,SOUTH,Weapon Law Violations,78224,2026-09-01
49176911315,2023-04-19,Weapon Law Violations,SOCIETY,WEST,Weapon Law Violations,78227,2026-09-01
50986590419,2023-06-10,Weapon Law Violations,SOCIETY,WEST,Weapon Law Violations,78227,2026-09-01
53863239094,2024-01-22,Weapon Law Violations,SOCIETY,SOUTH,Weapon Law Violations,78227,2026-09-01
64139261325,2025-05-26,Weapon Law Violations,SOCIETY,SOUTH,Weapon Law Violations,78227,2026-09-01
50033487128,2023-05-21,Weapon Law Violations,SOCIETY,PRUE,Weapon Law Violations,78229,2026-09-01
53365427369,2023-12-10,Weapon Law Violations,SOCIETY,NORTH,Weapon Law Violations,78232,2026-09-01
64744000661,2025-06-29,Weapon Law Violations,SOCIETY,NORTH,Weapon Law Violations,78233,2026-09-01
61007914109,2024-11-27,Weapon Law Violations,SOCIETY,SOUTH,Weapon Law Violations,78235,2026-09-01
64015172093,2025-05-16,Weapon Law Violations,SOCIETY,WEST,Weapon Law Violations,78237,2026-09-01
64309276375,2025-06-03,Weapon Law Violations,SOCIETY,WEST,Weapon Law Violations,78237,2026-09-01
66046642597,2025-09-13,Weapon Law Violations,SOCIETY,WEST,Weapon Law Violations,78237,2026-09-01
53853508387,2024-01-21,Weapon Law Violations,SOCIETY,WEST,Weapon Law Violations,78238,2026-09-01
70426431497,2026-05-12,Weapon Law Violations,SOCIETY,PRUE,Weapon Law Violations,78238,2026-09-01
55151289721,2024-04-02,Weapon Law Violations,SOCIETY,SOUTH,Weapon Law Violations,78242,2026-09-01
67628224362,2025-12-01,Weapon Law Violations,SOCIETY,EAST,Weapon Law Violations,78244,2026-09-01
50970566748,2023-06-08,Weapon Law Violations,SOCIETY,WEST,Weapon Law Violations,78245,2026-09-01
58406277323,2024-08-15,Weapon Law Violations,SOCIETY,WEST,Weapon Law Violations,78245,2026-09-01
71971686277,2026-08-03,Weapon Law Violations,SOCIETY,WEST,Weapon Law Violations,78245,2026-09-01
61439943444,2024-12-09,Weapon Law Violations,SOCIETY,EAST,Weapon Law Violations,78249,2026-09-01
49295015287,2023-04-28,Weapon Law Violations,SOCIETY,WEST,Weapon Law Violations,78251,2026-09-01
52818882862,2023-10-28,Weapon Law Violations,SOCIETY,WEST,Weapon Law Violations,78251,2026-09-01
56562572449,2024-06-03,Weapon Law Violations,SOCIETY,WEST,Weapon Law Violations,78251,2026-09-01
49359106082,2023-05-07,Weapon Law Violations,SOCIETY,WEST,Weapon Law Violations,78201,2026-09-01
53725789818,2024-01-11,Weapon Law Violations,SOCIETY,WEST,Weapon Law Violations,78201,2026-09-01
54975408960,2024-03-24,Weapon Law Violations,SOCIETY,EAST,Weapon Law Violations,78202,2026-09-01
64539068446,2025-06-16,Weapon Law Violations,SOCIETY,SOUTH,Weapon Law Violations,78204,2026-09-01
60725717708,2024-11-08,Weapon Law Violations,SOCIETY,DOWNTOWN,Weapon Law Violations,78205,2026-09-01
65006654297,2025-07-17,Weapon Law Violations,SOCIETY,DOWNTOWN,Weapon Law Violations,78205,2026-09-01
51099736072,2023-06-24,Weapon Law Violations,SOCIETY,CENTRAL,Weapon Law Violations,78207,2026-09-01
68227686731,2026-01-19,Weapon Law Violations,SOCIETY,EAST,Weapon Law Violations,78208,2026-09-01
51980022809,2023-08-23,Weapon Law Violations,SOCIETY,NORTH,Weapon Law Violations,78209,2026-09-01
51372901913,2023-07-13,Weapon Law Violations,SOCIETY,EAST,Weapon Law Violations,78210,2026-09-01
56269100368,2024-05-22,Weapon Law Violations,SOCIETY,SOUTH,Weapon Law Violations,78210,2026-09-01
67305689186,2025-11-10,Weapon Law Violations,SOCIETY,DOWNTOWN,Weapon Law Violations,78210,2026-09-01
51070236206,2023-06-21,Weapon Law Violations,SOCIETY,SOUTH,Weapon Law Violations,78211,2026-09-01
55170498838,2024-04-04,Weapon Law Violations,SOCIETY,CENTRAL,Weapon Law Violations,78212,2026-09-01
57072694667,2024-06-24,Weapon Law Violations,SOCIETY,CENTRAL,Weapon Law Violations,78212,2026-09-01
58283380274,2024-08-10,Weapon Law Violations,SOCIETY,DOWNTOWN,Weapon Law Violations,78212,2026-09-01
53932718423,2024-01-28,Weapon Law Violations,SOCIETY,CENTRAL,Weapon Law Violations,78213,2026-09-01
41400016384,2023-02-02,Weapon Law Violations,SOCIETY,SOUTH,Weapon Law Violations,78214,2026-09-01
62568549115,2025-02-01,Weapon Law Violations,SOCIETY,SOUTH,Weapon Law Violations,78214,2026-09-01
70645500417,2026-05-24,Weapon Law Violations,SOCIETY,DOWNTOWN,Weapon Law Violations,78215,2026-09-01
72134848705,2026-08-12,Weapon Law Violations,SOCIETY,DOWNTOWN,Weapon Law Violations,78215,2026-09-01
54739325946,2024-03-15,Weapon Law Violations,SOCIETY,NORTH,Weapon Law Violations,78216,2026-09-01
69848452406,2026-04-26,Weapon Law Violations,SOCIETY,NORTH,Weapon Law Violations,78216,2026-09-01
61942520894,2024-12-21,Weapon Law Violations,SOCIETY,EAST,Weapon Law Violations,78218,2026-09-01
63052793593,2025-03-06,Weapon Law Violations,SOCIETY,EAST,Weapon Law Violations,78218,2026-09-01
56497855267,2024-06-02,Weapon Law Violations,SOCIETY,EAST,Weapon Law Violations,78219,2026-09-01
61791928999,2024-12-14,Weapon Law Violations,SOCIETY,EAST,Weapon Law Violations,78219,2026-09-01
68629499067,2026-02-20,Weapon Law Violations,SOCIETY,SOUTH,Weapon Law Violations,78221,2026-09-01
71949862146,2026-08-02,Weapon Law Violations,SOCIETY,SOUTH,Weapon Law Violations,78223,2026-09-01
48843456568,2023-04-05,Weapon Law Violations,SOCIETY,SOUTH,Weapon Law Violations,78224,2026-09-01
54104527859,2024-02-08,Weapon Law Violations,SOCIETY,SOUTH,Weapon Law Violations,78224,2026-09-01
47408939559,2023-03-24,Weapon Law Violations,SOCIETY,SOUTH,Weapon Law Violations,78227,2026-09-01
53520667568,2023-12-21,Weapon Law Violations,SOCIETY,SOUTH,Weapon Law Violations,78227,2026-09-01
45323951358,2023-03-08,Weapon Law Violations,SOCIETY,WEST,Weapon Law Violations,78228,2026-09-01
55614366831,2024-04-20,Weapon Law Violations,SOCIETY,CENTRAL,Weapon Law Violations,78228,2026-09-01
72360160037,2026-08-21,Weapon Law Violations,SOCIETY,WEST,Weapon Law Violations,78228,2026-09-01
52921900354,2023-11-06,Weapon Law Violations,SOCIETY,PRUE,Weapon Law Violations,78229,2026-09-01
59995810191,2024-10-10,Weapon Law Violations,SOCIETY,PRUE,Weapon Law Violations,78229,2026-09-01
66867608887,2025-10-24,Weapon Law Violations,SOCIETY,PRUE,Weapon Law Violations,78229,2026-09-01
69391677813,2026-03-24,Weapon Law Violations,SOCIETY,PRUE,Weapon Law Violations,78229,2026-09-01
70792608651,2026-05-29,Weapon Law Violations,SOCIETY,NORTH,Weapon Law Violations,78233,2026-09-01
54553293506,2024-03-02,Weapon Law Violations,SOCIETY,WEST,Weapon Law Violations,78237,2026-09-01
55012229720,2024-03-27,Weapon Law Violations,SOCIETY,WEST,Weapon Law Violations,78237,2026-09-01
68380685544,2026-02-02,Weapon Law Violations,SOCIETY,WEST,Weapon Law Violations,78237,2026-09-01
48313470881,2023-03-31,Weapon Law Violations,SOCIETY,WEST,Weapon Law Violations,78238,2026-09-01
64563284546,2026-06-04,Weapon Law Violations,SOCIETY,WEST,Weapon Law Violations,78238,2026-09-01
51396100033,2023-07-15,Weapon Law Violations,SOCIETY,NORTH,Weapon Law Violations,78239,2026-09-01
53822966581,2024-01-17,Weapon Law Violations,SOCIETY,SOUTH,Weapon Law Violations,78242,2026-09-01
68136804736,2026-01-12,Weapon Law Violations,SOCIETY,EAST,Weapon Law Violations,78244,2026-09-01
58682979786,2024-09-02,Weapon Law Violations,SOCIETY,WEST,Weapon Law Violations,78245,2026-09-01
67552770899,2025-11-26,Weapon Law Violations,SOCIETY,WEST,Weapon Law Violations,78245,2026-09-01
68061537773,2026-01-05,Weapon Law Violations,SOCIETY,WEST,Weapon Law Violations,78245,2026-09-01
71662335247,2026-07-15,Weapon Law Violations,SOCIETY,NORTH,Weapon Law Violations,78247,2026-09-01
39466753114,2023-01-04,Weapon Law Violations,SOCIETY,PRUE,Weapon Law Violations,78249,2026-09-01
64913057191,2025-07-11,Weapon Law Violations,SOCIETY,WEST,Weapon Law Violations,78201,2026-09-01
59698407345,2024-09-28,Weapon Law Violations,SOCIETY,EAST,Weapon Law Violations,78202,2026-09-01
64612119855,2025-06-22,Weapon Law Violations,SOCIETY,EAST,Weapon Law Violations,78202,2026-09-01
65161324660,2025-07-28,Weapon Law Violations,SOCIETY,DOWNTOWN,Weapon Law Violations,78204,2026-09-01
52230582115,2023-09-08,Weapon Law Violations,SOCIETY,CENTRAL,Weapon Law Violations,78205,2026-09-01
67694298234,2025-12-05,Weapon Law Violations,SOCIETY,DOWNTOWN,Weapon Law Violations,78205,2026-09-01
41518313642,2023-02-06,Weapon Law Violations,SOCIETY,CENTRAL,Weapon Law Violations,78207,2026-09-01
50070738706,2023-05-25,Weapon Law Violations,SOCIETY,CENTRAL,Weapon Law Violations,78207,2026-09-01
51348489500,2023-07-10,Weapon Law Violations,SOCIETY,EAST,Weapon Law Violations,78208,2026-09-01
49338858281,2023-05-03,Weapon Law Violations,SOCIETY,NORTH,Weapon Law Violations,78209,2026-09-01
51085377646,2023-06-22,Weapon Law Violations,SOCIETY,EAST,Weapon Law Violations,78210,2026-09-01
54273831971,2024-02-20,Weapon Law Violations,SOCIETY,SOUTH,Weapon Law Violations,78210,2026-09-01
60183267260,2024-10-23,Weapon Law Violations,SOCIETY,SOUTH,Weapon Law Violations,78210,2026-09-01
71715592542,2026-07-18,Weapon Law Violations,SOCIETY,DOWNTOWN,Weapon Law Violations,78210,2026-09-01
72401002801,2026-08-24,Weapon Law Violations,SOCIETY,DOWNTOWN,Weapon Law Violations,78210,2026-09-01
68136156479,2026-01-11,Weapon Law Violations,SOCIETY,SOUTH,Weapon Law Violations,78211,2026-09-01
68276061031,2026-01-22,Weapon Law Violations,SOCIETY,SOUTH,Weapon Law Violations,78211,2026-09-01
48155463156,2023-03-30,Weapon Law Violations,SOCIETY,CENTRAL,Weapon Law Violations,78212,2026-09-01
53113180894,2023-11-20,Weapon Law Violations,SOCIETY,CENTRAL,Weapon Law Violations,78212,2026-09-01
57402262535,2024-07-05,Weapon Law Violations,SOCIETY,DOWNTOWN,Weapon Law Violations,78212,2026-09-01
66050817292,2025-09-13,Weapon Law Violations,SOCIETY,DOWNTOWN,Weapon Law Violations,78212,2026-09-01
68373181772,2026-02-01,Weapon Law Violations,SOCIETY,DOWNTOWN,Weapon Law Violations,78212,2026-09-01
51345839218,2023-07-09,Weapon Law Violations,SOCIETY,CENTRAL,Weapon Law Violations,78213,2026-09-01
52188706311,2023-09-04,Weapon Law Violations,SOCIETY,CENTRAL,Weapon Law Violations,78213,2026-09-01
71097291018,2026-06-21,Weapon Law Violations,SOCIETY,CENTRAL,Weapon Law Violations,78213,2026-09-01
51482023232,2023-07-24,Weapon Law Violations,SOCIETY,SOUTH,Weapon Law Violations,78214,2026-09-01
51716664091,2023-08-06,Weapon Law Violations,SOCIETY,SOUTH,Weapon Law Violations,78214,2026-09-01
65577235830,2025-08-24,Weapon Law Violations,SOCIETY,SOUTH,Weapon Law Violations,78214,2026-09-01
71988985597,2026-08-04,Weapon Law Violations,SOCIETY,SOUTH,Weapon Law Violations,78214,2026-09-01
52281029636,2023-09-13,Weapon Law Violations,SOCIETY,NORTH,Weapon Law Violations,78216,2026-09-01
62962954420,2025-03-01,Weapon Law Violations,SOCIETY,NORTH,Weapon Law Violations,78216,2026-09-01
66887720899,2025-10-27,Weapon Law Violations,SOCIETY,NORTH,Weapon Law Violations,78216,2026-09-01
67281664715,2025-11-09,Weapon Law Violations,SOCIETY,NORTH,Weapon Law Violations,78217,2026-09-01
51025252356,2023-06-15,Weapon Law Violations,SOCIETY,EAST,Weapon Law Violations,78218,2026-09-01
57030709962,2024-06-23,Weapon Law Violations,SOCIETY,EAST,Weapon Law Violations,78218,2026-09-01
47387833494,2023-03-23,Weapon Law Violations,SOCIETY,EAST,Weapon Law Violations,78219,2026-09-01
47284614686,2023-03-22,Weapon Law Violations,SOCIETY,SOUTH,Weapon Law Violations,78221,2026-09-01
51352688121,2023-07-10,Weapon Law Violations,SOCIETY,SOUTH,Weapon Law Violations,78221,2026-09-01
60783480449,2024-11-11,Weapon Law Violations,SOCIETY,SOUTH,Weapon Law Violations,78221,2026-09-01
69881305981,2026-04-28,Weapon Law Violations,SOCIETY,EAST,Weapon Law Violations,78222,2026-09-01
63721411544,2025-04-28,Weapon Law Violations,SOCIETY,SOUTH,Weapon Law Violations,78223,2026-09-01
48645998308,2023-04-04,Weapon Law Violations,SOCIETY,SOUTH,Weapon Law Violations,78224,2026-09-01
54371603086,2024-02-25,Weapon Law Violations,SOCIETY,SOUTH,Weapon Law Violations,78224,2026-09-01
65520639511,2025-08-20,Weapon Law Violations,SOCIETY,SOUTH,Weapon Law Violations,78224,2026-09-01
58136879293,2024-08-06,Weapon Law Violations,SOCIETY,SOUTH,Weapon Law Violations,78225,2026-09-01
57395691194,2024-07-04,Weapon Law Violations,SOCIETY,SOUTH,Weapon Law Violations,78227,2026-09-01
57907516384,2024-07-26,Weapon Law Violations,SOCIETY,WEST,Weapon Law Violations,78227,2026-09-01
68727429906,2026-02-27,Weapon Law Violations,SOCIETY,WEST,Weapon Law Violations,78227,2026-09-01
69158830448,2026-03-10,Weapon Law Violations,SOCIETY,WEST,Weapon Law Violations,78227,2026-09-01
69623856218,2026-04-10,Weapon Law Violations,SOCIETY,CENTRAL,Weapon Law Violations,78228,2026-09-01
69873492399,2026-04-28,Weapon Law Violations,SOCIETY,WEST,Weapon Law Violations,78228,2026-09-01
47716115038,2023-03-26,Weapon Law Violations,SOCIETY,PRUE,Weapon Law Violations,78230,2026-09-01
53354660930,2023-12-08,Weapon Law Violations,SOCIETY,NORTH,Weapon Law Violations,78233,2026-09-01
56564967573,2024-06-03,Weapon Law Violations,SOCIETY,CENTRAL,Weapon Law Violations,78237,2026-09-01
63869144004,2025-05-07,Weapon Law Violations,SOCIETY,SOUTH,Weapon Law Violations,78237,2026-09-01
60132487144,2024-10-19,Weapon Law Violations,SOCIETY,WEST,Weapon Law Violations,78238,2026-09-01
69415971134,2026-03-30,Weapon Law Violations,SOCIETY,WEST,Weapon Law Violations,78238,2026-09-01
69241574356,2026-03-15,Weapon Law Violations,SOCIETY,PRUE,Weapon Law Violations,78240,2026-09-01
52455320385,2023-09-27,Weapon Law Violations,SOCIETY,SOUTH,Weapon Law Violations,78242,2026-09-01
70357161019,2026-05-08,Weapon Law Violations,SOCIETY,SOUTH,Weapon Law Violations,78242,2026-09-01
67767577472,2025-12-11,Weapon Law Violations,SOCIETY,WEST,Weapon Law Violations,78245,2026-09-01
64352076595,2025-06-06,Weapon Law Violations,SOCIETY,NORTH,Weapon Law Violations,78247,2026-09-01
68285280008,2026-01-23,Weapon Law Violations,SOCIETY,NORTH,Weapon Law Violations,78247,2026-09-01
68761526036,2026-03-01,Weapon Law Violations,SOCIETY,PRUE,Weapon Law Violations,78249,2026-09-01
55203759681,2024-04-05,Weapon Law Violations,SOCIETY,PRUE,Weapon Law Violations,78250,2026-09-01
57282031597,2024-07-02,Weapon Law Violations,SOCIETY,PRUE,Weapon Law Violations,78250,2026-09-01
59507741792,2024-09-22,Weapon Law Violations,SOCIETY,PRUE,Weapon Law Violations,78255,2026-09-01
52944766550,2023-11-09,Weapon Law Violations,SOCIETY,PRUE,Weapon Law Violations,78257,2026-09-01
64358517682,2025-06-07,Weapon Law Violations,SOCIETY,WEST,Weapon Law Violations,78201,2026-09-01
71927496204,2026-07-30,Weapon Law Violations,SOCIETY,EAST,Weapon Law Violations,78203,2026-09-01
49340079360,2023-05-04,Weapon Law Violations,SOCIETY,CENTRAL,Weapon Law Violations,78204,2026-09-01
66361496007,2025-10-03,Weapon Law Violations,SOCIETY,DOWNTOWN,Weapon Law Violations,78205,2026-09-01
72472871414,2026-08-27,Weapon Law Violations,SOCIETY,DOWNTOWN,Weapon Law Violations,78205,2026-09-01
39331709594,2023-01-01,Weapon Law Violations,SOCIETY,CENTRAL,Weapon Law Violations,78207,2026-09-01
40665330637,2023-01-13,Weapon Law Violations,SOCIETY,CENTRAL,Weapon Law Violations,78207,2026-09-01
51489551405,2023-07-25,Weapon Law Violations,SOCIETY,CENTRAL,Weapon Law Violations,78207,2026-09-01
63712895733,2025-04-28,Weapon Law Violations,SOCIETY,CENTRAL,Weapon Law Violations,78207,2026-09-01
62642829569,2025-02-05,Weapon Law Violations,SOCIETY,EAST,Weapon Law Violations,78208,2026-09-01
64034579479,2025-05-18,Weapon Law Violations,SOCIETY,EAST,Weapon Law Violations,78208,2026-09-01
48986086539,2023-04-09,Weapon Law Violations,SOCIETY,CENTRAL,Weapon Law Violations,78209,2026-09-01
64701580255,2025-06-27,Weapon Law Violations,SOCIETY,EAST,Weapon Law Violations,78210,2026-09-01
68812045612,2026-03-04,Weapon Law Violations,SOCIETY,EAST,Weapon Law Violations,78210,2026-09-01
56899622370,2024-06-18,Weapon Law Violations,SOCIETY,DOWNTOWN,Weapon Law Violations,78212,2026-09-01
65811377593,2025-09-08,Weapon Law Violations,SOCIETY,DOWNTOWN,Weapon Law Violations,78212,2026-09-01
55151214623,2024-04-02,Weapon Law Violations,SOCIETY,SOUTH,Weapon Law Violations,78214,2026-09-01
68380645152,2026-02-02,Weapon Law Violations,SOCIETY,SOUTH,Weapon Law Violations,78214,2026-09-01
71965960474,2026-08-03,Weapon Law Violations,SOCIETY,SOUTH,Weapon Law Violations,78214,2026-09-01
58875610119,2024-09-08,Weapon Law Violations,SOCIETY,DOWNTOWN,Weapon Law Violations,78215,2026-09-01
49223602726,2023-04-21,Weapon Law Violations,SOCIETY,NORTH,Weapon Law Violations,78216,2026-09-01
53225305006,2023-11-27,Weapon Law Violations,SOCIETY,NORTH,Weapon Law Violations,78216,2026-09-01
53274572276,2023-12-01,Weapon Law Violations,SOCIETY,NORTH,Weapon Law Violations,78216,2026-09-01
56975933128,2024-06-21,Weapon Law Violations,SOCIETY,NORTH,Weapon Law Violations,78216,2026-09-01
59622862117,2024-09-26,Weapon Law Violations,SOCIETY,NORTH,Weapon Law Violations,78216,2026-09-01
61453782926,2024-12-10,Weapon Law Violations,SOCIETY,NORTH,Weapon Law Violations,78216,2026-09-01
62257427309,2025-01-14,Weapon Law Violations,SOCIETY,NORTH,Weapon Law Violations,78216,2026-09-01
53830441546,2024-01-18,Weapon Law Violations,SOCIETY,NORTH,Weapon Law Violations,78217,2026-09-01
54976218759,2024-03-24,Weapon Law Violations,SOCIETY,NORTH,Weapon Law Violations,78217,2026-09-01
62224367992,2025-01-10,Weapon Law Violations,SOCIETY,NORTH,Weapon Law Violations,78217,2026-09-01
64534148786,2025-06-16,Weapon Law Violations,SOCIETY,NORTH,Weapon Law Violations,78217,2026-09-01
66754319776,2025-10-16,Weapon Law Violations,SOCIETY,EAST,Weapon Law Violations,78218,2026-09-01
69872950001,2026-04-28,Weapon Law Violations,SOCIETY,EAST,Weapon Law Violations,78218,2026-09-01
39329356928,2023-01-01,Weapon Law Violations,SOCIETY,EAST,Weapon Law Violations,78220,2026-09-01
56171981173,2024-05-19,Weapon Law Violations,SOCIETY,EAST,Weapon Law Violations,78220,2026-09-01
69199395147,2026-03-13,Weapon Law Violations,SOCIETY,EAST,Weapon Law Violations,78220,2026-09-01
51462389524,2023-07-22,Weapon Law Violations,SOCIETY,SOUTH,Weapon Law Violations,78221,2026-09-01
53578818096,2023-12-29,Weapon Law Violations,SOCIETY,SOUTH,Weapon Law Violations,78221,2026-09-01
68636767722,2026-02-20,Weapon Law Violations,SOCIETY,SOUTH,Weapon Law Violations,78223,2026-09-01
62109146662,2025-01-02,Weapon Law Violations,SOCIETY,SOUTH,Weapon Law Violations,78224,2026-09-01
63901639872,2025-05-08,Weapon Law Violations,SOCIETY,SOUTH,Weapon Law Violations,78226,2026-09-01
46117614187,2023-03-11,Weapon Law Violations,SOCIETY,WEST,Weapon Law Violations,78227,2026-09-01
50042792588,2023-05-21,Weapon Law Violations,SOCIETY,WEST,Weapon Law Violations,78228,2026-09-01
50069133977,2023-05-24,Weapon Law Violations,SOCIETY,WEST,Weapon Law Violations,78228,2026-09-01
51049542191,2023-06-18,Weapon Law Violations,SOCIETY,WEST,Weapon Law Violations,78228,2026-09-01
52202835767,2023-09-06,Weapon Law Violations,SOCIETY,WEST,Weapon Law Violations,78228,2026-09-01
63710672858,2025-04-27,Weapon Law Violations,SOCIETY,WEST,Weapon Law Violations,78228,2026-09-01
62120433109,2025-01-03,Weapon Law Violations,SOCIETY,PRUE,Weapon Law Violations,78229,2026-09-01
69632843512,2026-04-11,Weapon Law Violations,SOCIETY,CENTRAL,Weapon Law Violations,78230,2026-09-01
57419021248,2024-07-06,Weapon Law Violations,SOCIETY,WEST,Weapon Law Violations,78237,2026-09-01
62576337560,2025-02-02,Weapon Law Violations,SOCIETY,SOUTH,Weapon Law Violations,78237,2026-09-01
72435858904,2026-08-25,Weapon Law Violations,SOCIETY,WEST,Weapon Law Violations,78237,2026-09-01
51286677032,2023-07-02,Weapon Law Violations,SOCIETY,WEST,Weapon Law Violations,78238,2026-09-01
70267410991,2026-05-03,Weapon Law Violations,SOCIETY,PRUE,Weapon Law Violations,78240,2026-09-01
52377378729,2023-09-20,Weapon Law Violations,SOCIETY,EAST,Weapon Law Violations,78244,2026-09-01
49272429383,2023-04-27,Weapon Law Violations,SOCIETY,WEST,Weapon Law Violations,78245,2026-09-01
51978781470,2023-08-23,Weapon Law Violations,SOCIETY,WEST,Weapon Law Violations,78245,2026-09-01
69567786600,2026-04-06,Weapon Law Violations,SOCIETY,WEST,Weapon Law Violations,78245,2026-09-01
62731112443,2025-02-12,Weapon Law Violations,SOCIETY,PRUE,Weapon Law Violations,78250,2026-09-01
53377185296,2023-12-11,Weapon Law Violations,SOCIETY,PRUE,Weapon Law Violations,78251,2026-09-01
67406133278,2025-11-17,Weapon Law Violations,SOCIETY,WEST,Weapon Law Violations,78251,2026-09-01
42797671757,2023-02-19,Weapon Law Violations,SOCIETY,SOUTH,Weapon Law Violations,Out of Jurisdiction,2026-09-01
72360119683,2026-08-21,Weapon Law Violations,SOCIETY,EAST,Weapon Law Violations,Out of Jurisdiction,2026-09-01
49787379807,2023-05-15,Weapon Law Violations,SOCIETY,CENTRAL,Weapon Law Violations,78201,2026-09-01
51804416976,2023-08-12,Weapon Law Violations,SOCIETY,WEST,Weapon Law Violations,78201,2026-09-01
51069990550,2023-06-21,Weapon Law Violations,SOCIETY,EAST,Weapon Law Violations,78202,2026-09-01
52844439227,2023-10-31,Weapon Law Violations,SOCIETY,CENTRAL,Weapon Law Violations,78205,2026-09-01
53273803168,2023-12-01,Weapon Law Violations,SOCIETY,CENTRAL,Weapon Law Violations,78205,2026-09-01
51053923319,2023-06-18,Weapon Law Violations,SOCIETY,CENTRAL,Weapon Law Violations,78207,2026-09-01
67673066170,2025-12-04,Weapon Law Violations,SOCIETY,CENTRAL,Weapon Law Violations,78207,2026-09-01
68537468940,2026-02-12,Weapon Law Violations,SOCIETY,CENTRAL,Weapon Law Violations,78207,2026-09-01
69852202406,2026-04-26,Weapon Law Violations,SOCIETY,CENTRAL,Weapon Law Violations,78207,2026-09-01
70961701772,2026-06-11,Weapon Law Violations,SOCIETY,CENTRAL,Weapon Law Violations,78207,2026-09-01
71131780149,2026-06-23,Weapon Law Violations,SOCIETY,CENTRAL,Weapon Law Violations,78207,2026-09-01
40746281914,2023-01-16,Weapon Law Violations,SOCIETY,CENTRAL,Weapon Law Violations,78209,2026-09-01
57188180520,2024-06-28,Weapon Law Violations,SOCIETY,NORTH,Weapon Law Violations,78209,2026-09-01
50103177904,2023-05-28,Weapon Law Violations,SOCIETY,EAST,Weapon Law Violations,78210,2026-09-01
62736255597,2025-02-12,Weapon Law Violations,SOCIETY,DOWNTOWN,Weapon Law Violations,78210,2026-09-01
68024794137,2026-01-03,Weapon Law Violations,SOCIETY,SOUTH,Weapon Law Violations,78211,2026-09-01
70796765027,2026-05-30,Weapon Law Violations,SOCIETY,SOUTH,Weapon Law Violations,78211,2026-09-01
67503378117,2025-11-23,Weapon Law Violations,SOCIETY,CENTRAL,Weapon Law Violations,78213,2026-09-01
39838636286,2023-01-06,Weapon Law Violations,SOCIETY,SOUTH,Weapon Law Violations,78214,2026-09-01
57404079653,2024-07-05,Weapon Law Violations,SOCIETY,SOUTH,Weapon Law Violations,78214,2026-09-01
66640199772,2025-10-11,Weapon Law Violations,SOCIETY,SOUTH,Weapon Law Violations,78214,2026-09-01
51423838378,2023-07-18,Weapon Law Violations,SOCIETY,NORTH,Weapon Law Violations,78216,2026-09-01
52371403680,2023-09-20,Weapon Law Violations,SOCIETY,NORTH,Weapon Law Violations,78216,2026-09-01
52525080625,2023-10-06,Weapon Law Violations,SOCIETY,NORTH,Weapon Law Violations,78216,2026-09-01
60191092082,2024-10-24,Weapon Law Violations,SOCIETY,NORTH,Weapon Law Violations,78216,2026-09-01
67163380197,2025-11-02,Weapon Law Violations,SOCIETY,NORTH,Weapon Law Violations,78216,2026-09-01
67451717652,2025-11-21,Weapon Law Violations,SOCIETY,NORTH,Weapon Law Violations,78216,2026-09-01
67945728407,2025-12-27,Weapon Law Violations,SOCIETY,NORTH,Weapon Law Violations,78216,2026-09-01
69299351695,2026-03-19,Weapon Law Violations,SOCIETY,NORTH,Weapon Law Violations,78216,2026-09-01
62277315211,2025-01-15,Weapon Law Violations,SOCIETY,EAST,Weapon Law Violations,78218,2026-09-01
70442986010,2026-05-13,Weapon Law Violations,SOCIETY,EAST,Weapon Law Violations,78218,2026-09-01
53569222052,2023-12-27,Weapon Law Violations,SOCIETY,EAST,Weapon Law Violations,78219,2026-09-01
60202942886,2024-10-25,Weapon Law Violations,SOCIETY,SOUTH,Weapon Law Violations,78221,2026-09-01
63609745417,2025-04-17,Weapon Law Violations,SOCIETY,SOUTH,Weapon Law Violations,78221,2026-09-01
67923110290,2025-12-24,Weapon Law Violations,SOCIETY,EAST,Weapon Law Violations,78222,2026-09-01
71563922020,2026-07-11,Weapon Law Violations,SOCIETY,EAST,Weapon Law Violations,78222,2026-09-01
49706025862,2023-05-14,Weapon Law Violations,SOCIETY,SOUTH,Weapon Law Violations,78223,2026-09-01
56417231971,2024-05-26,Weapon Law Violations,SOCIETY,EAST,Weapon Law Violations,78223,2026-09-01
68403326494,2026-02-04,Weapon Law Violations,SOCIETY,EAST,Weapon Law Violations,78223,2026-09-01
57216480952,2024-06-30,Weapon Law Violations,SOCIETY,SOUTH,Weapon Law Violations,78224,2026-09-01
64478050169,2025-06-11,Weapon Law Violations,SOCIETY,SOUTH,Weapon Law Violations,78224,2026-09-01
70914766997,2026-06-08,Weapon Law Violations,SOCIETY,SOUTH,Weapon Law Violations,78224,2026-09-01
50942814047,2023-06-05,Weapon Law Violations,SOCIETY,WEST,Weapon Law Violations,78227,2026-09-01
53662957316,2024-01-07,Weapon Law Violations,SOCIETY,WEST,Weapon Law Violations,78227,2026-09-01
53953060356,2024-01-29,Weapon Law Violations,SOCIETY,WEST,Weapon Law Violations,78227,2026-09-01
65147111477,2025-07-26,Weapon Law Violations,SOCIETY,WEST,Weapon Law Violations,78227,2026-09-01
67661768066,2025-12-04,Weapon Law Violations,SOCIETY,WEST,Weapon Law Violations,78227,2026-09-01
46767278723,2023-03-17,Weapon Law Violations,SOCIETY,WEST,Weapon Law Violations,78228,2026-09-01
49231038653,2023-04-22,Weapon Law Violations,SOCIETY,WEST,Weapon Law Violations,78228,2026-09-01
62427987727,2025-01-24,Weapon Law Violations,SOCIETY,WEST,Weapon Law Violations,78228,2026-09-01
51944069928,2023-08-19,Weapon Law Violations,SOCIETY,WEST,Weapon Law Violations,78229,2026-09-01
61874700430,2024-12-16,Weapon Law Violations,SOCIETY,WEST,Weapon Law Violations,78229,2026-09-01
62311805607,2025-01-18,Weapon Law Violations,SOCIETY,PRUE,Weapon Law Violations,78229,2026-09-01
65022145000,2025-07-19,Weapon Law Violations,SOCIETY,WEST,Weapon Law Violations,78229,2026-09-01
46229188090,2023-03-12,Weapon Law Violations,SOCIETY,PRUE,Weapon Law Violations,78230,2026-09-01
51165333846,2023-06-30,Weapon Law Violations,SOCIETY,PRUE,Weapon Law Violations,78230,2026-09-01
54310823159,2024-02-22,Weapon Law Violations,SOCIETY,PRUE,Weapon Law Violations,78230,2026-09-01
51427710199,2023-07-19,Weapon Law Violations,SOCIETY,NORTH,Weapon Law Violations,78233,2026-09-01
41496612301,2023-02-05,Weapon Law Violations,SOCIETY,WEST,Weapon Law Violations,78237,2026-09-01
56457425705,2024-05-30,Weapon Law Violations,SOCIETY,WEST,Weapon Law Violations,78237,2026-09-01
58245675932,2024-08-09,Weapon Law Violations,SOCIETY,WEST,Weapon Law Violations,78237,2026-09-01
62547482604,2025-01-31,Weapon Law Violations,SOCIETY,WEST,Weapon Law Violations,78237,2026-09-01
64106682763,2025-05-23,Weapon Law Violations,SOCIETY,WEST,Weapon Law Violations,78237,2026-09-01
60337593667,2024-11-01,Weapon Law Violations,SOCIETY,SOUTH,Weapon Law Violations,78242,2026-09-01
68453175932,2026-02-07,Weapon Law Violations,SOCIETY,PRUE,Weapon Law Violations,78249,2026-09-01
46968630414,2023-03-19,Weapon Law Violations,SOCIETY,PRUE,Weapon Law Violations,78250,2026-09-01
65495360909,2025-08-18,Weapon Law Violations,SOCIETY,WEST,Weapon Law Violations,78251,2026-09-01
65484899931,2025-08-17,Weapon Law Violations,SOCIETY,WEST,Weapon Law Violations,78253,2026-09-01
51007683253,2023-06-13,Weapon Law Violations,SOCIETY,NORTH,Weapon Law Violations,78259,2026-09-01
66365599160,2025-10-04,Weapon Law Violations,SOCIETY,EAST,Weapon Law Violations,Out of Jurisdiction,2026-09-01
56859958200,2024-06-14,Weapon Law Violations,SOCIETY,EAST,Weapon Law Violations,78202,2026-09-01
60849969872,2024-11-17,Weapon Law Violations,SOCIETY,EAST,Weapon Law Violations,78202,2026-09-01
62129413737,2025-01-03,Weapon Law Violations,SOCIETY,EAST,Weapon Law Violations,78202,2026-09-01
51804620840,2023-08-12,Weapon Law Violations,SOCIETY,CENTRAL,Weapon Law Violations,78204,2026-09-01
67886434633,2025-12-20,Weapon Law Violations,SOCIETY,DOWNTOWN,Weapon Law Violations,78205,2026-09-01
40941882735,2023-01-19,Weapon Law Violations,SOCIETY,CENTRAL,Weapon Law Violations,78207,2026-09-01
49308933763,2023-04-29,Weapon Law Violations,SOCIETY,CENTRAL,Weapon Law Violations,78207,2026-09-01
56497972541,2024-06-02,Weapon Law Violations,SOCIETY,CENTRAL,Weapon Law Violations,78207,2026-09-01
60832743227,2024-11-15,Weapon Law Violations,SOCIETY,CENTRAL,Weapon Law Violations,78207,2026-09-01
66874730208,2025-10-25,Weapon Law Violations,SOCIETY,CENTRAL,Weapon Law Violations,78207,2026-09-01
67893790253,2025-12-21,Weapon Law Violations,SOCIETY,CENTRAL,Weapon Law Violations,78207,2026-09-01
67929264092,2025-12-25,Weapon Law Violations,SOCIETY,DOWNTOWN,Weapon Law Violations,78207,2026-09-01
70940218489,2026-06-09,Weapon Law Violations,SOCIETY,WEST,Weapon Law Violations,78207,2026-09-01
51411205431,2023-07-18,Weapon Law Violations,SOCIETY,EAST,Weapon Law Violations,78208,2026-09-01
49786876570,2023-05-15,Weapon Law Violations,SOCIETY,EAST,Weapon Law Violations,78210,2026-09-01
67787399067,2025-12-13,Weapon Law Violations,SOCIETY,EAST,Weapon Law Violations,78210,2026-09-01
68059173205,2026-01-05,Weapon Law Violations,SOCIETY,SOUTH,Weapon Law Violations,78210,2026-09-01
53367784003,2023-12-10,Weapon Law Violations,SOCIETY,SOUTH,Weapon Law Violations,78211,2026-09-01
62826590014,2025-02-18,Weapon Law Violations,SOCIETY,SOUTH,Weapon Law Violations,78211,2026-09-01
69262669382,2026-03-17,Weapon Law Violations,SOCIETY,SOUTH,Weapon Law Violations,78211,2026-09-01
65206492392,2025-07-31,Weapon Law Violations,SOCIETY,DOWNTOWN,Weapon Law Violations,78212,2026-09-01
53533148079,2023-12-22,Weapon Law Violations,SOCIETY,SOUTH,Weapon Law Violations,78214,2026-09-01
59351974348,2024-09-16,Weapon Law Violations,SOCIETY,SOUTH,Weapon Law Violations,78214,2026-09-01
66817927676,2025-10-20,Weapon Law Violations,SOCIETY,SOUTH,Weapon Law Violations,78214,2026-09-01
67397915834,2025-11-17,Weapon Law Violations,SOCIETY,SOUTH,Weapon Law Violations,78214,2026-09-01
67919966342,2025-12-24,Weapon Law Violations,SOCIETY,DOWNTOWN,Weapon Law Violations,78215,2026-09-01
49953247494,2023-05-19,Weapon Law Violations,SOCIETY,NORTH,Weapon Law Violations,78216,2026-09-01
50111296025,2023-05-29,Weapon Law Violations,SOCIETY,NORTH,Weapon Law Violations,78216,2026-09-01
52564379950,2023-10-12,Weapon Law Violations,SOCIETY,NORTH,Weapon Law Violations,78216,2026-09-01
59387505675,2024-09-18,Weapon Law Violations,SOCIETY,NORTH,Weapon Law Violations,78216,2026-09-01
71000847896,2026-06-14,Weapon Law Violations,SOCIETY,NORTH,Weapon Law Violations,78216,2026-09-01
70376920521,2026-05-09,Weapon Law Violations,SOCIETY,NORTH,Weapon Law Violations,78217,2026-09-01
54678332756,2024-03-12,Weapon Law Violations,SOCIETY,EAST,Weapon Law Violations,78219,2026-09-01
60200660461,2024-10-25,Weapon Law Violations,SOCIETY,EAST,Weapon Law Violations,78219,2026-09-01
62752146230,2025-02-13,Weapon Law Violations,SOCIETY,EAST,Weapon Law Violations,78219,2026-09-01
66329509206,2025-10-01,Weapon Law Violations,SOCIETY,EAST,Weapon Law Violations,78219,2026-09-01
57421412693,2024-07-06,Weapon Law Violations,SOCIETY,SOUTH,Weapon Law Violations,78221,2026-09-01
49253177407,2023-04-26,Weapon Law Violations,SOCIETY,EAST,Weapon Law Violations,78223,2026-09-01
70951605827,2026-06-10,Weapon Law Violations,SOCIETY,SOUTH,Weapon Law Violations,78223,2026-09-01
70995172578,2026-06-13,Weapon Law Violations,SOCIETY,EAST,Weapon Law Violations,78223,2026-09-01
49227111311,2023-04-22,Weapon Law Violations,SOCIETY,SOUTH,Weapon Law Violations,78224,2026-09-01
51166216358,2023-07-01,Weapon Law Violations,SOCIETY,SOUTH,Weapon Law Violations,78224,2026-09-01
64501069344,2025-06-13,Weapon Law Violations,SOCIETY,SOUTH,Weapon Law Violations,78224,2026-09-01
64932202877,2025-07-12,Weapon Law Violations,SOCIETY,SOUTH,Weapon Law Violations,78224,2026-09-01
68079121668,2026-01-07,Weapon Law Violations,SOCIETY,SOUTH,Weapon Law Violations,78226,2026-09-01
46657670712,2023-03-16,Weapon Law Violations,SOCIETY,WEST,Weapon Law Violations,78227,2026-09-01
57897081747,2024-07-25,Weapon Law Violations,SOCIETY,WEST,Weapon Law Violations,78227,2026-09-01
54228870338,2024-02-17,Weapon Law Violations,SOCIETY,WEST,Weapon Law Violations,78228,2026-09-01
56407679148,2024-05-25,Weapon Law Violations,SOCIETY,WEST,Weapon Law Violations,78228,2026-09-01
57534978162,2024-07-11,Weapon Law Violations,SOCIETY,CENTRAL,Weapon Law Violations,78228,2026-09-01
61422163041,2024-12-06,Weapon Law Violations,SOCIETY,WEST,Weapon Law Violations,78228,2026-09-01
71732252559,2026-07-19,Weapon Law Violations,SOCIETY,WEST,Weapon Law Violations,78228,2026-09-01
58499335348,2024-08-22,Weapon Law Violations,SOCIETY,PRUE,Weapon Law Violations,78229,2026-09-01
53618408010,2024-01-03,Weapon Law Violations,SOCIETY,PRUE,Weapon Law Violations,78230,2026-09-01
54556995300,2024-03-02,Weapon Law Violations,SOCIETY,PRUE,Weapon Law Violations,78230,2026-09-01
62972558034,2025-03-02,Weapon Law Violations,SOCIETY,CENTRAL,Weapon Law Violations,78230,2026-09-01
63052045963,2025-03-06,Weapon Law Violations,SOCIETY,PRUE,Weapon Law Violations,78230,2026-09-01
61649642422,2024-12-13,Weapon Law Violations,SOCIETY,NORTH,Weapon Law Violations,78232,2026-09-01
67767370354,2025-12-11,Weapon Law Violations,SOCIETY,NORTH,Weapon Law Violations,78233,2026-09-01
72356919601,2026-08-20,Weapon Law Violations,SOCIETY,NORTH,Weapon Law Violations,78233,2026-09-01
49346252651,2023-05-04,Weapon Law Violations,SOCIETY,WEST,Weapon Law Violations,78237,2026-09-01
51947260668,2023-08-19,Weapon Law Violations,SOCIETY,WEST,Weapon Law Violations,78237,2026-09-01
55909057477,2024-05-06,Weapon Law Violations,SOCIETY,WEST,Weapon Law Violations,78237,2026-09-01
62577972363,2025-02-03,Weapon Law Violations,SOCIETY,WEST,Weapon Law Violations,78237,2026-09-01
70376154199,2026-05-09,Weapon Law Violations,SOCIETY,WEST,Weapon Law Violations,78237,2026-09-01
71489568744,2026-07-08,Weapon Law Violations,SOCIETY,WEST,Weapon Law Violations,78237,2026-09-01
63453757127,2025-04-02,Weapon Law Violations,SOCIETY,PRUE,Weapon Law Violations,78240,2026-09-01
51529330636,2023-07-27,Weapon Law Violations,SOCIETY,SOUTH,Weapon Law Violations,78242,2026-09-01
63871229874,2025-05-07,Weapon Law Violations,SOCIETY,WEST,Weapon Law Violations,78245,2026-09-01
49359623708,2023-05-07,Weapon Law Violations,SOCIETY,NORTH,Weapon Law Violations,78247,2026-09-01
70638507144,2026-05-23,Weapon Law Violations,SOCIETY,NORTH,Weapon Law Violations,78247,2026-09-01
70945774221,2026-06-10,Weapon Law Violations,SOCIETY,PRUE,Weapon Law Violations,78248,2026-09-01
54110623436,2024-02-09,Weapon Law Violations,SOCIETY,PRUE,Weapon Law Violations,78249,2026-09-01
40744581670,2023-01-16,Weapon Law Violations,SOCIETY,WEST,Weapon Law Violations,78251,2026-09-01
49958694828,2023-05-19,Weapon Law Violations,SOCIETY,WEST,Weapon Law Violations,78251,2026-09-01
65688376378,2025-09-02,Weapon Law Violations,SOCIETY,WEST,Weapon Law Violations,78251,2026-09-01
68654275072,2026-02-22,Weapon Law Violations,SOCIETY,PRUE,Weapon Law Violations,78257,2026-09-01
52348281520,2023-09-18,Weapon Law Violations,SOCIETY,NORTH,Weapon Law Violations,78258,2026-09-01
57668895793,2024-07-17,Weapon Law Violations,SOCIETY,NORTH,Weapon Law Violations,78258,2026-09-01
65396836185,2025-08-10,Weapon Law Violations,SOCIETY,EAST,Weapon Law Violations,Out of Jurisdiction,2026-09-01
63316079667,2025-03-25,Weapon Law Violations,SOCIETY,CENTRAL,Weapon Law Violations,78201,2026-09-01
66772776870,2025-10-18,Weapon Law Violations,SOCIETY,WEST,Weapon Law Violations,78201,2026-09-01
66842057539,2025-10-22,Weapon Law Violations,SOCIETY,CENTRAL,Weapon Law Violations,78201,2026-09-01
71534565572,2026-07-09,Weapon Law Violations,SOCIETY,DOWNTOWN,Weapon Law Violations,78201,2026-09-01
57930645850,2024-07-26,Weapon Law Violations,SOCIETY,EAST,Weapon Law Violations,78203,2026-09-01
63099884271,2025-03-08,Weapon Law Violations,SOCIETY,EAST,Weapon Law Violations,78203,2026-09-01
72171560532,2026-08-12,Weapon Law Violations,SOCIETY,EAST,Weapon Law Violations,78203,2026-09-01
51279811649,2023-07-02,Weapon Law Violations,SOCIETY,CENTRAL,Weapon Law Violations,78207,2026-09-01
51491916847,2023-07-25,Weapon Law Violations,SOCIETY,CENTRAL,Weapon Law Violations,78207,2026-09-01
58662277788,2024-08-31,Weapon Law Violations,SOCIETY,CENTRAL,Weapon Law Violations,78207,2026-09-01
64521896241,2025-06-14,Weapon Law Violations,SOCIETY,CENTRAL,Weapon Law Violations,78207,2026-09-01
65449269421,2025-08-13,Weapon Law Violations,SOCIETY,CENTRAL,Weapon Law Violations,78207,2026-09-01
65878947877,2025-09-08,Weapon Law Violations,SOCIETY,CENTRAL,Weapon Law Violations,78207,2026-09-01
66665023215,2025-10-12,Weapon Law Violations,SOCIETY,CENTRAL,Weapon Law Violations,78207,2026-09-01
66735749287,2025-10-16,Weapon Law Violations,SOCIETY,CENTRAL,Weapon Law Violations,78207,2026-09-01
53450305951,2023-12-19,Weapon Law Violations,SOCIETY,NORTH,Weapon Law Violations,78209,2026-09-01
49214879790,2023-04-20,Weapon Law Violations,SOCIETY,EAST,Weapon Law Violations,78210,2026-09-01
53755033921,2024-01-12,Weapon Law Violations,SOCIETY,SOUTH,Weapon Law Violations,78210,2026-09-01
60991864415,2024-11-26,Weapon Law Violations,SOCIETY,SOUTH,Weapon Law Violations,78210,2026-09-01
63610935598,2025-04-17,Weapon Law Violations,SOCIETY,EAST,Weapon Law Violations,78210,2026-09-01
48985881031,2023-04-09,Weapon Law Violations,SOCIETY,SOUTH,Weapon Law Violations,78211,2026-09-01
51932015938,2023-08-17,Weapon Law Violations,SOCIETY,CENTRAL,Weapon Law Violations,78212,2026-09-01
58298073601,2024-10-22,Weapon Law Violations,SOCIETY,SOUTH,Weapon Law Violations,78214,2026-09-01
70799657592,2026-05-30,Weapon Law Violations,SOCIETY,SOUTH,Weapon Law Violations,78214,2026-09-01
43085223738,2023-02-22,Weapon Law Violations,SOCIETY,NORTH,Weapon Law Violations,78216,2026-09-01
67575666205,2025-11-27,Weapon Law Violations,SOCIETY,NORTH,Weapon Law Violations,78216,2026-09-01
71010433786,2026-06-15,Weapon Law Violations,SOCIETY,NORTH,Weapon Law Violations,78216,2026-09-01
43853400901,2023-02-27,Weapon Law Violations,SOCIETY,NORTH,Weapon Law Violations,78217,2026-09-01
48053770132,2023-03-29,Weapon Law Violations,SOCIETY,EAST,Weapon Law Violations,78218,2026-09-01
54316663851,2024-02-22,Weapon Law Violations,SOCIETY,EAST,Weapon Law Violations,78218,2026-09-01
64782312622,2025-07-02,Weapon Law Violations,SOCIETY,EAST,Weapon Law Violations,78218,2026-09-01
56479330624,2024-06-01,Weapon Law Violations,SOCIETY,EAST,Weapon Law Violations,78220,2026-09-01
62130202637,2025-01-04,Weapon Law Violations,SOCIETY,EAST,Weapon Law Violations,78220,2026-09-01
50088918444,2023-05-27,Weapon Law Violations,SOCIETY,SOUTH,Weapon Law Violations,78221,2026-09-01
60504307787,2024-11-06,Weapon Law Violations,SOCIETY,SOUTH,Weapon Law Violations,78221,2026-09-01
68678966290,2026-02-24,Weapon Law Violations,SOCIETY,SOUTH,Weapon Law Violations,78221,2026-09-01
52262058177,2023-09-12,Weapon Law Violations,SOCIETY,EAST,Weapon Law Violations,78223,2026-09-01
41236022218,2023-01-27,Weapon Law Violations,SOCIETY,SOUTH,Weapon Law Violations,78224,2026-09-01
47055829693,2023-03-20,Weapon Law Violations,SOCIETY,SOUTH,Weapon Law Violations,78224,2026-09-01
72363301616,2026-08-21,Weapon Law Violations,SOCIETY,SOUTH,Weapon Law Violations,78224,2026-09-01
48749809572,2023-04-04,Weapon Law Violations,SOCIETY,SOUTH,Weapon Law Violations,78225,2026-09-01
53992790358,2024-02-01,Weapon Law Violations,SOCIETY,WEST,Weapon Law Violations,78227,2026-09-01
60035023642,2024-10-14,Weapon Law Violations,SOCIETY,WEST,Weapon Law Violations,78228,2026-09-01
68461359523,2026-02-07,Weapon Law Violations,SOCIETY,CENTRAL,Weapon Law Violations,78228,2026-09-01
51062923907,2023-06-20,Weapon Law Violations,SOCIETY,PRUE,Weapon Law Violations,78229,2026-09-01
57183826118,2024-06-27,Weapon Law Violations,SOCIETY,PRUE,Weapon Law Violations,78229,2026-09-01
50971043309,2023-06-08,Weapon Law Violations,SOCIETY,NORTH,Weapon Law Violations,78232,2026-09-01
51764371543,2023-08-10,Weapon Law Violations,SOCIETY,NORTH,Weapon Law Violations,78232,2026-09-01
55415834158,2024-04-16,Weapon Law Violations,SOCIETY,NORTH,Weapon Law Violations,78233,2026-09-01
53310362947,2023-12-06,Weapon Law Violations,SOCIETY,WEST,Weapon Law Violations,78237,2026-09-01
57207883984,2024-06-30,Weapon Law Violations,SOCIETY,WEST,Weapon Law Violations,78237,2026-09-01
69831343034,2026-04-24,Weapon Law Violations,SOCIETY,WEST,Weapon Law Violations,78237,2026-09-01
70530765238,2026-05-19,Weapon Law Violations,SOCIETY,WEST,Weapon Law Violations,78238,2026-09-01
51474115012,2023-07-23,Weapon Law Violations,SOCIETY,PRUE,Weapon Law Violations,78240,2026-09-01
62691958336,2025-02-09,Weapon Law Violations,SOCIETY,SOUTH,Weapon Law Violations,78242,2026-09-01
57846077676,2024-07-22,Weapon Law Violations,SOCIETY,EAST,Weapon Law Violations,78244,2026-09-01
51395065688,2023-07-15,Weapon Law Violations,SOCIETY,WEST,Weapon Law Violations,78245,2026-09-01
53353964951,2023-12-08,Weapon Law Violations,SOCIETY,WEST,Weapon Law Violations,78245,2026-09-01
55475716139,2024-04-15,Weapon Law Violations,SOCIETY,WEST,Weapon Law Violations,78245,2026-09-01
65154566150,2025-07-27,Weapon Law Violations,SOCIETY,NORTH,Weapon Law Violations,78247,2026-09-01
62867191420,2025-02-21,Weapon Law Violations,SOCIETY,PRUE,Weapon Law Violations,78249,2026-09-01
53422656814,2023-12-16,Weapon Law Violations,SOCIETY,WEST,Weapon Law Violations,78251,2026-09-01
49249362327,2023-04-25,Weapon Law Violations,SOCIETY,PRUE,Weapon Law Violations,78256,2026-09-01
67960040201,2025-12-28,Weapon Law Violations,SOCIETY,NORTH,Weapon Law Violations,78260,2026-09-01
63442820454,2025-04-01,Weapon Law Violations,SOCIETY,SOUTH,Weapon Law Violations,Out of Jurisdiction,2026-09-01
71138100279,2026-06-24,Weapon Law Violations,SOCIETY,EAST,Weapon Law Violations,Out of Jurisdiction,2026-09-01
56049452283,2024-05-12,Weapon Law Violations,SOCIETY,WEST,Weapon Law Violations,78201,2026-09-01
55702739629,2024-04-27,Weapon Law Violations,SOCIETY,EAST,Weapon Law Violations,78202,2026-09-01
63629961396,2025-04-19,Weapon Law Violations,SOCIETY,EAST,Weapon Law Violations,78202,2026-09-01
62868086258,2025-02-21,Weapon Law Violations,SOCIETY,SOUTH,Weapon Law Violations,78204,2026-09-01
41023492267,2023-01-21,Weapon Law Violations,SOCIETY,CENTRAL,Weapon Law Violations,78205,2026-09-01
59621450636,2024-09-26,Weapon Law Violations,SOCIETY,DOWNTOWN,Weapon Law Violations,78205,2026-09-01
63998385883,2025-05-16,Weapon Law Violations,SOCIETY,DOWNTOWN,Weapon Law Violations,78205,2026-09-01
64742449691,2025-06-29,Weapon Law Violations,SOCIETY,DOWNTOWN,Weapon Law Violations,78205,2026-09-01
69740449762,2026-04-18,Weapon Law Violations,SOCIETY,DOWNTOWN,Weapon Law Violations,78205,2026-09-01
47284367231,2023-03-23,Weapon Law Violations,SOCIETY,CENTRAL,Weapon Law Violations,78207,2026-09-01
52216798245,2023-09-07,Weapon Law Violations,SOCIETY,CENTRAL,Weapon Law Violations,78207,2026-09-01
52227973643,2023-09-08,Weapon Law Violations,SOCIETY,CENTRAL,Weapon Law Violations,78207,2026-09-01
53283920253,2023-12-02,Weapon Law Violations,SOCIETY,CENTRAL,Weapon Law Violations,78207,2026-09-01
54648603753,2024-03-10,Weapon Law Violations,SOCIETY,CENTRAL,Weapon Law Violations,78207,2026-09-01
56087889903,2024-05-15,Weapon Law Violations,SOCIETY,CENTRAL,Weapon Law Violations,78207,2026-09-01
66376408488,2025-10-05,Weapon Law Violations,SOCIETY,CENTRAL,Weapon Law Violations,78207,2026-09-01
66692312467,2025-10-14,Weapon Law Violations,SOCIETY,CENTRAL,Weapon Law Violations,78207,2026-09-01
58489362074,2024-08-21,Weapon Law Violations,SOCIETY,EAST,Weapon Law Violations,78208,2026-09-01
52474507169,2023-09-30,Weapon Law Violations,SOCIETY,EAST,Weapon Law Violations,78210,2026-09-01
53590588142,2023-12-30,Weapon Law Violations,SOCIETY,CENTRAL,Weapon Law Violations,78210,2026-09-01
57924311008,2024-07-26,Weapon Law Violations,SOCIETY,EAST,Weapon Law Violations,78210,2026-09-01
58041024183,2024-08-02,Weapon Law Violations,SOCIETY,EAST,Weapon Law Violations,78210,2026-09-01
69324196329,2026-03-21,Weapon Law Violations,SOCIETY,SOUTH,Weapon Law Violations,78210,2026-09-01
70900264353,2026-06-06,Weapon Law Violations,SOCIETY,EAST,Weapon Law Violations,78210,2026-09-01
41287159881,2023-01-29,Weapon Law Violations,SOCIETY,SOUTH,Weapon Law Violations,78211,2026-09-01
51109517265,2023-06-25,Weapon Law Violations,SOCIETY,SOUTH,Weapon Law Violations,78211,2026-09-01
63689114935,2025-04-25,Weapon Law Violations,SOCIETY,SOUTH,Weapon Law Violations,78211,2026-09-01
63695980794,2025-04-26,Weapon Law Violations,SOCIETY,DOWNTOWN,Weapon Law Violations,78212,2026-09-01
64126185280,2025-05-25,Weapon Law Violations,SOCIETY,DOWNTOWN,Weapon Law Violations,78212,2026-09-01
52262221645,2023-09-12,Weapon Law Violations,SOCIETY,CENTRAL,Weapon Law Violations,78213,2026-09-01
52369855586,2023-09-20,Weapon Law Violations,SOCIETY,SOUTH,Weapon Law Violations,78214,2026-09-01
68202420871,2026-01-16,Weapon Law Violations,SOCIETY,SOUTH,Weapon Law Violations,78214,2026-09-01
52465993219,2023-09-29,Weapon Law Violations,SOCIETY,CENTRAL,Weapon Law Violations,78215,2026-09-01
60176450480,2024-10-23,Weapon Law Violations,SOCIETY,NORTH,Weapon Law Violations,78216,2026-09-01
63934212537,2025-05-11,Weapon Law Violations,SOCIETY,NORTH,Weapon Law Violations,78216,2026-09-01
69772935361,2026-04-21,Weapon Law Violations,SOCIETY,NORTH,Weapon Law Violations,78216,2026-09-01
70343652031,2026-05-07,Weapon Law Violations,SOCIETY,NORTH,Weapon Law Violations,78217,2026-09-01
49340135823,2023-05-04,Weapon Law Violations,SOCIETY,EAST,Weapon Law Violations,78218,2026-09-01
51167968229,2023-06-30,Weapon Law Violations,SOCIETY,EAST,Weapon Law Violations,78218,2026-09-01
64127916596,2025-05-25,Weapon Law Violations,SOCIETY,EAST,Weapon Law Violations,78218,2026-09-01
51370284165,2023-07-12,Weapon Law Violations,SOCIETY,SOUTH,Weapon Law Violations,78221,2026-09-01
48990385881,2023-04-10,Weapon Law Violations,SOCIETY,SOUTH,Weapon Law Violations,78223,2026-09-01
40894173675,2023-01-19,Weapon Law Violations,SOCIETY,SOUTH,Weapon Law Violations,78224,2026-09-01
55097347944,2024-03-30,Weapon Law Violations,SOCIETY,SOUTH,Weapon Law Violations,78224,2026-09-01
68782903695,2026-03-02,Weapon Law Violations,SOCIETY,SOUTH,Weapon Law Violations,78224,2026-09-01
54308592623,2024-02-22,Weapon Law Violations,SOCIETY,WEST,Weapon Law Violations,78227,2026-09-01
57761053600,2024-07-19,Weapon Law Violations,SOCIETY,SOUTH,Weapon Law Violations,78227,2026-09-01
61429875506,2024-12-07,Weapon Law Violations,SOCIETY,WEST,Weapon Law Violations,78227,2026-09-01
71853027605,2026-07-25,Weapon Law Violations,SOCIETY,WEST,Weapon Law Violations,78227,2026-09-01
53270919416,2023-12-01,Weapon Law Violations,SOCIETY,WEST,Weapon Law Violations,78228,2026-09-01
59175200346,2024-09-14,Weapon Law Violations,SOCIETY,CENTRAL,Weapon Law Violations,78228,2026-09-01
67162319566,2025-11-02,Weapon Law Violations,SOCIETY,WEST,Weapon Law Violations,78228,2026-09-01
51028752538,2023-06-16,Weapon Law Violations,SOCIETY,WEST,Weapon Law Violations,78229,2026-09-01
68533748762,2026-02-12,Weapon Law Violations,SOCIETY,PRUE,Weapon Law Violations,78229,2026-09-01
71764355329,2026-07-21,Weapon Law Violations,SOCIETY,WEST,Weapon Law Violations,78229,2026-09-01
53129760607,2023-11-21,Weapon Law Violations,SOCIETY,PRUE,Weapon Law Violations,78230,2026-09-01
40227058594,2023-01-09,Weapon Law Violations,SOCIETY,WEST,Weapon Law Violations,78237,2026-09-01
50058903102,2023-05-23,Weapon Law Violations,SOCIETY,WEST,Weapon Law Violations,78237,2026-09-01
54114929860,2024-02-09,Weapon Law Violations,SOCIETY,WEST,Weapon Law Violations,78237,2026-09-01
57937825898,2024-07-26,Weapon Law Violations,SOCIETY,SOUTH,Weapon Law Violations,78237,2026-09-01
61952104712,2024-12-21,Weapon Law Violations,SOCIETY,WEST,Weapon Law Violations,78237,2026-09-01
53851509237,2024-01-21,Weapon Law Violations,SOCIETY,WEST,Weapon Law Violations,78238,2026-09-01
67871128885,2025-12-19,Weapon Law Violations,SOCIETY,WEST,Weapon Law Violations,78238,2026-09-01
40322120080,2023-01-09,Weapon Law Violations,SOCIETY,PRUE,Weapon Law Violations,78240,2026-09-01
51262303770,2023-07-01,Weapon Law Violations,SOCIETY,PRUE,Weapon Law Violations,78240,2026-09-01
62866084606,2025-02-21,Weapon Law Violations,SOCIETY,PRUE,Weapon Law Violations,78240,2026-09-01
41021822878,2023-01-21,Weapon Law Violations,SOCIETY,SOUTH,Weapon Law Violations,78242,2026-09-01
50053780783,2023-05-23,Weapon Law Violations,SOCIETY,SOUTH,Weapon Law Violations,78242,2026-09-01
53838969932,2024-01-19,Weapon Law Violations,SOCIETY,SOUTH,Weapon Law Violations,78242,2026-09-01
65127277414,2025-07-25,Weapon Law Violations,SOCIETY,SOUTH,Weapon Law Violations,78242,2026-09-01
68695336884,2026-02-25,Weapon Law Violations,SOCIETY,SOUTH,Weapon Law Violations,78242,2026-09-01
48979846615,2023-04-08,Weapon Law Violations,SOCIETY,WEST,Weapon Law Violations,78245,2026-09-01
62845898431,2025-02-19,Weapon Law Violations,SOCIETY,WEST,Weapon Law Violations,78245,2026-09-01
67760645747,2025-12-10,Weapon Law Violations,SOCIETY,WEST,Weapon Law Violations,78245,2026-09-01
48985591963,2023-04-09,Weapon Law Violations,SOCIETY,PRUE,Weapon Law Violations,78249,2026-09-01
67743375968,2025-12-09,Weapon Law Violations,SOCIETY,PRUE,Weapon Law Violations,78249,2026-09-01
67859046628,2025-12-19,Weapon Law Violations,SOCIETY,PRUE,Weapon Law Violations,78249,2026-09-01
64824426737,2025-07-05,Weapon Law Violations,SOCIETY,NORTH,Weapon Law Violations,78258,2026-09-01
50095006816,2023-05-27,Weapon Law Violations,SOCIETY,WEST,Weapon Law Violations,78201,2026-09-01
51796365393,2023-08-11,Weapon Law Violations,SOCIETY,WEST,Weapon Law Violations,78201,2026-09-01
52031877365,2023-08-27,Weapon Law Violations,SOCIETY,EAST,Weapon Law Violations,78202,2026-09-01
62171392505,2025-01-06,Weapon Law Violations,SOCIETY,EAST,Weapon Law Violations,78203,2026-09-01
68749515981,2026-02-28,Weapon Law Violations,SOCIETY,EAST,Weapon Law Violations,78203,2026-09-01
65221540902,2025-08-01,Weapon Law Violations,SOCIETY,DOWNTOWN,Weapon Law Violations,78204,2026-09-01
44774834180,2023-03-03,Weapon Law Violations,SOCIETY,CENTRAL,Weapon Law Violations,78207,2026-09-01
53476371535,2023-12-21,Weapon Law Violations,SOCIETY,CENTRAL,Weapon Law Violations,78207,2026-09-01
57970636106,2024-07-30,Weapon Law Violations,SOCIETY,CENTRAL,Weapon Law Violations,78207,2026-09-01
62804134212,2025-02-15,Weapon Law Violations,SOCIETY,CENTRAL,Weapon Law Violations,78207,2026-09-01
45096130030,2023-03-06,Weapon Law Violations,SOCIETY,SOUTH,Weapon Law Violations,78210,2026-09-01
62153618081,2025-01-05,Weapon Law Violations,SOCIETY,SOUTH,Weapon Law Violations,78210,2026-09-01
63628308473,2025-04-19,Weapon Law Violations,SOCIETY,SOUTH,Weapon Law Violations,78210,2026-09-01
68565203629,2026-02-15,Weapon Law Violations,SOCIETY,EAST,Weapon Law Violations,78210,2026-09-01
57754063003,2024-07-18,Weapon Law Violations,SOCIETY,SOUTH,Weapon Law Violations,78211,2026-09-01
63691176573,2025-04-25,Weapon Law Violations,SOCIETY,SOUTH,Weapon Law Violations,78211,2026-09-01
66219930695,2025-09-24,Weapon Law Violations,SOCIETY,SOUTH,Weapon Law Violations,78211,2026-09-01
54976815868,2024-03-24,Weapon Law Violations,SOCIETY,SOUTH,Weapon Law Violations,78214,2026-09-01
58298563981,2024-08-18,Weapon Law Violations,SOCIETY,SOUTH,Weapon Law Violations,78214,2026-09-01
47504828474,2023-03-24,Weapon Law Violations,SOCIETY,NORTH,Weapon Law Violations,78216,2026-09-01
58077118270,2024-08-03,Weapon Law Violations,SOCIETY,NORTH,Weapon Law Violations,78216,2026-09-01
61924952688,2024-12-19,Weapon Law Violations,SOCIETY,NORTH,Weapon Law Violations,78216,2026-09-01
62013984284,2024-12-26,Weapon Law Violations,SOCIETY,NORTH,Weapon Law Violations,78216,2026-09-01
65120704321,2025-07-25,Weapon Law Violations,SOCIETY,NORTH,Weapon Law Violations,78216,2026-09-01
49339516432,2023-05-03,Weapon Law Violations,SOCIETY,EAST,Weapon Law Violations,78219,2026-09-01
68599979777,2026-02-18,Weapon Law Violations,SOCIETY,EAST,Weapon Law Violations,78219,2026-09-01
50981151028,2023-06-09,Weapon Law Violations,SOCIETY,EAST,Weapon Law Violations,78220,2026-09-01
68207658158,2026-01-17,Weapon Law Violations,SOCIETY,SOUTH,Weapon Law Violations,78221,2026-09-01
68182989482,2026-01-14,Weapon Law Violations,SOCIETY,EAST,Weapon Law Violations,78222,2026-09-01
39877406502,2023-01-07,Weapon Law Violations,SOCIETY,SOUTH,Weapon Law Violations,78223,2026-09-01
49232539310,2023-04-22,Weapon Law Violations,SOCIETY,EAST,Weapon Law Violations,78223,2026-09-01
51119239445,2023-06-26,Weapon Law Violations,SOCIETY,SOUTH,Weapon Law Violations,78223,2026-09-01
61404790675,2024-12-05,Weapon Law Violations,SOCIETY,SOUTH,Weapon Law Violations,78223,2026-09-01
65535564090,2025-08-21,Weapon Law Violations,SOCIETY,EAST,Weapon Law Violations,78223,2026-09-01
40983402499,2023-01-20,Weapon Law Violations,SOCIETY,SOUTH,Weapon Law Violations,78224,2026-09-01
52583469609,2023-10-14,Weapon Law Violations,SOCIETY,SOUTH,Weapon Law Violations,78224,2026-09-01
60199282718,2024-10-24,Weapon Law Violations,SOCIETY,SOUTH,Weapon Law Violations,78224,2026-09-01
68677302912,2026-02-23,Weapon Law Violations,SOCIETY,SOUTH,Weapon Law Violations,78224,2026-09-01
68735298936,2026-02-27,Weapon Law Violations,SOCIETY,SOUTH,Weapon Law Violations,78225,2026-09-01
57969824663,2024-07-30,Weapon Law Violations,SOCIETY,SOUTH,Weapon Law Violations,78226,2026-09-01
58767182852,2024-09-05,Weapon Law Violations,SOCIETY,SOUTH,Weapon Law Violations,78226,2026-09-01
59705045032,2024-09-29,Weapon Law Violations,SOCIETY,SOUTH,Weapon Law Violations,78226,2026-09-01
46660269530,2023-03-16,Weapon Law Violations,SOCIETY,WEST,Weapon Law Violations,78227,2026-09-01
56052847207,2024-05-12,Weapon Law Violations,SOCIETY,WEST,Weapon Law Violations,78227,2026-09-01
56433841866,2024-05-28,Weapon Law Violations,SOCIETY,WEST,Weapon Law Violations,78227,2026-09-01
62352938455,2025-01-19,Weapon Law Violations,SOCIETY,WEST,Weapon Law Violations,78227,2026-09-01
65676772621,2025-09-01,Weapon Law Violations,SOCIETY,WEST,Weapon Law Violations,78228,2026-09-01
49604043514,2023-05-13,Weapon Law Violations,SOCIETY,PRUE,Weapon Law Violations,78229,2026-09-01
58437596424,2024-08-17,Weapon Law Violations,SOCIETY,WEST,Weapon Law Violations,78229,2026-09-01
62971316223,2025-03-02,Weapon Law Violations,SOCIETY,PRUE,Weapon Law Violations,78230,2026-09-01
58118751337,2024-08-04,Weapon Law Violations,SOCIETY,NORTH,Weapon Law Violations,78232,2026-09-01
65532683947,2025-08-20,Weapon Law Violations,SOCIETY,NORTH,Weapon Law Violations,78232,2026-09-01
39328270437,2023-01-01,Weapon Law Violations,SOCIETY,WEST,Weapon Law Violations,78237,2026-09-01
63337842481,2025-03-26,Weapon Law Violations,SOCIETY,WEST,Weapon Law Violations,78237,2026-09-01
70523012976,2026-05-19,Weapon Law Violations,SOCIETY,WEST,Weapon Law Violations,78237,2026-09-01
46563141625,2023-03-15,Weapon Law Violations,SOCIETY,PRUE,Weapon Law Violations,78238,2026-09-01
53081381506,2023-11-16,Weapon Law Violations,SOCIETY,PRUE,Weapon Law Violations,78240,2026-09-01
66649811331,2025-10-12,Weapon Law Violations,SOCIETY,PRUE,Weapon Law Violations,78240,2026-09-01
70659891088,2026-05-25,Weapon Law Violations,SOCIETY,NORTH,Weapon Law Violations,78247,2026-09-01
71020843610,2026-06-27,Weapon Law Violations,SOCIETY,NORTH,Weapon Law Violations,78247,2026-09-01
53106060889,2023-11-19,Weapon Law Violations,SOCIETY,PRUE,Weapon Law Violations,78249,2026-09-01
70189190947,2026-05-01,Weapon Law Violations,SOCIETY,PRUE,Weapon Law Violations,78249,2026-09-01
41265768762,2023-01-28,Weapon Law Violations,SOCIETY,PRUE,Weapon Law Violations,78250,2026-09-01
47174552098,2023-03-21,Weapon Law Violations,SOCIETY,WEST,Weapon Law Violations,78251,2026-09-01
51487463640,2023-07-25,Weapon Law Violations,SOCIETY,WEST,Weapon Law Violations,78251,2026-09-01
54744637893,2024-03-16,Weapon Law Violations,SOCIETY,WEST,Weapon Law Violations,78251,2026-09-01
64768794165,2025-07-01,Weapon Law Violations,SOCIETY,WEST,Weapon Law Violations,78251,2026-09-01
40719148930,2023-01-15,Weapon Law Violations,SOCIETY,WEST,Weapon Law Violations,78201,2026-09-01
60637071607,2024-11-07,Weapon Law Violations,SOCIETY,WEST,Weapon Law Violations,78201,2026-09-01
51038743319,2023-06-16,Weapon Law Violations,SOCIETY,EAST,Weapon Law Violations,78202,2026-09-01
52624610950,2023-10-18,Weapon Law Violations,SOCIETY,EAST,Weapon Law Violations,78202,2026-09-01
53079422906,2023-11-16,Weapon Law Violations,SOCIETY,EAST,Weapon Law Violations,78202,2026-09-01
56843940716,2024-06-13,Weapon Law Violations,SOCIETY,EAST,Weapon Law Violations,78202,2026-09-01
63091112381,2025-03-07,Weapon Law Violations,SOCIETY,EAST,Weapon Law Violations,78202,2026-09-01
60024295135,2024-10-13,Weapon Law Violations,SOCIETY,CENTRAL,Weapon Law Violations,78204,2026-09-01
68520657321,2026-02-12,Weapon Law Violations,SOCIETY,DOWNTOWN,Weapon Law Violations,78204,2026-09-01
52804380658,2023-10-26,Weapon Law Violations,SOCIETY,CENTRAL,Weapon Law Violations,78207,2026-09-01
53575498687,2023-12-28,Weapon Law Violations,SOCIETY,CENTRAL,Weapon Law Violations,78207,2026-09-01
61448160158,2024-12-09,Weapon Law Violations,SOCIETY,CENTRAL,Weapon Law Violations,78207,2026-09-01
65394812994,2025-08-10,Weapon Law Violations,SOCIETY,CENTRAL,Weapon Law Violations,78207,2026-09-01
71368635313,2026-07-05,Weapon Law Violations,SOCIETY,SOUTH,Weapon Law Violations,78207,2026-09-01
60223352175,2024-10-27,Weapon Law Violations,SOCIETY,NORTH,Weapon Law Violations,78209,2026-09-01
55203618221,2024-04-05,Weapon Law Violations,SOCIETY,SOUTH,Weapon Law Violations,78210,2026-09-01
66404061086,2025-10-08,Weapon Law Violations,SOCIETY,EAST,Weapon Law Violations,78210,2026-09-01
50048302858,2023-05-22,Weapon Law Violations,SOCIETY,SOUTH,Weapon Law Violations,78211,2026-09-01
53153168796,2023-11-25,Weapon Law Violations,SOCIETY,SOUTH,Weapon Law Violations,78211,2026-09-01
55134811173,2024-04-02,Weapon Law Violations,SOCIETY,SOUTH,Weapon Law Violations,78211,2026-09-01
60952295805,2024-11-21,Weapon Law Violations,SOCIETY,SOUTH,Weapon Law Violations,78211,2026-09-01
68609683770,2026-02-18,Weapon Law Violations,SOCIETY,SOUTH,Weapon Law Violations,78211,2026-09-01
53159295423,2023-11-26,Weapon Law Violations,SOCIETY,CENTRAL,Weapon Law Violations,78212,2026-09-01
67900960880,2025-12-22,Weapon Law Violations,SOCIETY,DOWNTOWN,Weapon Law Violations,78212,2026-09-01
72216526062,2026-08-15,Weapon Law Violations,SOCIETY,DOWNTOWN,Weapon Law Violations,78212,2026-09-01
55450588104,2024-04-14,Weapon Law Violations,SOCIETY,NORTH,Weapon Law Violations,78213,2026-09-01
65252707111,2025-08-04,Weapon Law Violations,SOCIETY,CENTRAL,Weapon Law Violations,78213,2026-09-01
57978650941,2024-09-05,Weapon Law Violations,SOCIETY,SOUTH,Weapon Law Violations,78214,2026-09-01
71167393461,2026-06-26,Weapon Law Violations,SOCIETY,DOWNTOWN,Weapon Law Violations,78215,2026-09-01
50950588266,2023-06-06,Weapon Law Violations,SOCIETY,NORTH,Weapon Law Violations,78216,2026-09-01
64126978278,2025-05-25,Weapon Law Violations,SOCIETY,EAST,Weapon Law Violations,78218,2026-09-01
47823636936,2023-03-27,Weapon Law Violations,SOCIETY,EAST,Weapon Law Violations,78219,2026-09-01
69723865636,2026-04-17,Weapon Law Violations,SOCIETY,EAST,Weapon Law Violations,78220,2026-09-01
54530292629,2024-03-01,Weapon Law Violations,SOCIETY,SOUTH,Weapon Law Violations,78221,2026-09-01
55715516513,2024-04-28,Weapon Law Violations,SOCIETY,SOUTH,Weapon Law Violations,78221,2026-09-01
65411722726,2025-08-11,Weapon Law Violations,SOCIETY,SOUTH,Weapon Law Violations,78221,2026-09-01
52368967855,2023-09-19,Weapon Law Violations,SOCIETY,SOUTH,Weapon Law Violations,78223,2026-09-01
52791625913,2023-10-25,Weapon Law Violations,SOCIETY,SOUTH,Weapon Law Violations,78223,2026-09-01
58561259810,2024-08-25,Weapon Law Violations,SOCIETY,SOUTH,Weapon Law Violations,78223,2026-09-01
55010457697,2024-03-26,Weapon Law Violations,SOCIETY,SOUTH,Weapon Law Violations,78224,2026-09-01
65713338614,2025-09-04,Weapon Law Violations,SOCIETY,SOUTH,Weapon Law Violations,78224,2026-09-01
67088406622,2025-10-31,Weapon Law Violations,SOCIETY,SOUTH,Weapon Law Violations,78224,2026-09-01
67265110748,2025-11-08,Weapon Law Violations,SOCIETY,SOUTH,Weapon Law Violations,78224,2026-09-01
53447744151,2023-12-18,Weapon Law Violations,SOCIETY,SOUTH,Weapon Law Violations,78225,2026-09-01
41265036077,2023-01-28,Weapon Law Violations,SOCIETY,WEST,Weapon Law Violations,78227,2026-09-01
48991385876,2023-04-10,Weapon Law Violations,SOCIETY,WEST,Weapon Law Violations,78227,2026-09-01
52059794557,2023-08-29,Weapon Law Violations,SOCIETY,WEST,Weapon Law Violations,78227,2026-09-01
52462372561,2023-09-28,Weapon Law Violations,SOCIETY,SOUTH,Weapon Law Violations,78227,2026-09-01
57226514697,2024-07-01,Weapon Law Violations,SOCIETY,WEST,Weapon Law Violations,78227,2026-09-01
54208052113,2024-02-17,Weapon Law Violations,SOCIETY,PRUE,Weapon Law Violations,78229,2026-09-01
71963064866,2026-08-02,Weapon Law Violations,SOCIETY,PRUE,Weapon Law Violations,78229,2026-09-01
52389758018,2023-09-21,Weapon Law Violations,SOCIETY,PRUE,Weapon Law Violations,78230,2026-09-01
53398790846,2023-12-14,Weapon Law Violations,SOCIETY,PRUE,Weapon Law Violations,78230,2026-09-01
53665277892,2024-01-07,Weapon Law Violations,SOCIETY,PRUE,Weapon Law Violations,78230,2026-09-01
62926218034,2025-02-26,Weapon Law Violations,SOCIETY,PRUE,Weapon Law Violations,78230,2026-09-01
65358875497,2025-08-07,Weapon Law Violations,SOCIETY,PRUE,Weapon Law Violations,78230,2026-09-01
62227702848,2025-01-11,Weapon Law Violations,SOCIETY,NORTH,Weapon Law Violations,78233,2026-09-01
54409363368,2024-02-27,Weapon Law Violations,SOCIETY,WEST,Weapon Law Violations,78237,2026-09-01
51263323560,2023-07-01,Weapon Law Violations,SOCIETY,WEST,Weapon Law Violations,78238,2026-09-01
54843201949,2024-03-19,Weapon Law Violations,SOCIETY,WEST,Weapon Law Violations,78238,2026-09-01
54677659347,2024-03-12,Weapon Law Violations,SOCIETY,PRUE,Weapon Law Violations,78240,2026-09-01
59846805741,2024-10-02,Weapon Law Violations,SOCIETY,PRUE,Weapon Law Violations,78240,2026-09-01
52602252310,2023-10-16,Weapon Law Violations,SOCIETY,SOUTH,Weapon Law Violations,78242,2026-09-01
62135833083,2025-01-04,Weapon Law Violations,SOCIETY,SOUTH,Weapon Law Violations,78242,2026-09-01
55500687185,2024-04-16,Weapon Law Violations,SOCIETY,WEST,Weapon Law Violations,78245,2026-09-01
62182556718,2025-01-07,Weapon Law Violations,SOCIETY,WEST,Weapon Law Violations,78245,2026-09-01
52761249858,2023-10-23,Weapon Law Violations,SOCIETY,NORTH,Weapon Law Violations,78247,2026-09-01
44993694397,2023-03-05,Weapon Law Violations,SOCIETY,PRUE,Weapon Law Violations,78249,2026-09-01
64833835442,2025-07-06,Weapon Law Violations,SOCIETY,WEST,Weapon Law Violations,78251,2026-09-01
65494706637,2025-08-17,Weapon Law Violations,SOCIETY,PRUE,Weapon Law Violations,78257,2026-09-01
62974034578,2025-03-03,Weapon Law Violations,SOCIETY,NORTH,Weapon Law Violations,78258,2026-09-01
67696589264,2025-12-06,Weapon Law Violations,SOCIETY,NORTH,Weapon Law Violations,78259,2026-09-01
40743300006,2023-01-16,Weapon Law Violations,SOCIETY,CENTRAL,Weapon Law Violations,78201,2026-09-01
49011350956,2023-04-13,Weapon Law Violations,SOCIETY,CENTRAL,Weapon Law Violations,78201,2026-09-01
50928320953,2023-06-03,Weapon Law Violations,SOCIETY,CENTRAL,Weapon Law Violations,78201,2026-09-01
63383333129,2025-03-29,Weapon Law Violations,SOCIETY,CENTRAL,Weapon Law Violations,78201,2026-09-01
52810120343,2023-10-27,Weapon Law Violations,SOCIETY,EAST,Weapon Law Violations,78202,2026-09-01
63100380603,2025-03-08,Weapon Law Violations,SOCIETY,EAST,Weapon Law Violations,78203,2026-09-01
66208917606,2025-09-24,Weapon Law Violations,SOCIETY,DOWNTOWN,Weapon Law Violations,78204,2026-09-01
65067853930,2025-07-23,Weapon Law Violations,SOCIETY,DOWNTOWN,Weapon Law Violations,78205,2026-09-01
66637074807,2025-10-10,Weapon Law Violations,SOCIETY,DOWNTOWN,Weapon Law Violations,78205,2026-09-01
51820428936,2023-08-13,Weapon Law Violations,SOCIETY,CENTRAL,Weapon Law Violations,78207,2026-09-01
55615628256,2024-04-21,Weapon Law Violations,SOCIETY,CENTRAL,Weapon Law Violations,78207,2026-09-01
59308733391,2024-09-16,Weapon Law Violations,SOCIETY,CENTRAL,Weapon Law Violations,78207,2026-09-01
71828157091,2026-07-24,Weapon Law Violations,SOCIETY,CENTRAL,Weapon Law Violations,78207,2026-09-01
52189132511,2023-09-04,Weapon Law Violations,SOCIETY,EAST,Weapon Law Violations,78208,2026-09-01
51073962236,2023-06-21,Weapon Law Violations,SOCIETY,EAST,Weapon Law Violations,78210,2026-09-01
69598827178,2026-04-09,Weapon Law Violations,SOCIETY,EAST,Weapon Law Violations,78210,2026-09-01
46094678649,2023-03-13,Weapon Law Violations,SOCIETY,SOUTH,Weapon Law Violations,78211,2026-09-01
62933633175,2025-02-27,Weapon Law Violations,SOCIETY,SOUTH,Weapon Law Violations,78211,2026-09-01
49113382897,2023-04-18,Weapon Law Violations,SOCIETY,CENTRAL,Weapon Law Violations,78212,2026-09-01
55116786270,2024-04-01,Weapon Law Violations,SOCIETY,CENTRAL,Weapon Law Violations,78212,2026-09-01
72121749079,2026-08-11,Weapon Law Violations,SOCIETY,DOWNTOWN,Weapon Law Violations,78212,2026-09-01
49365994419,2023-05-08,Weapon Law Violations,SOCIETY,NORTH,Weapon Law Violations,78213,2026-09-01
65389198502,2025-08-10,Weapon Law Violations,SOCIETY,SOUTH,Weapon Law Violations,78214,2026-09-01
49095108298,2023-04-17,Weapon Law Violations,SOCIETY,NORTH,Weapon Law Violations,78216,2026-09-01
53884540158,2024-01-24,Weapon Law Violations,SOCIETY,NORTH,Weapon Law Violations,78216,2026-09-01
55682814289,2024-04-25,Weapon Law Violations,SOCIETY,NORTH,Weapon Law Violations,78216,2026-09-01
62552694667,2025-02-01,Weapon Law Violations,SOCIETY,NORTH,Weapon Law Violations,78216,2026-09-01
62862509129,2025-02-21,Weapon Law Violations,SOCIETY,NORTH,Weapon Law Violations,78216,2026-09-01
64737629947,2025-06-28,Weapon Law Violations,SOCIETY,NORTH,Weapon Law Violations,78216,2026-09-01
48989828268,2023-04-10,Weapon Law Violations,SOCIETY,NORTH,Weapon Law Violations,78217,2026-09-01
49248180409,2023-04-25,Weapon Law Violations,SOCIETY,EAST,Weapon Law Violations,78218,2026-09-01
49300848530,2023-04-28,Weapon Law Violations,SOCIETY,EAST,Weapon Law Violations,78218,2026-09-01
66307917978,2025-09-30,Weapon Law Violations,SOCIETY,EAST,Weapon Law Violations,78218,2026-09-01
68132284942,2026-01-11,Weapon Law Violations,SOCIETY,EAST,Weapon Law Violations,78219,2026-09-01
66370621053,2025-10-05,Weapon Law Violations,SOCIETY,EAST,Weapon Law Violations,78220,2026-09-01
53982851682,2024-01-31,Weapon Law Violations,SOCIETY,EAST,Weapon Law Violations,78222,2026-09-01
52309681058,2023-09-16,Weapon Law Violations,SOCIETY,EAST,Weapon Law Violations,78223,2026-09-01
69244442542,2026-03-16,Weapon Law Violations,SOCIETY,EAST,Weapon Law Violations,78223,2026-09-01
71353279981,2026-07-04,Weapon Law Violations,SOCIETY,SOUTH,Weapon Law Violations,78223,2026-09-01
51395657783,2023-07-15,Weapon Law Violations,SOCIETY,SOUTH,Weapon Law Violations,78224,2026-09-01
51459798345,2023-07-22,Weapon Law Violations,SOCIETY,SOUTH,Weapon Law Violations,78224,2026-09-01
57073463931,2024-06-24,Weapon Law Violations,SOCIETY,SOUTH,Weapon Law Violations,78224,2026-09-01
64360764726,2025-06-07,Weapon Law Violations,SOCIETY,SOUTH,Weapon Law Violations,78224,2026-09-01
40447653035,2023-01-10,Weapon Law Violations,SOCIETY,SOUTH,Weapon Law Violations,78227,2026-09-01
46768628147,2023-03-17,Weapon Law Violations,SOCIETY,WEST,Weapon Law Violations,78227,2026-09-01
56565627113,2024-06-04,Weapon Law Violations,SOCIETY,WEST,Weapon Law Violations,78227,2026-09-01
59014414304,2024-09-12,Weapon Law Violations,SOCIETY,WEST,Weapon Law Violations,78227,2026-09-01
68134994925,2026-01-11,Weapon Law Violations,SOCIETY,WEST,Weapon Law Violations,78227,2026-09-01
50791332592,2023-05-31,Weapon Law Violations,SOCIETY,WEST,Weapon Law Violations,78228,2026-09-01
61403682491,2024-12-05,Weapon Law Violations,SOCIETY,WEST,Weapon Law Violations,78228,2026-09-01
65725688375,2025-09-05,Weapon Law Violations,SOCIETY,WEST,Weapon Law Violations,78228,2026-09-01
66018042948,2025-09-11,Weapon Law Violations,SOCIETY,PRUE,Weapon Law Violations,78229,2026-09-01
68248291637,2026-01-20,Weapon Law Violations,SOCIETY,PRUE,Weapon Law Violations,78229,2026-09-01
46236690745,2023-03-12,Weapon Law Violations,SOCIETY,WEST,Weapon Law Violations,78237,2026-09-01
51306641342,2023-07-04,Weapon Law Violations,SOCIETY,WEST,Weapon Law Violations,78237,2026-09-01
52017908440,2023-08-25,Weapon Law Violations,SOCIETY,WEST,Weapon Law Violations,78237,2026-09-01
57840794050,2024-07-21,Weapon Law Violations,SOCIETY,WEST,Weapon Law Violations,78237,2026-09-01
61402213935,2024-12-04,Weapon Law Violations,SOCIETY,WEST,Weapon Law Violations,78237,2026-09-01
63162136579,2025-03-12,Weapon Law Violations,SOCIETY,WEST,Weapon Law Violations,78237,2026-09-01
64744085306,2025-06-29,Weapon Law Violations,SOCIETY,WEST,Weapon Law Violations,78237,2026-09-01
68663162792,2026-02-23,Weapon Law Violations,SOCIETY,WEST,Weapon Law Violations,78237,2026-09-01
69841157634,2026-04-25,Weapon Law Violations,SOCIETY,WEST,Weapon Law Violations,78237,2026-09-01
71932798426,2026-07-31,Weapon Law Violations,SOCIETY,CENTRAL,Weapon Law Violations,78237,2026-09-01
52192848747,2023-09-05,Weapon Law Violations,SOCIETY,WEST,Weapon Law Violations,78238,2026-09-01
53997210842,2024-02-01,Weapon Law Violations,SOCIETY,EAST,Weapon Law Violations,78239,2026-09-01
71313150736,2026-07-03,Weapon Law Violations,SOCIETY,PRUE,Weapon Law Violations,78240,2026-09-01
71051600338,2026-06-18,Weapon Law Violations,SOCIETY,SOUTH,Weapon Law Violations,78242,2026-09-01
60785230394,2024-11-11,Weapon Law Violations,SOCIETY,PRUE,Weapon Law Violations,78249,2026-09-01
65601132565,2025-08-26,Weapon Law Violations,SOCIETY,PRUE,Weapon Law Violations,78249,2026-09-01
67255255819,2025-11-08,Weapon Law Violations,SOCIETY,PRUE,Weapon Law Violations,78250,2026-09-01
60146551269,2024-10-21,Weapon Law Violations,SOCIETY,SOUTH,Weapon Law Violations,78252,2026-09-01
57493256663,2024-07-08,Weapon Law Violations,SOCIETY,PRUE,Weapon Law Violations,78256,2026-09-01
56549985275,2024-06-03,Weapon Law Violations,SOCIETY,PRUE,Weapon Law Violations,Out of Jurisdiction,2026-09-01
69167755712,2026-03-11,Weapon Law Violations,SOCIETY,CENTRAL,Weapon Law Violations,78201,2026-09-01
58576687566,2024-08-27,Weapon Law Violations,SOCIETY,EAST,Weapon Law Violations,78202,2026-09-01
47073619599,2023-03-21,Weapon Law Violations,SOCIETY,EAST,Weapon Law Violations,78203,2026-09-01
52239813764,2023-09-09,Weapon Law Violations,SOCIETY,EAST,Weapon Law Violations,78203,2026-09-01
55784026703,2024-05-02,Weapon Law Violations,SOCIETY,EAST,Weapon Law Violations,78203,2026-09-01
55836404111,2024-05-03,Weapon Law Violations,SOCIETY,EAST,Weapon Law Violations,78203,2026-09-01
67295092822,2025-11-10,Weapon Law Violations,SOCIETY,EAST,Weapon Law Violations,78203,2026-09-01
60992697750,2025-01-21,Weapon Law Violations,SOCIETY,SOUTH,Weapon Law Violations,78204,2026-09-01
63279124366,2025-03-22,Weapon Law Violations,SOCIETY,DOWNTOWN,Weapon Law Violations,78204,2026-09-01
68451357951,2026-02-07,Weapon Law Violations,SOCIETY,CENTRAL,Weapon Law Violations,78204,2026-09-01
71857007800,2026-07-26,Weapon Law Violations,SOCIETY,CENTRAL,Weapon Law Violations,78204,2026-09-01
51341987000,2023-07-09,Weapon Law Violations,SOCIETY,EAST,Weapon Law Violations,78205,2026-09-01
57975767157,2024-07-30,Weapon Law Violations,SOCIETY,DOWNTOWN,Weapon Law Violations,78205,2026-09-01
52776672542,2023-10-24,Weapon Law Violations,SOCIETY,CENTRAL,Weapon Law Violations,78207,2026-09-01
56411071270,2024-05-25,Weapon Law Violations,SOCIETY,CENTRAL,Weapon Law Violations,78207,2026-09-01
51365121231,2023-07-12,Weapon Law Violations,SOCIETY,EAST,Weapon Law Violations,78208,2026-09-01
56925989907,2024-06-20,Weapon Law Violations,SOCIETY,NORTH,Weapon Law Violations,78209,2026-09-01
49365601590,2023-05-08,Weapon Law Violations,SOCIETY,SOUTH,Weapon Law Violations,78210,2026-09-01
51462048840,2023-07-22,Weapon Law Violations,SOCIETY,SOUTH,Weapon Law Violations,78210,2026-09-01
64055524566,2025-05-20,Weapon Law Violations,SOCIETY,SOUTH,Weapon Law Violations,78210,2026-09-01
51450028749,2023-07-21,Weapon Law Violations,SOCIETY,SOUTH,Weapon Law Violations,78211,2026-09-01
63463375662,2025-04-04,Weapon Law Violations,SOCIETY,SOUTH,Weapon Law Violations,78211,2026-09-01
56631276903,2024-06-09,Weapon Law Violations,SOCIETY,CENTRAL,Weapon Law Violations,78212,2026-09-01
49212619173,2023-04-20,Weapon Law Violations,SOCIETY,CENTRAL,Weapon Law Violations,78213,2026-09-01
57614499749,2024-07-14,Weapon Law Violations,SOCIETY,CENTRAL,Weapon Law Violations,78213,2026-09-01
51307999062,2023-07-05,Weapon Law Violations,SOCIETY,SOUTH,Weapon Law Violations,78214,2026-09-01
56574056616,2024-06-04,Weapon Law Violations,SOCIETY,SOUTH,Weapon Law Violations,78214,2026-09-01
59516757008,2024-09-23,Weapon Law Violations,SOCIETY,SOUTH,Weapon Law Violations,78214,2026-09-01
59982127733,2024-10-09,Weapon Law Violations,SOCIETY,SOUTH,Weapon Law Violations,78214,2026-09-01
62809285935,2025-02-16,Weapon Law Violations,SOCIETY,DOWNTOWN,Weapon Law Violations,78215,2026-09-01
53541271129,2023-12-23,Weapon Law Violations,SOCIETY,NORTH,Weapon Law Violations,78216,2026-09-01
65451162613,2025-08-14,Weapon Law Violations,SOCIETY,NORTH,Weapon Law Violations,78216,2026-09-01
70807700919,2026-05-31,Weapon Law Violations,SOCIETY,NORTH,Weapon Law Violations,78216,2026-09-01
49013257310,2023-04-13,Weapon Law Violations,SOCIETY,EAST,Weapon Law Violations,78220,2026-09-01
49017241425,2023-04-13,Weapon Law Violations,SOCIETY,SOUTH,Weapon Law Violations,78221,2026-09-01
55965739516,2024-05-07,Weapon Law Violations,SOCIETY,SOUTH,Weapon Law Violations,78221,2026-09-01
51411478858,2023-07-17,Weapon Law Violations,SOCIETY,EAST,Weapon Law Violations,78222,2026-09-01
65067719194,2025-07-23,Weapon Law Violations,SOCIETY,EAST,Weapon Law Violations,78223,2026-09-01
51822397681,2023-08-13,Weapon Law Violations,SOCIETY,SOUTH,Weapon Law Violations,78224,2026-09-01
51941213273,2023-08-19,Weapon Law Violations,SOCIETY,SOUTH,Weapon Law Violations,78224,2026-09-01
52049641414,2023-08-29,Weapon Law Violations,SOCIETY,SOUTH,Weapon Law Violations,78224,2026-09-01
44619534845,2023-03-02,Weapon Law Violations,SOCIETY,SOUTH,Weapon Law Violations,78225,2026-09-01
49235373503,2023-04-23,Weapon Law Violations,SOCIETY,WEST,Weapon Law Violations,78227,2026-09-01
57981548172,2024-07-30,Weapon Law Violations,SOCIETY,WEST,Weapon Law Violations,78227,2026-09-01
67902808840,2025-12-22,Weapon Law Violations,SOCIETY,WEST,Weapon Law Violations,78227,2026-09-01
49309265093,2023-04-29,Weapon Law Violations,SOCIETY,WEST,Weapon Law Violations,78228,2026-09-01
53532772501,2023-12-22,Weapon Law Violations,SOCIETY,WEST,Weapon Law Violations,78228,2026-09-01
64421954033,2025-06-09,Weapon Law Violations,SOCIETY,WEST,Weapon Law Violations,78228,2026-09-01
64110771033,2025-05-24,Weapon Law Violations,SOCIETY,WEST,Weapon Law Violations,78229,2026-09-01
50096945607,2023-05-27,Weapon Law Violations,SOCIETY,PRUE,Weapon Law Violations,78230,2026-09-01
65960289323,2025-09-09,Weapon Law Violations,SOCIETY,NORTH,Weapon Law Violations,78232,2026-09-01
51026913909,2023-06-15,Weapon Law Violations,SOCIETY,NORTH,Weapon Law Violations,78233,2026-09-01
55077021495,2024-03-29,Weapon Law Violations,SOCIETY,WEST,Weapon Law Violations,78237,2026-09-01
62916017818,2025-02-25,Weapon Law Violations,SOCIETY,WEST,Weapon Law Violations,78237,2026-09-01
62974056671,2025-03-03,Weapon Law Violations,SOCIETY,CENTRAL,Weapon Law Violations,78237,2026-09-01
65645875933,2025-08-28,Weapon Law Violations,SOCIETY,WEST,Weapon Law Violations,78237,2026-09-01
58770752779,2024-09-06,Weapon Law Violations,SOCIETY,WEST,Weapon Law Violations,78238,2026-09-01
60227271855,2024-10-27,Weapon Law Violations,SOCIETY,WEST,Weapon Law Violations,78238,2026-09-01
52509749940,2023-10-04,Weapon Law Violations,SOCIETY,SOUTH,Weapon Law Violations,78242,2026-09-01
65009628265,2025-07-18,Weapon Law Violations,SOCIETY,SOUTH,Weapon Law Violations,78242,2026-09-01
49237382467,2023-04-23,Weapon Law Violations,SOCIETY,WEST,Weapon Law Violations,78245,2026-09-01
56583702929,2024-06-05,Weapon Law Violations,SOCIETY,WEST,Weapon Law Violations,78245,2026-09-01
62988059691,2025-03-04,Weapon Law Violations,SOCIETY,NORTH,Weapon Law Violations,78247,2026-09-01
59709676459,2024-09-29,Weapon Law Violations,SOCIETY,PRUE,Weapon Law Violations,78249,2026-09-01
65951651570,2025-09-09,Weapon Law Violations,SOCIETY,PRUE,Weapon Law Violations,78257,2026-09-01
40982363697,2023-01-20,Weapon Law Violations,SOCIETY,NORTH,Weapon Law Violations,78266,2026-09-01
61425914683,2024-12-07,Weapon Law Violations,SOCIETY,EAST,Weapon Law Violations,Out of Jurisdiction,2026-09-01
51048855002,2023-06-17,Weapon Law Violations,SOCIETY,WEST,Weapon Law Violations,78201,2026-09-01
62029898466,2024-12-27,Weapon Law Violations,SOCIETY,CENTRAL,Weapon Law Violations,78201,2026-09-01
66885919955,2025-10-27,Weapon Law Violations,SOCIETY,CENTRAL,Weapon Law Violations,78201,2026-09-01
70461036680,2026-05-14,Weapon Law Violations,SOCIETY,CENTRAL,Weapon Law Violations,78201,2026-09-01
50456973026,2023-05-31,Weapon Law Violations,SOCIETY,EAST,Weapon Law Violations,78202,2026-09-01
62059087853,2024-12-30,Weapon Law Violations,SOCIETY,EAST,Weapon Law Violations,78202,2026-09-01
51036494268,2023-06-16,Weapon Law Violations,SOCIETY,EAST,Weapon Law Violations,78203,2026-09-01
50097641809,2023-05-28,Weapon Law Violations,SOCIETY,CENTRAL,Weapon Law Violations,78204,2026-09-01
62029983543,2024-12-27,Weapon Law Violations,SOCIETY,DOWNTOWN,Weapon Law Violations,78205,2026-09-01
52903346781,2023-11-04,Weapon Law Violations,SOCIETY,CENTRAL,Weapon Law Violations,78207,2026-09-01
54136956355,2024-02-12,Weapon Law Violations,SOCIETY,CENTRAL,Weapon Law Violations,78207,2026-09-01
64194798837,2025-05-28,Weapon Law Violations,SOCIETY,CENTRAL,Weapon Law Violations,78207,2026-09-01
45834675154,2023-03-10,Weapon Law Violations,SOCIETY,SOUTH,Weapon Law Violations,78210,2026-09-01
62809821315,2025-02-16,Weapon Law Violations,SOCIETY,EAST,Weapon Law Violations,78210,2026-09-01
70830294826,2026-06-01,Weapon Law Violations,SOCIETY,EAST,Weapon Law Violations,78210,2026-09-01
41517581914,2023-02-06,Weapon Law Violations,SOCIETY,SOUTH,Weapon Law Violations,78211,2026-09-01
47829070616,2023-03-27,Weapon Law Violations,SOCIETY,SOUTH,Weapon Law Violations,78211,2026-09-01
51370639228,2023-07-12,Weapon Law Violations,SOCIETY,SOUTH,Weapon Law Violations,78211,2026-09-01
53521271370,2023-12-21,Weapon Law Violations,SOCIETY,SOUTH,Weapon Law Violations,78211,2026-09-01
57562463161,2024-07-12,Weapon Law Violations,SOCIETY,SOUTH,Weapon Law Violations,78211,2026-09-01
60159318334,2024-10-22,Weapon Law Violations,SOCIETY,CENTRAL,Weapon Law Violations,78213,2026-09-01
61991359385,2024-12-24,Weapon Law Violations,SOCIETY,NORTH,Weapon Law Violations,78213,2026-09-01
49007522528,2023-04-12,Weapon Law Violations,SOCIETY,SOUTH,Weapon Law Violations,78214,2026-09-01
71848516424,2026-07-25,Weapon Law Violations,SOCIETY,SOUTH,Weapon Law Violations,78214,2026-09-01
52239270244,2023-09-09,Weapon Law Violations,SOCIETY,NORTH,Weapon Law Violations,78216,2026-09-01
53567467929,2023-12-27,Weapon Law Violations,SOCIETY,NORTH,Weapon Law Violations,78217,2026-09-01
52310389054,2023-09-16,Weapon Law Violations,SOCIETY,EAST,Weapon Law Violations,78218,2026-09-01
61311662519,2024-11-30,Weapon Law Violations,SOCIETY,EAST,Weapon Law Violations,78218,2026-09-01
63117990906,2025-03-09,Weapon Law Violations,SOCIETY,EAST,Weapon Law Violations,78218,2026-09-01
52597128134,2023-10-16,Weapon Law Violations,SOCIETY,EAST,Weapon Law Violations,78220,2026-09-01
65258721897,2025-08-04,Weapon Law Violations,SOCIETY,EAST,Weapon Law Violations,78220,2026-09-01
50068080481,2023-05-24,Weapon Law Violations,SOCIETY,SOUTH,Weapon Law Violations,78221,2026-09-01
53973175742,2024-01-31,Weapon Law Violations,SOCIETY,EAST,Weapon Law Violations,78222,2026-09-01
69456604056,2026-03-30,Weapon Law Violations,SOCIETY,EAST,Weapon Law Violations,78222,2026-09-01
52502880713,2023-10-04,Weapon Law Violations,SOCIETY,SOUTH,Weapon Law Violations,78223,2026-09-01
60131964147,2024-10-19,Weapon Law Violations,SOCIETY,EAST,Weapon Law Violations,78223,2026-09-01
58479284231,2024-08-21,Weapon Law Violations,SOCIETY,SOUTH,Weapon Law Violations,78224,2026-09-01
71372570514,2026-07-05,Weapon Law Violations,SOCIETY,SOUTH,Weapon Law Violations,78224,2026-09-01
56489266121,2024-06-01,Weapon Law Violations,SOCIETY,WEST,Weapon Law Violations,78227,2026-09-01
67399784663,2025-11-17,Weapon Law Violations,SOCIETY,SOUTH,Weapon Law Violations,78227,2026-09-01
69854208539,2026-04-26,Weapon Law Violations,SOCIETY,SOUTH,Weapon Law Violations,78227,2026-09-01
67807561008,2025-12-15,Weapon Law Violations,SOCIETY,WEST,Weapon Law Violations,78228,2026-09-01
51144747806,2023-06-28,Weapon Law Violations,SOCIETY,PRUE,Weapon Law Violations,78229,2026-09-01
62416662644,2025-01-23,Weapon Law Violations,SOCIETY,PRUE,Weapon Law Violations,78229,2026-09-01
68162521461,2026-01-14,Weapon Law Violations,SOCIETY,PRUE,Weapon Law Violations,78229,2026-09-01
58606843857,2024-08-28,Weapon Law Violations,SOCIETY,NORTH,Weapon Law Violations,78233,2026-09-01
50999548237,2023-06-12,Weapon Law Violations,SOCIETY,WEST,Weapon Law Violations,78237,2026-09-01
58450323049,2024-08-18,Weapon Law Violations,SOCIETY,WEST,Weapon Law Violations,78237,2026-09-01
60399969237,2024-11-05,Weapon Law Violations,SOCIETY,WEST,Weapon Law Violations,78237,2026-09-01
62653000147,2025-02-06,Weapon Law Violations,SOCIETY,WEST,Weapon Law Violations,78237,2026-09-01
65047132652,2025-07-21,Weapon Law Violations,SOCIETY,WEST,Weapon Law Violations,78237,2026-09-01
65384278308,2025-08-09,Weapon Law Violations,SOCIETY,WEST,Weapon Law Violations,78237,2026-09-01
63063226566,2025-03-06,Weapon Law Violations,SOCIETY,WEST,Weapon Law Violations,78238,2026-09-01
64601081207,2025-06-21,Weapon Law Violations,SOCIETY,NORTH,Weapon Law Violations,78239,2026-09-01
62028740604,2024-12-27,Weapon Law Violations,SOCIETY,PRUE,Weapon Law Violations,78240,2026-09-01
55741847284,2024-04-30,Weapon Law Violations,SOCIETY,SOUTH,Weapon Law Violations,78242,2026-09-01
51485175223,2023-07-24,Weapon Law Violations,SOCIETY,PRUE,Weapon Law Violations,78249,2026-09-01
67364085606,2025-11-14,Weapon Law Violations,SOCIETY,WEST,Weapon Law Violations,78251,2026-09-01
68060006344,2026-01-05,Weapon Law Violations,SOCIETY,WEST,Weapon Law Violations,78251,2026-09-01
64971479379,2025-07-15,Weapon Law Violations,SOCIETY,PRUE,Weapon Law Violations,78257,2026-09-01
69570249911,2026-04-07,Weapon Law Violations,SOCIETY,WEST,Weapon Law Violations,78201,2026-09-01
68262336103,2026-01-21,Weapon Law Violations,SOCIETY,EAST,Weapon Law Violations,78202,2026-09-01
51486190888,2023-07-24,Weapon Law Violations,SOCIETY,CENTRAL,Weapon Law Violations,78204,2026-09-01
58005841699,2024-08-01,Weapon Law Violations,SOCIETY,DOWNTOWN,Weapon Law Violations,78205,2026-09-01
62963791476,2025-03-01,Weapon Law Violations,SOCIETY,DOWNTOWN,Weapon Law Violations,78205,2026-09-01
63695201007,2025-04-25,Weapon Law Violations,SOCIETY,DOWNTOWN,Weapon Law Violations,78205,2026-09-01
42478040603,2023-02-16,Weapon Law Violations,SOCIETY,CENTRAL,Weapon Law Violations,78207,2026-09-01
47174653833,2023-03-21,Weapon Law Violations,SOCIETY,CENTRAL,Weapon Law Violations,78207,2026-09-01
50790840086,2023-05-31,Weapon Law Violations,SOCIETY,CENTRAL,Weapon Law Violations,78207,2026-09-01
51027365105,2023-06-15,Weapon Law Violations,SOCIETY,CENTRAL,Weapon Law Violations,78207,2026-09-01
56446280738,2024-05-29,Weapon Law Violations,SOCIETY,CENTRAL,Weapon Law Violations,78207,2026-09-01
46868146221,2023-03-19,Weapon Law Violations,SOCIETY,NORTH,Weapon Law Violations,78209,2026-09-01
67242711088,2025-11-07,Weapon Law Violations,SOCIETY,NORTH,Weapon Law Violations,78209,2026-09-01
62210023149,2025-01-09,Weapon Law Violations,SOCIETY,SOUTH,Weapon Law Violations,78210,2026-09-01
64026320984,2025-05-18,Weapon Law Violations,SOCIETY,EAST,Weapon Law Violations,78210,2026-09-01
65609267536,2025-08-26,Weapon Law Violations,SOCIETY,EAST,Weapon Law Violations,78210,2026-09-01
47339175323,2023-03-23,Weapon Law Violations,SOCIETY,SOUTH,Weapon Law Violations,78211,2026-09-01
50933694541,2023-06-03,Weapon Law Violations,SOCIETY,SOUTH,Weapon Law Violations,78211,2026-09-01
60769710094,2024-11-09,Weapon Law Violations,SOCIETY,SOUTH,Weapon Law Violations,78211,2026-09-01
67442969843,2025-11-20,Weapon Law Violations,SOCIETY,DOWNTOWN,Weapon Law Violations,78212,2026-09-01
51290778341,2023-07-03,Weapon Law Violations,SOCIETY,CENTRAL,Weapon Law Violations,78213,2026-09-01
51449107025,2023-07-20,Weapon Law Violations,SOCIETY,NORTH,Weapon Law Violations,78213,2026-09-01
64565410062,2025-06-18,Weapon Law Violations,SOCIETY,PRUE,Weapon Law Violations,78213,2026-09-01
71838240433,2026-07-24,Weapon Law Violations,SOCIETY,SOUTH,Weapon Law Violations,78214,2026-09-01
46117705220,2023-03-11,Weapon Law Violations,SOCIETY,NORTH,Weapon Law Violations,78216,2026-09-01
53294542028,2023-12-04,Weapon Law Violations,SOCIETY,NORTH,Weapon Law Violations,78216,2026-09-01
59827606651,2024-10-02,Weapon Law Violations,SOCIETY,NORTH,Weapon Law Violations,78216,2026-09-01
62225514456,2025-01-10,Weapon Law Violations,SOCIETY,NORTH,Weapon Law Violations,78216,2026-09-01
62228184364,2025-01-11,Weapon Law Violations,SOCIETY,NORTH,Weapon Law Violations,78216,2026-09-01
64303551168,2025-06-03,Weapon Law Violations,SOCIETY,NORTH,Weapon Law Violations,78216,2026-09-01
67607602839,2025-11-30,Weapon Law Violations,SOCIETY,NORTH,Weapon Law Violations,78216,2026-09-01
71359433573,2026-07-04,Weapon Law Violations,SOCIETY,NORTH,Weapon Law Violations,78216,2026-09-01
56005509877,2024-05-09,Weapon Law Violations,SOCIETY,NORTH,Weapon Law Violations,78217,2026-09-01
65150250227,2025-07-27,Weapon Law Violations,SOCIETY,EAST,Weapon Law Violations,78218,2026-09-01
67553249896,2025-11-26,Weapon Law Violations,SOCIETY,EAST,Weapon Law Violations,78220,2026-09-01
64499700157,2025-06-13,Weapon Law Violations,SOCIETY,SOUTH,Weapon Law Violations,78221,2026-09-01
51059301841,2023-06-19,Weapon Law Violations,SOCIETY,SOUTH,Weapon Law Violations,78223,2026-09-01
65627240465,2025-08-27,Weapon Law Violations,SOCIETY,EAST,Weapon Law Violations,78223,2026-09-01
67388553755,2025-11-16,Weapon Law Violations,SOCIETY,EAST,Weapon Law Violations,78223,2026-09-01
67574274671,2025-11-27,Weapon Law Violations,SOCIETY,SOUTH,Weapon Law Violations,78223,2026-09-01
46662681152,2023-03-16,Weapon Law Violations,SOCIETY,SOUTH,Weapon Law Violations,78224,2026-09-01
49363175149,2023-05-07,Weapon Law Violations,SOCIETY,SOUTH,Weapon Law Violations,78224,2026-09-01
52893258094,2023-11-02,Weapon Law Violations,SOCIETY,SOUTH,Weapon Law Violations,78224,2026-09-01
53661651288,2024-01-06,Weapon Law Violations,SOCIETY,SOUTH,Weapon Law Violations,78224,2026-09-01
55100931101,2024-03-31,Weapon Law Violations,SOCIETY,SOUTH,Weapon Law Violations,78224,2026-09-01
62860944880,2025-02-21,Weapon Law Violations,SOCIETY,WEST,Weapon Law Violations,78227,2026-09-01
44440799444,2023-03-01,Weapon Law Violations,SOCIETY,WEST,Weapon Law Violations,78228,2026-09-01
59521746818,2024-09-23,Weapon Law Violations,SOCIETY,WEST,Weapon Law Violations,78228,2026-09-01
40612677999,2023-01-12,Weapon Law Violations,SOCIETY,PRUE,Weapon Law Violations,78229,2026-09-01
53776979098,2024-01-14,Weapon Law Violations,SOCIETY,PRUE,Weapon Law Violations,78229,2026-09-01
65668462422,2025-08-30,Weapon Law Violations,SOCIETY,PRUE,Weapon Law Violations,78229,2026-09-01
72007632042,2026-08-05,Weapon Law Violations,SOCIETY,PRUE,Weapon Law Violations,78229,2026-09-01
62019998177,2024-12-26,Weapon Law Violations,SOCIETY,PRUE,Weapon Law Violations,78230,2026-09-01
60989612092,2024-11-25,Weapon Law Violations,SOCIETY,NORTH,Weapon Law Violations,78232,2026-09-01
68002450435,2026-01-01,Weapon Law Violations,SOCIETY,NORTH,Weapon Law Violations,78233,2026-09-01
41266608310,2023-01-28,Weapon Law Violations,SOCIETY,WEST,Weapon Law Violations,78237,2026-09-01
61222417327,2024-11-30,Weapon Law Violations,SOCIETY,WEST,Weapon Law Violations,78237,2026-09-01
66855754377,2025-10-24,Weapon Law Violations,SOCIETY,WEST,Weapon Law Violations,78237,2026-09-01
67364660558,2025-11-15,Weapon Law Violations,SOCIETY,WEST,Weapon Law Violations,78237,2026-09-01
57884284728,2024-07-23,Weapon Law Violations,SOCIETY,WEST,Weapon Law Violations,78238,2026-09-01
62986547533,2025-03-04,Weapon Law Violations,SOCIETY,WEST,Weapon Law Violations,78238,2026-09-01
53618688184,2024-01-03,Weapon Law Violations,SOCIETY,SOUTH,Weapon Law Violations,78242,2026-09-01
59715349624,2024-09-30,Weapon Law Violations,SOCIETY,SOUTH,Weapon Law Violations,78242,2026-09-01
67205451237,2025-11-05,Weapon Law Violations,SOCIETY,WEST,Weapon Law Violations,78245,2026-09-01
57838794481,2024-07-21,Weapon Law Violations,SOCIETY,NORTH,Weapon Law Violations,78247,2026-09-01
43272854788,2023-02-24,Weapon Law Violations,SOCIETY,PRUE,Weapon Law Violations,78249,2026-09-01
54635581845,2024-03-09,Weapon Law Violations,SOCIETY,WEST,Weapon Law Violations,78251,2026-09-01
60134454151,2024-10-20,Weapon Law Violations,SOCIETY,WEST,Weapon Law Violations,78251,2026-09-01
51286217636,2023-07-02,Weapon Law Violations,SOCIETY,PRUE,Weapon Law Violations,78257,2026-09-01
51345338046,2023-07-09,Weapon Law Violations,SOCIETY,WEST,Weapon Law Violations,78201,2026-09-01
41263133400,2023-01-28,Weapon Law Violations,SOCIETY,CENTRAL,Weapon Law Violations,78205,2026-09-01
69321774861,2026-03-20,Weapon Law Violations,SOCIETY,DOWNTOWN,Weapon Law Violations,78205,2026-09-01
55715130047,2024-04-28,Weapon Law Violations,SOCIETY,CENTRAL,Weapon Law Violations,78207,2026-09-01
62559478136,2025-02-01,Weapon Law Violations,SOCIETY,SOUTH,Weapon Law Violations,78207,2026-09-01
62891608152,2025-02-23,Weapon Law Violations,SOCIETY,CENTRAL,Weapon Law Violations,78207,2026-09-01
50040756727,2023-05-21,Weapon Law Violations,SOCIETY,NORTH,Weapon Law Violations,78209,2026-09-01
55538072462,2024-04-17,Weapon Law Violations,SOCIETY,EAST,Weapon Law Violations,78210,2026-09-01
65595554283,2025-08-25,Weapon Law Violations,SOCIETY,SOUTH,Weapon Law Violations,78211,2026-09-01
66279801446,2025-09-28,Weapon Law Violations,SOCIETY,CENTRAL,Weapon Law Violations,78212,2026-09-01
66378171254,2025-10-06,Weapon Law Violations,SOCIETY,DOWNTOWN,Weapon Law Violations,78212,2026-09-01
66455369750,2025-10-09,Weapon Law Violations,SOCIETY,DOWNTOWN,Weapon Law Violations,78212,2026-09-01
51047752204,2023-06-17,Weapon Law Violations,SOCIETY,NORTH,Weapon Law Violations,78213,2026-09-01
54966803211,2024-03-23,Weapon Law Violations,SOCIETY,CENTRAL,Weapon Law Violations,78213,2026-09-01
54743260595,2024-03-15,Weapon Law Violations,SOCIETY,SOUTH,Weapon Law Violations,78214,2026-09-01
55028922545,2024-03-28,Weapon Law Violations,SOCIETY,SOUTH,Weapon Law Violations,78214,2026-09-01
41785653832,2023-02-10,Weapon Law Violations,SOCIETY,CENTRAL,Weapon Law Violations,78215,2026-09-01
52817016152,2023-10-27,Weapon Law Violations,SOCIETY,NORTH,Weapon Law Violations,78216,2026-09-01
53958586999,2024-01-30,Weapon Law Violations,SOCIETY,NORTH,Weapon Law Violations,78216,2026-09-01
55442610319,2024-04-13,Weapon Law Violations,SOCIETY,NORTH,Weapon Law Violations,78216,2026-09-01
56068653496,2024-05-14,Weapon Law Violations,SOCIETY,NORTH,Weapon Law Violations,78216,2026-09-01
65243823472,2025-08-03,Weapon Law Violations,SOCIETY,NORTH,Weapon Law Violations,78216,2026-09-01
54033549519,2024-02-04,Weapon Law Violations,SOCIETY,NORTH,Weapon Law Violations,78217,2026-09-01
69691773274,2026-04-15,Weapon Law Violations,SOCIETY,NORTH,Weapon Law Violations,78217,2026-09-01
71303900286,2026-07-03,Weapon Law Violations,SOCIETY,NORTH,Weapon Law Violations,78217,2026-09-01
60978830735,2024-11-24,Weapon Law Violations,SOCIETY,SOUTH,Weapon Law Violations,78221,2026-09-01
64914330826,2025-07-11,Weapon Law Violations,SOCIETY,SOUTH,Weapon Law Violations,78221,2026-09-01
51301956925,2023-07-04,Weapon Law Violations,SOCIETY,EAST,Weapon Law Violations,78222,2026-09-01
64838482575,2025-07-06,Weapon Law Violations,SOCIETY,SOUTH,Weapon Law Violations,78225,2026-09-01
62860358752,2025-02-20,Weapon Law Violations,SOCIETY,SOUTH,Weapon Law Violations,78226,2026-09-01
52388560972,2023-09-21,Weapon Law Violations,SOCIETY,WEST,Weapon Law Violations,78227,2026-09-01
53758567337,2024-01-13,Weapon Law Violations,SOCIETY,WEST,Weapon Law Violations,78227,2026-09-01
60968519698,2024-11-23,Weapon Law Violations,SOCIETY,WEST,Weapon Law Violations,78227,2026-09-01
64607639948,2025-06-22,Weapon Law Violations,SOCIETY,WEST,Weapon Law Violations,78227,2026-09-01
69281767077,2026-03-18,Weapon Law Violations,SOCIETY,WEST,Weapon Law Violations,78227,2026-09-01
50873383346,2023-06-02,Weapon Law Violations,SOCIETY,PRUE,Weapon Law Violations,78229,2026-09-01
55616679986,2024-04-21,Weapon Law Violations,SOCIETY,PRUE,Weapon Law Violations,78229,2026-09-01
65386475042,2025-08-09,Weapon Law Violations,SOCIETY,PRUE,Weapon Law Violations,78229,2026-09-01
67677810416,2025-12-05,Weapon Law Violations,SOCIETY,PRUE,Weapon Law Violations,78230,2026-09-01
68613699374,2026-02-19,Weapon Law Violations,SOCIETY,NORTH,Weapon Law Violations,78232,2026-09-01
52408577516,2023-09-23,Weapon Law Violations,SOCIETY,NORTH,Weapon Law Violations,78233,2026-09-01
41437987439,2023-02-03,Weapon Law Violations,SOCIETY,WEST,Weapon Law Violations,78237,2026-09-01
51440351336,2023-07-20,Weapon Law Violations,SOCIETY,WEST,Weapon Law Violations,78237,2026-09-01
54627462603,2024-03-08,Weapon Law Violations,SOCIETY,WEST,Weapon Law Violations,78237,2026-09-01
54751924582,2024-03-16,Weapon Law Violations,SOCIETY,WEST,Weapon Law Violations,78237,2026-09-01
57141233905,2024-06-25,Weapon Law Violations,SOCIETY,WEST,Weapon Law Violations,78237,2026-09-01
61403219573,2024-12-05,Weapon Law Violations,SOCIETY,WEST,Weapon Law Violations,78237,2026-09-01
63265730015,2025-03-21,Weapon Law Violations,SOCIETY,CENTRAL,Weapon Law Violations,78237,2026-09-01
65220133359,2025-08-01,Weapon Law Violations,SOCIETY,WEST,Weapon Law Violations,78237,2026-09-01
53137617578,2023-11-22,Weapon Law Violations,SOCIETY,WEST,Weapon Law Violations,78238,2026-09-01
51288481946,2023-07-03,Weapon Law Violations,SOCIETY,PRUE,Weapon Law Violations,78240,2026-09-01
55655504404,2024-04-23,Weapon Law Violations,SOCIETY,SOUTH,Weapon Law Violations,78242,2026-09-01
59531519489,2024-09-23,Weapon Law Violations,SOCIETY,SOUTH,Weapon Law Violations,78242,2026-09-01
52703440336,2023-10-21,Weapon Law Violations,SOCIETY,EAST,Weapon Law Violations,78244,2026-09-01
58924123510,2024-09-10,Weapon Law Violations,SOCIETY,WEST,Weapon Law Violations,78245,2026-09-01
60158016457,2024-10-21,Weapon Law Violations,SOCIETY,WEST,Weapon Law Violations,78245,2026-09-01
67676713188,2025-12-05,Weapon Law Violations,SOCIETY,WEST,Weapon Law Violations,78254,2026-09-01
63537924112,2025-04-11,Weapon Law Violations,SOCIETY,PRUE,Weapon Law Violations,78256,2026-09-01
51028621640,2023-06-16,Weapon Law Violations,SOCIETY,NORTH,Weapon Law Violations,78258,2026-09-01
55630165558,2024-04-22,Weapon Law Violations,SOCIETY,NORTH,Weapon Law Violations,78258,2026-09-01
51045932997,2023-06-17,Weapon Law Violations,SOCIETY,NORTH,Weapon Law Violations,78259,2026-09-01
54027476157,2024-02-04,Weapon Law Violations,SOCIETY,EAST,Weapon Law Violations,Out of Jurisdiction,2026-09-01
49702724057,2023-05-13,Weapon Law Violations,SOCIETY,CENTRAL,Weapon Law Violations,78201,2026-09-01
51695895454,2023-08-04,Weapon Law Violations,SOCIETY,CENTRAL,Weapon Law Violations,78201,2026-09-01
51910953700,2023-08-16,Weapon Law Violations,SOCIETY,WEST,Weapon Law Violations,78201,2026-09-01
55375232577,2024-04-11,Weapon Law Violations,SOCIETY,CENTRAL,Weapon Law Violations,78201,2026-09-01
57938677286,2024-07-27,Weapon Law Violations,SOCIETY,WEST,Weapon Law Violations,78201,2026-09-01
42700574634,2023-02-18,Weapon Law Violations,SOCIETY,EAST,Weapon Law Violations,78202,2026-09-01
67800184290,2025-12-14,Weapon Law Violations,SOCIETY,DOWNTOWN,Weapon Law Violations,78205,2026-09-01
51414911428,2023-07-18,Weapon Law Violations,SOCIETY,CENTRAL,Weapon Law Violations,78207,2026-09-01
52399935203,2023-09-22,Weapon Law Violations,SOCIETY,CENTRAL,Weapon Law Violations,78207,2026-09-01
54706489310,2024-03-13,Weapon Law Violations,SOCIETY,CENTRAL,Weapon Law Violations,78207,2026-09-01
67295118642,2025-11-10,Weapon Law Violations,SOCIETY,CENTRAL,Weapon Law Violations,78207,2026-09-01
69599805877,2026-04-09,Weapon Law Violations,SOCIETY,CENTRAL,Weapon Law Violations,78207,2026-09-01
72193397261,2026-08-13,Weapon Law Violations,SOCIETY,CENTRAL,Weapon Law Violations,78207,2026-09-01
60935333831,2024-11-20,Weapon Law Violations,SOCIETY,NORTH,Weapon Law Violations,78209,2026-09-01
63790272209,2025-05-03,Weapon Law Violations,SOCIETY,NORTH,Weapon Law Violations,78209,2026-09-01
65045998783,2025-07-21,Weapon Law Violations,SOCIETY,DOWNTOWN,Weapon Law Violations,78210,2026-09-01
67148743079,2025-11-01,Weapon Law Violations,SOCIETY,DOWNTOWN,Weapon Law Violations,78210,2026-09-01
70821243695,2026-06-01,Weapon Law Violations,SOCIETY,EAST,Weapon Law Violations,78210,2026-09-01
40936715993,2023-01-19,Weapon Law Violations,SOCIETY,SOUTH,Weapon Law Violations,78211,2026-09-01
47828794274,2023-03-27,Weapon Law Violations,SOCIETY,SOUTH,Weapon Law Violations,78211,2026-09-01
49369741940,2023-05-08,Weapon Law Violations,SOCIETY,SOUTH,Weapon Law Violations,78211,2026-09-01
51368997449,2023-07-12,Weapon Law Violations,SOCIETY,SOUTH,Weapon Law Violations,78211,2026-09-01
61374704616,2024-12-02,Weapon Law Violations,SOCIETY,SOUTH,Weapon Law Violations,78211,2026-09-01
69787644532,2026-04-22,Weapon Law Violations,SOCIETY,DOWNTOWN,Weapon Law Violations,78212,2026-09-01
67766025893,2025-12-22,Weapon Law Violations,SOCIETY,CENTRAL,Weapon Law Violations,78213,2026-09-01
68226795253,2026-01-18,Weapon Law Violations,SOCIETY,DOWNTOWN,Weapon Law Violations,78215,2026-09-01
68448612746,2026-02-06,Weapon Law Violations,SOCIETY,DOWNTOWN,Weapon Law Violations,78215,2026-09-01
51343864228,2023-07-09,Weapon Law Violations,SOCIETY,NORTH,Weapon Law Violations,78216,2026-09-01
53835224679,2024-01-19,Weapon Law Violations,SOCIETY,NORTH,Weapon Law Violations,78216,2026-09-01
54628641921,2024-03-08,Weapon Law Violations,SOCIETY,NORTH,Weapon Law Violations,78216,2026-09-01
57816173418,2024-07-20,Weapon Law Violations,SOCIETY,NORTH,Weapon Law Violations,78216,2026-09-01
60294141282,2024-10-30,Weapon Law Violations,SOCIETY,NORTH,Weapon Law Violations,78216,2026-09-01
56663112853,2024-06-10,Weapon Law Violations,SOCIETY,NORTH,Weapon Law Violations,78217,2026-09-01
71731686839,2026-07-19,Weapon Law Violations,SOCIETY,EAST,Weapon Law Violations,78218,2026-09-01
55655251634,2024-04-23,Weapon Law Violations,SOCIETY,EAST,Weapon Law Violations,78220,2026-09-01
56758914073,2024-06-11,Weapon Law Violations,SOCIETY,EAST,Weapon Law Violations,78220,2026-09-01
49232533437,2023-04-22,Weapon Law Violations,SOCIETY,SOUTH,Weapon Law Violations,78221,2026-09-01
64286559859,2025-06-02,Weapon Law Violations,SOCIETY,SOUTH,Weapon Law Violations,78221,2026-09-01
51465450756,2023-07-22,Weapon Law Violations,SOCIETY,EAST,Weapon Law Violations,78222,2026-09-01
68202424896,2026-01-16,Weapon Law Violations,SOCIETY,SOUTH,Weapon Law Violations,78223,2026-09-01
51048828356,2023-06-17,Weapon Law Violations,SOCIETY,SOUTH,Weapon Law Violations,78224,2026-09-01
53370139574,2023-12-10,Weapon Law Violations,SOCIETY,SOUTH,Weapon Law Violations,78224,2026-09-01
70951806729,2026-06-10,Weapon Law Violations,SOCIETY,SOUTH,Weapon Law Violations,78224,2026-09-01
49354595692,2023-05-06,Weapon Law Violations,SOCIETY,SOUTH,Weapon Law Violations,78226,2026-09-01
51554846821,2023-07-31,Weapon Law Violations,SOCIETY,SOUTH,Weapon Law Violations,78227,2026-09-01
52312747046,2023-09-17,Weapon Law Violations,SOCIETY,WEST,Weapon Law Violations,78227,2026-09-01
70565383470,2026-05-21,Weapon Law Violations,SOCIETY,WEST,Weapon Law Violations,78227,2026-09-01
47390881931,2023-03-23,Weapon Law Violations,SOCIETY,PRUE,Weapon Law Violations,78230,2026-09-01
52510698151,2023-10-05,Weapon Law Violations,SOCIETY,PRUE,Weapon Law Violations,78230,2026-09-01
53551296568,2023-12-25,Weapon Law Violations,SOCIETY,PRUE,Weapon Law Violations,78230,2026-09-01
57203742465,2024-06-29,Weapon Law Violations,SOCIETY,CENTRAL,Weapon Law Violations,78230,2026-09-01
71417267894,2026-07-06,Weapon Law Violations,SOCIETY,PRUE,Weapon Law Violations,78230,2026-09-01
43602404703,2023-02-26,Weapon Law Violations,SOCIETY,WEST,Weapon Law Violations,78237,2026-09-01
56350495006,2024-05-23,Weapon Law Violations,SOCIETY,WEST,Weapon Law Violations,78237,2026-09-01
60372153204,2024-11-03,Weapon Law Violations,SOCIETY,WEST,Weapon Law Violations,78237,2026-09-01
62660725885,2025-02-07,Weapon Law Violations,SOCIETY,WEST,Weapon Law Violations,78237,2026-09-01
64062984438,2025-05-21,Weapon Law Violations,SOCIETY,WEST,Weapon Law Violations,78237,2026-09-01
51478091167,2023-07-24,Weapon Law Violations,SOCIETY,WEST,Weapon Law Violations,78238,2026-09-01
58244555692,2024-08-08,Weapon Law Violations,SOCIETY,WEST,Weapon Law Violations,78238,2026-09-01
51048761461,2023-06-17,Weapon Law Violations,SOCIETY,SOUTH,Weapon Law Violations,78242,2026-09-01
68572979068,2026-02-15,Weapon Law Violations,SOCIETY,PRUE,Weapon Law Violations,78249,2026-09-01
51339788421,2023-07-08,Weapon Law Violations,SOCIETY,WEST,Weapon Law Violations,78251,2026-09-01
68038505753,2026-01-04,Weapon Law Violations,SOCIETY,WEST,Weapon Law Violations,78251,2026-09-01
51792542341,2023-08-11,Weapon Law Violations,SOCIETY,CENTRAL,Weapon Law Violations,78201,2026-09-01
54641503179,2024-03-09,Weapon Law Violations,SOCIETY,CENTRAL,Weapon Law Violations,78201,2026-09-01
62437753528,2025-01-25,Weapon Law Violations,SOCIETY,CENTRAL,Weapon Law Violations,78201,2026-09-01
70345760126,2026-05-08,Weapon Law Violations,SOCIETY,CENTRAL,Weapon Law Violations,78201,2026-09-01
44963708298,2023-03-05,Weapon Law Violations,SOCIETY,EAST,Weapon Law Violations,78202,2026-09-01
45592211580,2023-03-09,Weapon Law Violations,SOCIETY,CENTRAL,Weapon Law Violations,78207,2026-09-01
48986836602,2023-04-09,Weapon Law Violations,SOCIETY,CENTRAL,Weapon Law Violations,78207,2026-09-01
51069391638,2023-06-20,Weapon Law Violations,SOCIETY,CENTRAL,Weapon Law Violations,78207,2026-09-01
51807525429,2023-08-12,Weapon Law Violations,SOCIETY,CENTRAL,Weapon Law Violations,78207,2026-09-01
52321272560,2023-09-18,Weapon Law Violations,SOCIETY,CENTRAL,Weapon Law Violations,78207,2026-09-01
52441823600,2023-09-26,Weapon Law Violations,SOCIETY,CENTRAL,Weapon Law Violations,78207,2026-09-01
58927202602,2024-09-11,Weapon Law Violations,SOCIETY,CENTRAL,Weapon Law Violations,78207,2026-09-01
62492734205,2025-01-28,Weapon Law Violations,SOCIETY,CENTRAL,Weapon Law Violations,78207,2026-09-01
70816229575,2026-05-31,Weapon Law Violations,SOCIETY,DOWNTOWN,Weapon Law Violations,78209,2026-09-01
54510675687,2024-02-28,Weapon Law Violations,SOCIETY,EAST,Weapon Law Violations,78210,2026-09-01
59620012443,2024-09-25,Weapon Law Violations,SOCIETY,SOUTH,Weapon Law Violations,78210,2026-09-01
63978765938,2025-05-15,Weapon Law Violations,SOCIETY,DOWNTOWN,Weapon Law Violations,78210,2026-09-01
69292119499,2026-03-19,Weapon Law Violations,SOCIETY,EAST,Weapon Law Violations,78210,2026-09-01
65482042268,2025-08-16,Weapon Law Violations,SOCIETY,SOUTH,Weapon Law Violations,78211,2026-09-01
68491785908,2026-02-10,Weapon Law Violations,SOCIETY,SOUTH,Weapon Law Violations,78211,2026-09-01
69803237414,2026-04-23,Weapon Law Violations,SOCIETY,SOUTH,Weapon Law Violations,78211,2026-09-01
63125062350,2025-03-10,Weapon Law Violations,SOCIETY,CENTRAL,Weapon Law Violations,78213,2026-09-01
41049045833,2023-01-22,Weapon Law Violations,SOCIETY,SOUTH,Weapon Law Violations,78214,2026-09-01
55507147131,2024-04-17,Weapon Law Violations,SOCIETY,SOUTH,Weapon Law Violations,78214,2026-09-01
63140077378,2025-03-11,Weapon Law Violations,SOCIETY,SOUTH,Weapon Law Violations,78214,2026-09-01
69166644990,2026-03-10,Weapon Law Violations,SOCIETY,SOUTH,Weapon Law Violations,78214,2026-09-01
71239028101,2026-07-01,Weapon Law Violations,SOCIETY,DOWNTOWN,Weapon Law Violations,78215,2026-09-01
52537145086,2023-10-08,Weapon Law Violations,SOCIETY,NORTH,Weapon Law Violations,78216,2026-09-01
52625052674,2023-10-18,Weapon Law Violations,SOCIETY,NORTH,Weapon Law Violations,78216,2026-09-01
54648150368,2024-03-10,Weapon Law Violations,SOCIETY,NORTH,Weapon Law Violations,78216,2026-09-01
55609524657,2024-04-20,Weapon Law Violations,SOCIETY,NORTH,Weapon Law Violations,78216,2026-09-01
58460504466,2024-08-19,Weapon Law Violations,SOCIETY,NORTH,Weapon Law Violations,78216,2026-09-01
63180463888,2025-03-14,Weapon Law Violations,SOCIETY,NORTH,Weapon Law Violations,78216,2026-09-01
64612221947,2025-06-22,Weapon Law Violations,SOCIETY,NORTH,Weapon Law Violations,78216,2026-09-01
57738268913,2024-07-18,Weapon Law Violations,SOCIETY,NORTH,Weapon Law Violations,78217,2026-09-01
68401937394,2026-02-03,Weapon Law Violations,SOCIETY,EAST,Weapon Law Violations,78218,2026-09-01
59093149063,2024-09-13,Weapon Law Violations,SOCIETY,EAST,Weapon Law Violations,78219,2026-09-01
63258640744,2025-03-20,Weapon Law Violations,SOCIETY,EAST,Weapon Law Violations,78220,2026-09-01
65461921619,2025-08-14,Weapon Law Violations,SOCIETY,EAST,Weapon Law Violations,78220,2026-09-01
65231234156,2025-08-01,Weapon Law Violations,SOCIETY,SOUTH,Weapon Law Violations,78221,2026-09-01
68363233060,2026-01-31,Weapon Law Violations,SOCIETY,SOUTH,Weapon Law Violations,78221,2026-09-01
71397713484,2026-07-05,Weapon Law Violations,SOCIETY,SOUTH,Weapon Law Violations,78221,2026-09-01
54154507504,2024-02-13,Weapon Law Violations,SOCIETY,EAST,Weapon Law Violations,78223,2026-09-01
54974439551,2024-03-23,Weapon Law Violations,SOCIETY,SOUTH,Weapon Law Violations,78223,2026-09-01
51484896791,2023-07-24,Weapon Law Violations,SOCIETY,SOUTH,Weapon Law Violations,78224,2026-09-01
64620801996,2025-06-22,Weapon Law Violations,SOCIETY,SOUTH,Weapon Law Violations,78224,2026-09-01
67589189201,2025-11-28,Weapon Law Violations,SOCIETY,SOUTH,Weapon Law Violations,78224,2026-09-01
63925243911,2025-05-10,Weapon Law Violations,SOCIETY,SOUTH,Weapon Law Violations,78225,2026-09-01
69800354685,2026-04-22,Weapon Law Violations,SOCIETY,SOUTH,Weapon Law Violations,78225,2026-09-01
62015283977,2024-12-26,Weapon Law Violations,SOCIETY,WEST,Weapon Law Violations,78227,2026-09-01
67640085706,2025-12-03,Weapon Law Violations,SOCIETY,WEST,Weapon Law Violations,78227,2026-09-01
67997895368,2025-12-31,Weapon Law Violations,SOCIETY,WEST,Weapon Law Violations,78227,2026-09-01
51539487371,2023-07-29,Weapon Law Violations,SOCIETY,WEST,Weapon Law Violations,78228,2026-09-01
52226733811,2023-09-08,Weapon Law Violations,SOCIETY,WEST,Weapon Law Violations,78228,2026-09-01
55429317865,2024-04-12,Weapon Law Violations,SOCIETY,WEST,Weapon Law Violations,78228,2026-09-01
59507692431,2024-09-22,Weapon Law Violations,SOCIETY,WEST,Weapon Law Violations,78228,2026-09-01
65479077398,2025-08-16,Weapon Law Violations,SOCIETY,WEST,Weapon Law Violations,78228,2026-09-01
71713480160,2026-07-17,Weapon Law Violations,SOCIETY,WEST,Weapon Law Violations,78228,2026-09-01
58882302703,2024-09-09,Weapon Law Violations,SOCIETY,PRUE,Weapon Law Violations,78229,2026-09-01
67165145075,2025-11-02,Weapon Law Violations,SOCIETY,PRUE,Weapon Law Violations,78229,2026-09-01
59169420250,2024-09-13,Weapon Law Violations,SOCIETY,NORTH,Weapon Law Violations,78232,2026-09-01
61399912332,2024-12-04,Weapon Law Violations,SOCIETY,NORTH,Weapon Law Violations,78232,2026-09-01
44132194931,2023-02-28,Weapon Law Violations,SOCIETY,SOUTH,Weapon Law Violations,78236,2026-09-01
51018546723,2023-06-14,Weapon Law Violations,SOCIETY,WEST,Weapon Law Violations,78238,2026-09-01
49219670518,2023-04-21,Weapon Law Violations,SOCIETY,SOUTH,Weapon Law Violations,78242,2026-09-01
53319409509,2023-12-06,Weapon Law Violations,SOCIETY,SOUTH,Weapon Law Violations,78242,2026-09-01
62838814324,2025-02-19,Weapon Law Violations,SOCIETY,NORTH,Weapon Law Violations,78247,2026-09-01
64382719607,2025-06-08,Weapon Law Violations,SOCIETY,NORTH,Weapon Law Violations,78247,2026-09-01
67883773988,2025-12-20,Weapon Law Violations,SOCIETY,NORTH,Weapon Law Violations,78247,2026-09-01
51326932353,2023-07-07,Weapon Law Violations,SOCIETY,PRUE,Weapon Law Violations,78250,2026-09-01
51301976535,2023-07-04,Weapon Law Violations,SOCIETY,WEST,Weapon Law Violations,78253,2026-09-01
60057591408,2024-10-15,Weapon Law Violations,SOCIETY,NORTH,Weapon Law Violations,78259,2026-09-01
65345502337,2025-08-06,Weapon Law Violations,SOCIETY,PRUE,Weapon Law Violations,Out of Jurisdiction,2026-09-01
55659309896,2024-04-24,Weapon Law Violations,SOCIETY,CENTRAL,Weapon Law Violations,78201,2026-09-01
53756314627,2024-01-13,Weapon Law Violations,SOCIETY,EAST,Weapon Law Violations,78202,2026-09-01
64308036792,2025-06-03,Weapon Law Violations,SOCIETY,EAST,Weapon Law Violations,78202,2026-09-01
59987992379,2024-10-10,Weapon Law Violations,SOCIETY,EAST,Weapon Law Violations,78203,2026-09-01
57986216666,2024-07-31,Weapon Law Violations,SOCIETY,CENTRAL,Weapon Law Violations,78204,2026-09-01
50932779570,2023-06-03,Weapon Law Violations,SOCIETY,CENTRAL,Weapon Law Violations,78207,2026-09-01
56878576263,2024-06-16,Weapon Law Violations,SOCIETY,CENTRAL,Weapon Law Violations,78207,2026-09-01
62891439818,2025-02-23,Weapon Law Violations,SOCIETY,CENTRAL,Weapon Law Violations,78207,2026-09-01
72007829250,2026-08-05,Weapon Law Violations,SOCIETY,CENTRAL,Weapon Law Violations,78207,2026-09-01
59597700398,2024-09-25,Weapon Law Violations,SOCIETY,DOWNTOWN,Weapon Law Violations,78210,2026-09-01
49202750897,2023-04-20,Weapon Law Violations,SOCIETY,SOUTH,Weapon Law Violations,78211,2026-09-01
51424085644,2023-07-18,Weapon Law Violations,SOCIETY,SOUTH,Weapon Law Violations,78211,2026-09-01
71071201622,2026-06-19,Weapon Law Violations,SOCIETY,SOUTH,Weapon Law Violations,78211,2026-09-01
51830122867,2023-08-14,Weapon Law Violations,SOCIETY,SOUTH,Weapon Law Violations,78214,2026-09-01
61998987150,2024-12-24,Weapon Law Violations,SOCIETY,SOUTH,Weapon Law Violations,78214,2026-09-01
67605439669,2025-11-30,Weapon Law Violations,SOCIETY,SOUTH,Weapon Law Violations,78214,2026-09-01
46543194311,2023-03-15,Weapon Law Violations,SOCIETY,CENTRAL,Weapon Law Violations,78216,2026-09-01
49010965020,2023-04-12,Weapon Law Violations,SOCIETY,NORTH,Weapon Law Violations,78216,2026-09-01
54628779409,2024-03-08,Weapon Law Violations,SOCIETY,NORTH,Weapon Law Violations,78216,2026-09-01
62038057662,2024-12-28,Weapon Law Violations,SOCIETY,NORTH,Weapon Law Violations,78216,2026-09-01
67112832274,2025-10-31,Weapon Law Violations,SOCIETY,NORTH,Weapon Law Violations,78216,2026-09-01
39330319546,2023-01-01,Weapon Law Violations,SOCIETY,NORTH,Weapon Law Violations,78217,2026-09-01
41954875657,2023-02-11,Weapon Law Violations,SOCIETY,NORTH,Weapon Law Violations,78217,2026-09-01
40013724582,2023-01-07,Weapon Law Violations,SOCIETY,EAST,Weapon Law Violations,78220,2026-09-01
46865090460,2023-03-18,Weapon Law Violations,SOCIETY,EAST,Weapon Law Violations,78220,2026-09-01
63099664448,2025-03-08,Weapon Law Violations,SOCIETY,SOUTH,Weapon Law Violations,78221,2026-09-01
64964072394,2025-07-14,Weapon Law Violations,SOCIETY,SOUTH,Weapon Law Violations,78221,2026-09-01
51023455312,2023-06-15,Weapon Law Violations,SOCIETY,EAST,Weapon Law Violations,78222,2026-09-01
56583161043,2024-06-05,Weapon Law Violations,SOCIETY,EAST,Weapon Law Violations,78223,2026-09-01
65669783932,2025-08-31,Weapon Law Violations,SOCIETY,SOUTH,Weapon Law Violations,78223,2026-09-01
64451813686,2025-06-10,Weapon Law Violations,SOCIETY,SOUTH,Weapon Law Violations,78224,2026-09-01
70579640748,2026-05-21,Weapon Law Violations,SOCIETY,SOUTH,Weapon Law Violations,78224,2026-09-01
72180241911,2026-08-12,Weapon Law Violations,SOCIETY,SOUTH,Weapon Law Violations,78225,2026-09-01
42073708533,2023-02-12,Weapon Law Violations,SOCIETY,WEST,Weapon Law Violations,78227,2026-09-01
49246294432,2023-04-25,Weapon Law Violations,SOCIETY,SOUTH,Weapon Law Violations,78227,2026-09-01
58709301478,2024-09-04,Weapon Law Violations,SOCIETY,SOUTH,Weapon Law Violations,78227,2026-09-01
50450531008,2023-06-03,Weapon Law Violations,SOCIETY,WEST,Weapon Law Violations,78228,2026-09-01
52091855277,2023-09-01,Weapon Law Violations,SOCIETY,WEST,Weapon Law Violations,78228,2026-09-01
64379795281,2025-06-07,Weapon Law Violations,SOCIETY,WEST,Weapon Law Violations,78228,2026-09-01
51167353241,2023-06-30,Weapon Law Violations,SOCIETY,PRUE,Weapon Law Violations,78229,2026-09-01
59503432208,2024-09-21,Weapon Law Violations,SOCIETY,PRUE,Weapon Law Violations,78229,2026-09-01
62024614452,2024-12-27,Weapon Law Violations,SOCIETY,PRUE,Weapon Law Violations,78229,2026-09-01
56089592716,2024-05-15,Weapon Law Violations,SOCIETY,PRUE,Weapon Law Violations,78230,2026-09-01
70047828392,2026-04-30,Weapon Law Violations,SOCIETY,NORTH,Weapon Law Violations,78232,2026-09-01
49020635878,2023-04-14,Weapon Law Violations,SOCIETY,WEST,Weapon Law Violations,78237,2026-09-01
50983118955,2023-06-10,Weapon Law Violations,SOCIETY,WEST,Weapon Law Violations,78237,2026-09-01
52181927171,2023-09-03,Weapon Law Violations,SOCIETY,SOUTH,Weapon Law Violations,78237,2026-09-01
60380994007,2024-11-04,Weapon Law Violations,SOCIETY,WEST,Weapon Law Violations,78237,2026-09-01
67589199080,2025-11-28,Weapon Law Violations,SOCIETY,WEST,Weapon Law Violations,78237,2026-09-01
69343477837,2026-03-22,Weapon Law Violations,SOCIETY,WEST,Weapon Law Violations,78237,2026-09-01
71892695170,2026-07-28,Weapon Law Violations,SOCIETY,WEST,Weapon Law Violations,78238,2026-09-01
62959938016,2025-03-01,Weapon Law Violations,SOCIETY,SOUTH,Weapon Law Violations,78242,2026-09-01
68336101515,2026-01-28,Weapon Law Violations,SOCIETY,SOUTH,Weapon Law Violations,78242,2026-09-01
68531622982,2026-02-12,Weapon Law Violations,SOCIETY,SOUTH,Weapon Law Violations,78242,2026-09-01
63324195613,2025-03-25,Weapon Law Violations,SOCIETY,WEST,Weapon Law Violations,78245,2026-09-01
52777818667,2023-10-24,Weapon Law Violations,SOCIETY,NORTH,Weapon Law Violations,78247,2026-09-01
50994978290,2023-06-12,Weapon Law Violations,SOCIETY,PRUE,Weapon Law Violations,78249,2026-09-01
51488512695,2023-07-25,Weapon Law Violations,SOCIETY,PRUE,Weapon Law Violations,78249,2026-09-01
53926878490,2024-01-27,Weapon Law Violations,SOCIETY,PRUE,Weapon Law Violations,78249,2026-09-01
62276959820,2025-01-15,Weapon Law Violations,SOCIETY,PRUE,Weapon Law Violations,78250,2026-09-01
65392932549,2025-08-10,Weapon Law Violations,SOCIETY,WEST,Weapon Law Violations,78251,2026-09-01
72477013574,2026-08-28,Weapon Law Violations,SOCIETY,NORTH,Weapon Law Violations,78258,2026-09-01
48425803390,2023-04-01,Weapon Law Violations,SOCIETY,CENTRAL,Weapon Law Violations,Out of Jurisdiction,2026-09-01
39419670179,2023-01-03,Weapon Law Violations,SOCIETY,CENTRAL,Weapon Law Violations,78204,2026-09-01
48858960026,2023-04-05,Weapon Law Violations,SOCIETY,CENTRAL,Weapon Law Violations,78204,2026-09-01
63644613270,2025-04-21,Weapon Law Violations,SOCIETY,DOWNTOWN,Weapon Law Violations,78204,2026-09-01
51390879816,2023-07-15,Weapon Law Violations,SOCIETY,CENTRAL,Weapon Law Violations,78205,2026-09-01
52447856828,2023-09-26,Weapon Law Violations,SOCIETY,CENTRAL,Weapon Law Violations,78207,2026-09-01
58574626479,2024-08-27,Weapon Law Violations,SOCIETY,DOWNTOWN,Weapon Law Violations,78207,2026-09-01
67624711610,2025-12-01,Weapon Law Violations,SOCIETY,CENTRAL,Weapon Law Violations,78207,2026-09-01
67762179050,2025-12-11,Weapon Law Violations,SOCIETY,EAST,Weapon Law Violations,78210,2026-09-01
57210361910,2024-06-30,Weapon Law Violations,SOCIETY,SOUTH,Weapon Law Violations,78211,2026-09-01
47062310337,2023-03-20,Weapon Law Violations,SOCIETY,CENTRAL,Weapon Law Violations,78212,2026-09-01
49309722787,2023-04-29,Weapon Law Violations,SOCIETY,CENTRAL,Weapon Law Violations,78212,2026-09-01
54077044478,2024-02-07,Weapon Law Violations,SOCIETY,CENTRAL,Weapon Law Violations,78212,2026-09-01
49770977978,2023-05-15,Weapon Law Violations,SOCIETY,SOUTH,Weapon Law Violations,78214,2026-09-01
55737969464,2024-04-30,Weapon Law Violations,SOCIETY,SOUTH,Weapon Law Violations,78214,2026-09-01
63005523502,2025-03-04,Weapon Law Violations,SOCIETY,SOUTH,Weapon Law Violations,78214,2026-09-01
69576267965,2026-04-07,Weapon Law Violations,SOCIETY,SOUTH,Weapon Law Violations,78214,2026-09-01
49233639786,2023-04-22,Weapon Law Violations,SOCIETY,NORTH,Weapon Law Violations,78216,2026-09-01
64649256322,2025-06-23,Weapon Law Violations,SOCIETY,NORTH,Weapon Law Violations,78216,2026-09-01
58413919655,2024-08-15,Weapon Law Violations,SOCIETY,NORTH,Weapon Law Violations,78217,2026-09-01
51052056746,2023-06-18,Weapon Law Violations,SOCIETY,EAST,Weapon Law Violations,78218,2026-09-01
51073468017,2023-06-21,Weapon Law Violations,SOCIETY,EAST,Weapon Law Violations,78218,2026-09-01
53311867762,2023-12-06,Weapon Law Violations,SOCIETY,NORTH,Weapon Law Violations,78218,2026-09-01
66123791307,2025-09-19,Weapon Law Violations,SOCIETY,EAST,Weapon Law Violations,78220,2026-09-01
50113064370,2023-05-30,Weapon Law Violations,SOCIETY,SOUTH,Weapon Law Violations,78221,2026-09-01
52019038736,2023-08-26,Weapon Law Violations,SOCIETY,SOUTH,Weapon Law Violations,78221,2026-09-01
67534749922,2025-11-25,Weapon Law Violations,SOCIETY,SOUTH,Weapon Law Violations,78221,2026-09-01
64784726697,2025-07-02,Weapon Law Violations,SOCIETY,EAST,Weapon Law Violations,78223,2026-09-01
68355734902,2026-01-30,Weapon Law Violations,SOCIETY,EAST,Weapon Law Violations,78223,2026-09-01
65807656356,2025-09-07,Weapon Law Violations,SOCIETY,SOUTH,Weapon Law Violations,78224,2026-09-01
45579404483,2023-03-09,Weapon Law Violations,SOCIETY,WEST,Weapon Law Violations,78227,2026-09-01
49226372796,2023-04-21,Weapon Law Violations,SOCIETY,WEST,Weapon Law Violations,78227,2026-09-01
51071950160,2023-06-21,Weapon Law Violations,SOCIETY,WEST,Weapon Law Violations,78227,2026-09-01
55096613279,2024-03-31,Weapon Law Violations,SOCIETY,WEST,Weapon Law Violations,78227,2026-09-01
58423645815,2024-08-16,Weapon Law Violations,SOCIETY,WEST,Weapon Law Violations,78227,2026-09-01
63076047631,2025-03-07,Weapon Law Violations,SOCIETY,WEST,Weapon Law Violations,78227,2026-09-01
69143881365,2026-03-09,Weapon Law Violations,SOCIETY,WEST,Weapon Law Violations,78227,2026-09-01
47505099901,2023-03-24,Weapon Law Violations,SOCIETY,WEST,Weapon Law Violations,78228,2026-09-01
51003225876,2023-06-13,Weapon Law Violations,SOCIETY,WEST,Weapon Law Violations,78228,2026-09-01
60979228546,2024-11-25,Weapon Law Violations,SOCIETY,WEST,Weapon Law Violations,78228,2026-09-01
71465650096,2026-07-07,Weapon Law Violations,SOCIETY,WEST,Weapon Law Violations,78228,2026-09-01
66302791061,2025-09-29,Weapon Law Violations,SOCIETY,PRUE,Weapon Law Violations,78229,2026-09-01
67061739881,2025-10-30,Weapon Law Violations,SOCIETY,PRUE,Weapon Law Violations,78230,2026-09-01
49603302602,2023-05-12,Weapon Law Violations,SOCIETY,NORTH,Weapon Law Violations,78232,2026-09-01
67733340485,2025-12-09,Weapon Law Violations,SOCIETY,NORTH,Weapon Law Violations,78233,2026-09-01
54642361826,2024-03-09,Weapon Law Violations,SOCIETY,WEST,Weapon Law Violations,78237,2026-09-01
56692620162,2024-06-10,Weapon Law Violations,SOCIETY,WEST,Weapon Law Violations,78237,2026-09-01
59363095611,2024-09-17,Weapon Law Violations,SOCIETY,CENTRAL,Weapon Law Violations,78237,2026-09-01
62943551704,2025-02-27,Weapon Law Violations,SOCIETY,WEST,Weapon Law Violations,78237,2026-09-01
41704588387,2023-02-09,Weapon Law Violations,SOCIETY,WEST,Weapon Law Violations,78238,2026-09-01
51546738556,2023-07-30,Weapon Law Violations,SOCIETY,WEST,Weapon Law Violations,78238,2026-09-01
64430877492,2025-06-09,Weapon Law Violations,SOCIETY,PRUE,Weapon Law Violations,78240,2026-09-01
68117582614,2026-01-10,Weapon Law Violations,SOCIETY,PRUE,Weapon Law Violations,78240,2026-09-01
58491688211,2024-08-22,Weapon Law Violations,SOCIETY,SOUTH,Weapon Law Violations,78242,2026-09-01
51259689022,2023-07-01,Weapon Law Violations,SOCIETY,NORTH,Weapon Law Violations,78247,2026-09-01
53104744370,2023-11-18,Weapon Law Violations,SOCIETY,PRUE,Weapon Law Violations,78255,2026-09-01
50977683893,2023-06-09,Weapon Law Violations,SOCIETY,WEST,Weapon Law Violations,78201,2026-09-01
55952920700,2024-05-06,Weapon Law Violations,SOCIETY,EAST,Weapon Law Violations,78202,2026-09-01
58971917669,2024-09-12,Weapon Law Violations,SOCIETY,DOWNTOWN,Weapon Law Violations,78202,2026-09-01
49312680497,2023-04-30,Weapon Law Violations,SOCIETY,EAST,Weapon Law Violations,78203,2026-09-01
49349291277,2023-05-05,Weapon Law Violations,SOCIETY,EAST,Weapon Law Violations,78203,2026-09-01
68597525185,2026-02-17,Weapon Law Violations,SOCIETY,DOWNTOWN,Weapon Law Violations,78204,2026-09-01
67257527013,2025-11-08,Weapon Law Violations,SOCIETY,DOWNTOWN,Weapon Law Violations,78205,2026-09-01
43267504205,2023-02-24,Weapon Law Violations,SOCIETY,CENTRAL,Weapon Law Violations,78207,2026-09-01
58598443583,2024-08-27,Weapon Law Violations,SOCIETY,CENTRAL,Weapon Law Violations,78207,2026-09-01
64359465580,2025-06-07,Weapon Law Violations,SOCIETY,CENTRAL,Weapon Law Violations,78207,2026-09-01
66123422619,2025-09-19,Weapon Law Violations,SOCIETY,CENTRAL,Weapon Law Violations,78207,2026-09-01
63932364273,2025-05-10,Weapon Law Violations,SOCIETY,EAST,Weapon Law Violations,78208,2026-09-01
68783974308,2026-03-03,Weapon Law Violations,SOCIETY,EAST,Weapon Law Violations,78208,2026-09-01
41240853728,2023-01-27,Weapon Law Violations,SOCIETY,EAST,Weapon Law Violations,78210,2026-09-01
50048637557,2023-05-22,Weapon Law Violations,SOCIETY,EAST,Weapon Law Violations,78210,2026-09-01
70325300021,2026-05-06,Weapon Law Violations,SOCIETY,SOUTH,Weapon Law Violations,78210,2026-09-01
71941437894,2026-08-01,Weapon Law Violations,SOCIETY,DOWNTOWN,Weapon Law Violations,78210,2026-09-01
51084011963,2023-06-22,Weapon Law Violations,SOCIETY,SOUTH,Weapon Law Violations,78211,2026-09-01
68051137752,2026-01-05,Weapon Law Violations,SOCIETY,DOWNTOWN,Weapon Law Violations,78212,2026-09-01
70492704954,2026-05-16,Weapon Law Violations,SOCIETY,DOWNTOWN,Weapon Law Violations,78212,2026-09-01
48993252339,2023-04-10,Weapon Law Violations,SOCIETY,NORTH,Weapon Law Violations,78213,2026-09-01
51019693223,2023-06-15,Weapon Law Violations,SOCIETY,CENTRAL,Weapon Law Violations,78213,2026-09-01
49025909885,2023-04-14,Weapon Law Violations,SOCIETY,SOUTH,Weapon Law Violations,78214,2026-09-01
40973231895,2023-01-20,Weapon Law Violations,SOCIETY,NORTH,Weapon Law Violations,78216,2026-09-01
51338677648,2023-07-08,Weapon Law Violations,SOCIETY,NORTH,Weapon Law Violations,78216,2026-09-01
67417704800,2025-11-18,Weapon Law Violations,SOCIETY,NORTH,Weapon Law Violations,78216,2026-09-01
69986979696,2026-04-29,Weapon Law Violations,SOCIETY,NORTH,Weapon Law Violations,78216,2026-09-01
69548462847,2026-04-05,Weapon Law Violations,SOCIETY,NORTH,Weapon Law Violations,78217,2026-09-01
55448079333,2024-04-14,Weapon Law Violations,SOCIETY,EAST,Weapon Law Violations,78219,2026-09-01
49018150490,2023-04-14,Weapon Law Violations,SOCIETY,EAST,Weapon Law Violations,78220,2026-09-01
51355796479,2023-07-10,Weapon Law Violations,SOCIETY,SOUTH,Weapon Law Violations,78221,2026-09-01
61023245829,2024-11-28,Weapon Law Violations,SOCIETY,SOUTH,Weapon Law Violations,78221,2026-09-01
63542028734,2025-04-11,Weapon Law Violations,SOCIETY,SOUTH,Weapon Law Violations,78221,2026-09-01
66724266184,2025-10-15,Weapon Law Violations,SOCIETY,SOUTH,Weapon Law Violations,78221,2026-09-01
69599066279,2026-04-09,Weapon Law Violations,SOCIETY,EAST,Weapon Law Violations,78222,2026-09-01
53319355827,2023-12-06,Weapon Law Violations,SOCIETY,EAST,Weapon Law Violations,78223,2026-09-01
52448062199,2023-09-26,Weapon Law Violations,SOCIETY,SOUTH,Weapon Law Violations,78224,2026-09-01
64276422855,2025-06-01,Weapon Law Violations,SOCIETY,SOUTH,Weapon Law Violations,78224,2026-09-01
51146153116,2023-06-28,Weapon Law Violations,SOCIETY,SOUTH,Weapon Law Violations,78226,2026-09-01
57633228392,2024-07-15,Weapon Law Violations,SOCIETY,SOUTH,Weapon Law Violations,78226,2026-09-01
63874110798,2025-05-07,Weapon Law Violations,SOCIETY,WEST,Weapon Law Violations,78227,2026-09-01
64714463541,2025-06-27,Weapon Law Violations,SOCIETY,WEST,Weapon Law Violations,78227,2026-09-01
40410416161,2023-01-11,Weapon Law Violations,SOCIETY,WEST,Weapon Law Violations,78228,2026-09-01
49329922924,2023-05-02,Weapon Law Violations,SOCIETY,WEST,Weapon Law Violations,78228,2026-09-01
53249977225,2023-11-29,Weapon Law Violations,SOCIETY,PRUE,Weapon Law Violations,78229,2026-09-01
68358917736,2026-01-30,Weapon Law Violations,SOCIETY,PRUE,Weapon Law Violations,78229,2026-09-01
59077944956,2024-09-13,Weapon Law Violations,SOCIETY,PRUE,Weapon Law Violations,78230,2026-09-01
62419047440,2025-01-23,Weapon Law Violations,SOCIETY,PRUE,Weapon Law Violations,78230,2026-09-01
52230724610,2023-09-09,Weapon Law Violations,SOCIETY,WEST,Weapon Law Violations,78237,2026-09-01
53307342042,2023-12-05,Weapon Law Violations,SOCIETY,SOUTH,Weapon Law Violations,78237,2026-09-01
54516156898,2024-02-29,Weapon Law Violations,SOCIETY,CENTRAL,Weapon Law Violations,78237,2026-09-01
56201358401,2024-05-20,Weapon Law Violations,SOCIETY,WEST,Weapon Law Violations,78238,2026-09-01
56488494909,2024-06-01,Weapon Law Violations,SOCIETY,WEST,Weapon Law Violations,78238,2026-09-01
68673882709,2026-05-06,Weapon Law Violations,SOCIETY,WEST,Weapon Law Violations,78238,2026-09-01
60359735976,2024-11-01,Weapon Law Violations,SOCIETY,PRUE,Weapon Law Violations,78240,2026-09-01
51551411165,2023-07-30,Weapon Law Violations,SOCIETY,SOUTH,Weapon Law Violations,78242,2026-09-01
70785710184,2026-05-29,Weapon Law Violations,SOCIETY,NORTH,Weapon Law Violations,78247,2026-09-01
49913475928,2023-05-17,Weapon Law Violations,SOCIETY,PRUE,Weapon Law Violations,78249,2026-09-01
70166082349,2026-04-30,Weapon Law Violations,SOCIETY,PRUE,Weapon Law Violations,78249,2026-09-01
62372150218,2025-01-20,Weapon Law Violations,SOCIETY,WEST,Weapon Law Violations,78251,2026-09-01
52677417818,2023-10-20,Weapon Law Violations,SOCIETY,SOUTH,Weapon Law Violations,Out of Jurisdiction,2026-09-01
47944443432,2023-03-28,Weapon Law Violations,SOCIETY,WEST,Weapon Law Violations,78201,2026-09-01
49027155498,2023-04-15,Weapon Law Violations,SOCIETY,CENTRAL,Weapon Law Violations,78201,2026-09-01
54572567251,2024-03-04,Weapon Law Violations,SOCIETY,WEST,Weapon Law Violations,78201,2026-09-01
57644720625,2024-07-16,Weapon Law Violations,SOCIETY,WEST,Weapon Law Violations,78201,2026-09-01
66376059185,2025-10-05,Weapon Law Violations,SOCIETY,WEST,Weapon Law Violations,78201,2026-09-01
51301751094,2023-07-04,Weapon Law Violations,SOCIETY,EAST,Weapon Law Violations,78202,2026-09-01
54012114857,2024-02-03,Weapon Law Violations,SOCIETY,EAST,Weapon Law Violations,78202,2026-09-01
57955593612,2024-07-28,Weapon Law Violations,SOCIETY,EAST,Weapon Law Violations,78203,2026-09-01
64978447682,2025-07-15,Weapon Law Violations,SOCIETY,EAST,Weapon Law Violations,78203,2026-09-01
68816059768,2026-03-04,Weapon Law Violations,SOCIETY,SOUTH,Weapon Law Violations,78204,2026-09-01
59376917911,2024-12-03,Weapon Law Violations,SOCIETY,DOWNTOWN,Weapon Law Violations,78205,2026-09-01
39712114873,2023-01-05,Weapon Law Violations,SOCIETY,CENTRAL,Weapon Law Violations,78207,2026-09-01
54966822803,2024-03-23,Weapon Law Violations,SOCIETY,CENTRAL,Weapon Law Violations,78207,2026-09-01
59370979888,2024-12-02,Weapon Law Violations,SOCIETY,CENTRAL,Weapon Law Violations,78207,2026-09-01
66366639339,2025-10-04,Weapon Law Violations,SOCIETY,CENTRAL,Weapon Law Violations,78207,2026-09-01
69841688327,2026-04-25,Weapon Law Violations,SOCIETY,CENTRAL,Weapon Law Violations,78207,2026-09-01
62813097386,2025-02-16,Weapon Law Violations,SOCIETY,EAST,Weapon Law Violations,78208,2026-09-01
52502817061,2023-10-04,Weapon Law Violations,SOCIETY,EAST,Weapon Law Violations,78210,2026-09-01
59998453388,2024-10-10,Weapon Law Violations,SOCIETY,EAST,Weapon Law Violations,78210,2026-09-01
67675230905,2025-12-05,Weapon Law Violations,SOCIETY,EAST,Weapon Law Violations,78210,2026-09-01
62266945307,2025-01-15,Weapon Law Violations,SOCIETY,DOWNTOWN,Weapon Law Violations,78212,2026-09-01
59877159569,2024-10-05,Weapon Law Violations,SOCIETY,NORTH,Weapon Law Violations,78213,2026-09-01
60943891187,2024-11-21,Weapon Law Violations,SOCIETY,CENTRAL,Weapon Law Violations,78213,2026-09-01
51805559955,2023-08-12,Weapon Law Violations,SOCIETY,SOUTH,Weapon Law Violations,78214,2026-09-01
61074581868,2024-11-28,Weapon Law Violations,SOCIETY,SOUTH,Weapon Law Violations,78214,2026-09-01
63983896314,2025-05-15,Weapon Law Violations,SOCIETY,DOWNTOWN,Weapon Law Violations,78215,2026-09-01
41904245163,2023-02-11,Weapon Law Violations,SOCIETY,NORTH,Weapon Law Violations,78216,2026-09-01
49231935194,2023-04-22,Weapon Law Violations,SOCIETY,NORTH,Weapon Law Violations,78216,2026-09-01
50997962047,2023-06-12,Weapon Law Violations,SOCIETY,NORTH,Weapon Law Violations,78216,2026-09-01
52226182478,2023-09-08,Weapon Law Violations,SOCIETY,NORTH,Weapon Law Violations,78216,2026-09-01
71859310768,2026-07-26,Weapon Law Violations,SOCIETY,NORTH,Weapon Law Violations,78216,2026-09-01
64018408571,2025-05-17,Weapon Law Violations,SOCIETY,NORTH,Weapon Law Violations,78217,2026-09-01
61206417828,2024-11-30,Weapon Law Violations,SOCIETY,EAST,Weapon Law Violations,78218,2026-09-01
62150660809,2025-01-05,Weapon Law Violations,SOCIETY,EAST,Weapon Law Violations,78218,2026-09-01
68763314454,2026-03-01,Weapon Law Violations,SOCIETY,EAST,Weapon Law Violations,78219,2026-09-01
52211154309,2023-09-06,Weapon Law Violations,SOCIETY,SOUTH,Weapon Law Violations,78221,2026-09-01
57540946049,2024-07-12,Weapon Law Violations,SOCIETY,SOUTH,Weapon Law Violations,78221,2026-09-01
66146149984,2025-09-20,Weapon Law Violations,SOCIETY,SOUTH,Weapon Law Violations,78221,2026-09-01
47490454425,2023-03-24,Weapon Law Violations,SOCIETY,EAST,Weapon Law Violations,78222,2026-09-01
56877582893,2024-06-16,Weapon Law Violations,SOCIETY,SOUTH,Weapon Law Violations,78223,2026-09-01
69854343333,2026-04-26,Weapon Law Violations,SOCIETY,SOUTH,Weapon Law Violations,78223,2026-09-01
72175399045,2026-08-12,Weapon Law Violations,SOCIETY,SOUTH,Weapon Law Violations,78224,2026-09-01
57241131132,2024-07-01,Weapon Law Violations,SOCIETY,SOUTH,Weapon Law Violations,78225,2026-09-01
57198057274,2024-06-28,Weapon Law Violations,SOCIETY,WEST,Weapon Law Violations,78227,2026-09-01
63171976255,2025-03-13,Weapon Law Violations,SOCIETY,WEST,Weapon Law Violations,78227,2026-09-01
64379429275,2025-06-07,Weapon Law Violations,SOCIETY,WEST,Weapon Law Violations,78227,2026-09-01
65504302183,2025-08-18,Weapon Law Violations,SOCIETY,WEST,Weapon Law Violations,78227,2026-09-01
70821226373,2026-06-01,Weapon Law Violations,SOCIETY,WEST,Weapon Law Violations,78227,2026-09-01
45342556405,2023-03-09,Weapon Law Violations,SOCIETY,WEST,Weapon Law Violations,78228,2026-09-01
46763579745,2023-03-17,Weapon Law Violations,SOCIETY,WEST,Weapon Law Violations,78228,2026-09-01
52401304665,2023-09-23,Weapon Law Violations,SOCIETY,WEST,Weapon Law Violations,78228,2026-09-01
58479126414,2024-08-21,Weapon Law Violations,SOCIETY,WEST,Weapon Law Violations,78228,2026-09-01
62700426919,2025-02-10,Weapon Law Violations,SOCIETY,WEST,Weapon Law Violations,78228,2026-09-01
62144404138,2025-01-04,Weapon Law Violations,SOCIETY,PRUE,Weapon Law Violations,78229,2026-09-01
63207199424,2025-03-16,Weapon Law Violations,SOCIETY,PRUE,Weapon Law Violations,78229,2026-09-01
70641269834,2026-05-23,Weapon Law Violations,SOCIETY,PRUE,Weapon Law Violations,78229,2026-09-01
49239872854,2023-04-24,Weapon Law Violations,SOCIETY,PRUE,Weapon Law Violations,78230,2026-09-01
60849126558,2024-11-16,Weapon Law Violations,SOCIETY,PRUE,Weapon Law Violations,78230,2026-09-01
62130181119,2025-01-03,Weapon Law Violations,SOCIETY,CENTRAL,Weapon Law Violations,78230,2026-09-01
52630491707,2023-10-18,Weapon Law Violations,SOCIETY,NORTH,Weapon Law Violations,78233,2026-09-01
65477975114,2025-08-16,Weapon Law Violations,SOCIETY,NORTH,Weapon Law Violations,78233,2026-09-01
49703377487,2023-05-13,Weapon Law Violations,SOCIETY,WEST,Weapon Law Violations,78237,2026-09-01
55709376807,2024-04-28,Weapon Law Violations,SOCIETY,WEST,Weapon Law Violations,78237,2026-09-01
67902884831,2025-12-22,Weapon Law Violations,SOCIETY,WEST,Weapon Law Violations,78237,2026-09-01
51680898972,2023-08-02,Weapon Law Violations,SOCIETY,WEST,Weapon Law Violations,78238,2026-09-01
63649109189,2025-04-21,Weapon Law Violations,SOCIETY,PRUE,Weapon Law Violations,78240,2026-09-01
50994244674,2023-06-11,Weapon Law Violations,SOCIETY,SOUTH,Weapon Law Violations,78242,2026-09-01
54081536068,2024-02-07,Weapon Law Violations,SOCIETY,SOUTH,Weapon Law Violations,78242,2026-09-01
62860666748,2025-02-20,Weapon Law Violations,SOCIETY,SOUTH,Weapon Law Violations,78242,2026-09-01
62695289790,2025-02-09,Weapon Law Violations,SOCIETY,WEST,Weapon Law Violations,78245,2026-09-01
72450387286,2026-08-26,Weapon Law Violations,SOCIETY,WEST,Weapon Law Violations,78245,2026-09-01
62708533979,2025-02-10,Weapon Law Violations,SOCIETY,NORTH,Weapon Law Violations,78247,2026-09-01
53690170325,2024-01-09,Weapon Law Violations,SOCIETY,WEST,Weapon Law Violations,78251,2026-09-01
68659142238,2026-02-22,Weapon Law Violations,SOCIETY,WEST,Weapon Law Violations,78251,2026-09-01
50933472730,2023-06-03,Weapon Law Violations,SOCIETY,PRUE,Weapon Law Violations,Out of Jurisdiction,2026-09-01
64794575760,2025-07-02,Weapon Law Violations,SOCIETY,WEST,Weapon Law Violations,78201,2026-09-01
64745637002,2025-06-29,Weapon Law Violations,SOCIETY,DOWNTOWN,Weapon Law Violations,78202,2026-09-01
68477198108,2026-02-09,Weapon Law Violations,SOCIETY,EAST,Weapon Law Violations,78202,2026-09-01
53439486759,2023-12-17,Weapon Law Violations,SOCIETY,EAST,Weapon Law Violations,78203,2026-09-01
52400093270,2023-09-22,Weapon Law Violations,SOCIETY,CENTRAL,Weapon Law Violations,78204,2026-09-01
51390064150,2023-07-15,Weapon Law Violations,SOCIETY,CENTRAL,Weapon Law Violations,78205,2026-09-01
63380266156,2025-03-28,Weapon Law Violations,SOCIETY,DOWNTOWN,Weapon Law Violations,78205,2026-09-01
68417669865,2026-02-04,Weapon Law Violations,SOCIETY,DOWNTOWN,Weapon Law Violations,78205,2026-09-01
69472480952,2026-03-31,Weapon Law Violations,SOCIETY,DOWNTOWN,Weapon Law Violations,78205,2026-09-01
47387981808,2023-03-23,Weapon Law Violations,SOCIETY,CENTRAL,Weapon Law Violations,78207,2026-09-01
55614947945,2024-04-20,Weapon Law Violations,SOCIETY,CENTRAL,Weapon Law Violations,78207,2026-09-01
63414057032,2025-03-31,Weapon Law Violations,SOCIETY,CENTRAL,Weapon Law Violations,78207,2026-09-01
66352740116,2025-10-02,Weapon Law Violations,SOCIETY,CENTRAL,Weapon Law Violations,78207,2026-09-01
69470141971,2026-03-30,Weapon Law Violations,SOCIETY,CENTRAL,Weapon Law Violations,78207,2026-09-01
71716678102,2026-07-18,Weapon Law Violations,SOCIETY,CENTRAL,Weapon Law Violations,78207,2026-09-01
60389219497,2024-11-04,Weapon Law Violations,SOCIETY,EAST,Weapon Law Violations,78208,2026-09-01
64245665656,2025-05-29,Weapon Law Violations,SOCIETY,NORTH,Weapon Law Violations,78209,2026-09-01
41009191377,2023-01-21,Weapon Law Violations,SOCIETY,SOUTH,Weapon Law Violations,78210,2026-09-01
51001943730,2023-06-13,Weapon Law Violations,SOCIETY,SOUTH,Weapon Law Violations,78210,2026-09-01
51566846701,2023-07-31,Weapon Law Violations,SOCIETY,EAST,Weapon Law Violations,78210,2026-09-01
52368908675,2023-09-19,Weapon Law Violations,SOCIETY,SOUTH,Weapon Law Violations,78210,2026-09-01
65997146019,2025-09-10,Weapon Law Violations,SOCIETY,DOWNTOWN,Weapon Law Violations,78210,2026-09-01
66269009540,2025-09-26,Weapon Law Violations,SOCIETY,DOWNTOWN,Weapon Law Violations,78210,2026-09-01
70362548012,2026-05-09,Weapon Law Violations,SOCIETY,EAST,Weapon Law Violations,78210,2026-09-01
52449618632,2023-09-27,Weapon Law Violations,SOCIETY,CENTRAL,Weapon Law Violations,78212,2026-09-01
59450267936,2024-09-21,Weapon Law Violations,SOCIETY,CENTRAL,Weapon Law Violations,78212,2026-09-01
63627322257,2025-04-18,Weapon Law Violations,SOCIETY,SOUTH,Weapon Law Violations,78214,2026-09-01
49116095488,2023-04-18,Weapon Law Violations,SOCIETY,NORTH,Weapon Law Violations,78216,2026-09-01
49599858913,2023-05-12,Weapon Law Violations,SOCIETY,NORTH,Weapon Law Violations,78216,2026-09-01
55484015829,2024-04-16,Weapon Law Violations,SOCIETY,NORTH,Weapon Law Violations,78216,2026-09-01
69653714514,2026-04-12,Weapon Law Violations,SOCIETY,NORTH,Weapon Law Violations,78216,2026-09-01
72055244987,2026-08-08,Weapon Law Violations,SOCIETY,NORTH,Weapon Law Violations,78216,2026-09-01
50018717623,2023-05-20,Weapon Law Violations,SOCIETY,NORTH,Weapon Law Violations,78217,2026-09-01
66366134701,2025-10-04,Weapon Law Violations,SOCIETY,NORTH,Weapon Law Violations,78217,2026-09-01
49340596135,2023-05-04,Weapon Law Violations,SOCIETY,SOUTH,Weapon Law Violations,78221,2026-09-01
51284036723,2023-07-02,Weapon Law Violations,SOCIETY,SOUTH,Weapon Law Violations,78221,2026-09-01
53282457139,2023-12-02,Weapon Law Violations,SOCIETY,SOUTH,Weapon Law Violations,78221,2026-09-01
56046625952,2024-05-12,Weapon Law Violations,SOCIETY,SOUTH,Weapon Law Violations,78221,2026-09-01
68562743410,2026-02-14,Weapon Law Violations,SOCIETY,SOUTH,Weapon Law Violations,78221,2026-09-01
62290544983,2025-01-16,Weapon Law Violations,SOCIETY,EAST,Weapon Law Violations,78223,2026-09-01
66687084293,2025-10-14,Weapon Law Violations,SOCIETY,SOUTH,Weapon Law Violations,78223,2026-09-01
56064063589,2024-05-13,Weapon Law Violations,SOCIETY,SOUTH,Weapon Law Violations,78224,2026-09-01
58874004214,2024-09-08,Weapon Law Violations,SOCIETY,SOUTH,Weapon Law Violations,78224,2026-09-01
63908277333,2025-05-08,Weapon Law Violations,SOCIETY,SOUTH,Weapon Law Violations,78224,2026-09-01
66182940114,2025-09-22,Weapon Law Violations,SOCIETY,SOUTH,Weapon Law Violations,78224,2026-09-01
51711333507,2023-08-05,Weapon Law Violations,SOCIETY,SOUTH,Weapon Law Violations,78227,2026-09-01
53094698153,2023-11-17,Weapon Law Violations,SOCIETY,WEST,Weapon Law Violations,78227,2026-09-01
53660200188,2024-01-06,Weapon Law Violations,SOCIETY,WEST,Weapon Law Violations,78227,2026-09-01
55115641829,2024-03-31,Weapon Law Violations,SOCIETY,WEST,Weapon Law Violations,78227,2026-09-01
68800996774,2026-03-03,Weapon Law Violations,SOCIETY,WEST,Weapon Law Violations,78227,2026-09-01
51326405503,2023-07-07,Weapon Law Violations,SOCIETY,WEST,Weapon Law Violations,78228,2026-09-01
52912188520,2023-11-05,Weapon Law Violations,SOCIETY,WEST,Weapon Law Violations,78228,2026-09-01
61411934955,2024-12-05,Weapon Law Violations,SOCIETY,CENTRAL,Weapon Law Violations,78228,2026-09-01
54103584139,2024-02-08,Weapon Law Violations,SOCIETY,PRUE,Weapon Law Violations,78229,2026-09-01
39583288480,2023-01-05,Weapon Law Violations,SOCIETY,PRUE,Weapon Law Violations,78230,2026-09-01
53459858550,2023-12-20,Weapon Law Violations,SOCIETY,WEST,Weapon Law Violations,78237,2026-09-01
65246664323,2025-08-03,Weapon Law Violations,SOCIETY,WEST,Weapon Law Violations,78237,2026-09-01
68492537945,2026-02-10,Weapon Law Violations,SOCIETY,WEST,Weapon Law Violations,78237,2026-09-01
68722169668,2026-02-26,Weapon Law Violations,SOCIETY,WEST,Weapon Law Violations,78237,2026-09-01
41123863662,2023-01-24,Weapon Law Violations,SOCIETY,PRUE,Weapon Law Violations,78240,2026-09-01
49358652888,2023-05-06,Weapon Law Violations,SOCIETY,PRUE,Weapon Law Violations,78240,2026-09-01
50055491002,2023-05-23,Weapon Law Violations,SOCIETY,SOUTH,Weapon Law Violations,78242,2026-09-01
52509838623,2023-10-04,Weapon Law Violations,SOCIETY,SOUTH,Weapon Law Violations,78242,2026-09-01
56980316582,2024-06-21,Weapon Law Violations,SOCIETY,SOUTH,Weapon Law Violations,78242,2026-09-01
63458171357,2025-04-03,Weapon Law Violations,SOCIETY,EAST,Weapon Law Violations,78244,2026-09-01
54312219930,2024-02-22,Weapon Law Violations,SOCIETY,WEST,Weapon Law Violations,78245,2026-09-01
68784733322,2026-03-03,Weapon Law Violations,SOCIETY,WEST,Weapon Law Violations,78245,2026-09-01
61887928986,2024-12-18,Weapon Law Violations,SOCIETY,NORTH,Weapon Law Violations,78247,2026-09-01
66332190079,2025-10-01,Weapon Law Violations,SOCIETY,WEST,Weapon Law Violations,78254,2026-09-01
65741147315,2025-09-06,Weapon Law Violations,SOCIETY,NORTH,Weapon Law Violations,78258,2026-09-01
55292043421,2024-04-09,Weapon Law Violations,SOCIETY,PRUE,Weapon Law Violations,Out of Jurisdiction,2026-09-01
65285376802,2025-08-05,Weapon Law Violations,SOCIETY,SOUTH,Weapon Law Violations,Out of Jurisdiction,2026-09-01
51695296882,2023-08-04,Weapon Law Violations,SOCIETY,CENTRAL,Weapon Law Violations,78201,2026-09-01
53242639119,2023-11-28,Weapon Law Violations,SOCIETY,WEST,Weapon Law Violations,78201,2026-09-01
53440652577,2023-12-17,Weapon Law Violations,SOCIETY,WEST,Weapon Law Violations,78201,2026-09-01
53533878790,2023-12-22,Weapon Law Violations,SOCIETY,CENTRAL,Weapon Law Violations,78201,2026-09-01
62254906038,2025-01-14,Weapon Law Violations,SOCIETY,CENTRAL,Weapon Law Violations,78201,2026-09-01
63088029788,2025-03-07,Weapon Law Violations,SOCIETY,CENTRAL,Weapon Law Violations,78201,2026-09-01
67874979508,2025-12-19,Weapon Law Violations,SOCIETY,WEST,Weapon Law Violations,78201,2026-09-01
63151850739,2025-03-12,Weapon Law Violations,SOCIETY,EAST,Weapon Law Violations,78203,2026-09-01
58405714348,2024-08-15,Weapon Law Violations,SOCIETY,DOWNTOWN,Weapon Law Violations,78204,2026-09-01
51941032076,2023-08-19,Weapon Law Violations,SOCIETY,CENTRAL,Weapon Law Violations,78205,2026-09-01
67761198375,2025-12-10,Weapon Law Violations,SOCIETY,DOWNTOWN,Weapon Law Violations,78205,2026-09-01
69265833166,2026-03-17,Weapon Law Violations,SOCIETY,DOWNTOWN,Weapon Law Violations,78205,2026-09-01
69740798959,2026-04-18,Weapon Law Violations,SOCIETY,DOWNTOWN,Weapon Law Violations,78205,2026-09-01
48536228894,2023-04-02,Weapon Law Violations,SOCIETY,CENTRAL,Weapon Law Violations,78207,2026-09-01
53578076212,2023-12-28,Weapon Law Violations,SOCIETY,CENTRAL,Weapon Law Violations,78207,2026-09-01
55241529056,2024-04-06,Weapon Law Violations,SOCIETY,CENTRAL,Weapon Law Violations,78207,2026-09-01
57535911644,2024-07-11,Weapon Law Violations,SOCIETY,CENTRAL,Weapon Law Violations,78207,2026-09-01
58575092795,2024-08-26,Weapon Law Violations,SOCIETY,CENTRAL,Weapon Law Violations,78207,2026-09-01
64296525686,2025-06-02,Weapon Law Violations,SOCIETY,CENTRAL,Weapon Law Violations,78207,2026-09-01
65465620987,2025-08-15,Weapon Law Violations,SOCIETY,CENTRAL,Weapon Law Violations,78207,2026-09-01
49339563508,2023-05-03,Weapon Law Violations,SOCIETY,SOUTH,Weapon Law Violations,78210,2026-09-01
58112339950,2024-08-04,Weapon Law Violations,SOCIETY,SOUTH,Weapon Law Violations,78210,2026-09-01
67163226178,2025-11-02,Weapon Law Violations,SOCIETY,DOWNTOWN,Weapon Law Violations,78210,2026-09-01
71711539590,2026-07-17,Weapon Law Violations,SOCIETY,EAST,Weapon Law Violations,78210,2026-09-01
41348063212,2023-01-31,Weapon Law Violations,SOCIETY,SOUTH,Weapon Law Violations,78211,2026-09-01
47829144013,2023-03-27,Weapon Law Violations,SOCIETY,SOUTH,Weapon Law Violations,78211,2026-09-01
55851353985,2024-05-04,Weapon Law Violations,SOCIETY,SOUTH,Weapon Law Violations,78211,2026-09-01
63231911740,2025-03-18,Weapon Law Violations,SOCIETY,SOUTH,Weapon Law Violations,78211,2026-09-01
50870018755,2023-06-01,Weapon Law Violations,SOCIETY,CENTRAL,Weapon Law Violations,78212,2026-09-01
41548484855,2023-02-07,Weapon Law Violations,SOCIETY,CENTRAL,Weapon Law Violations,78213,2026-09-01
51327904649,2023-07-07,Weapon Law Violations,SOCIETY,NORTH,Weapon Law Violations,78216,2026-09-01
60868219885,2024-11-18,Weapon Law Violations,SOCIETY,NORTH,Weapon Law Violations,78216,2026-09-01
63100475647,2025-03-08,Weapon Law Violations,SOCIETY,NORTH,Weapon Law Violations,78216,2026-09-01
63963799978,2025-05-13,Weapon Law Violations,SOCIETY,NORTH,Weapon Law Violations,78216,2026-09-01
68412863242,2026-02-04,Weapon Law Violations,SOCIETY,NORTH,Weapon Law Violations,78216,2026-09-01
57129839003,2024-06-24,Weapon Law Violations,SOCIETY,EAST,Weapon Law Violations,78218,2026-09-01
57295469787,2024-07-04,Weapon Law Violations,SOCIETY,EAST,Weapon Law Violations,78218,2026-09-01
71915326851,2026-07-30,Weapon Law Violations,SOCIETY,EAST,Weapon Law Violations,78218,2026-09-01
69724515823,2026-04-17,Weapon Law Violations,SOCIETY,EAST,Weapon Law Violations,78220,2026-09-01
53290721926,2023-12-03,Weapon Law Violations,SOCIETY,SOUTH,Weapon Law Violations,78221,2026-09-01
55012498046,2024-03-27,Weapon Law Violations,SOCIETY,SOUTH,Weapon Law Violations,78221,2026-09-01
58333213183,2024-08-13,Weapon Law Violations,SOCIETY,SOUTH,Weapon Law Violations,78221,2026-09-01
72439603158,2026-08-26,Weapon Law Violations,SOCIETY,SOUTH,Weapon Law Violations,78221,2026-09-01
67504406282,2025-11-24,Weapon Law Violations,SOCIETY,EAST,Weapon Law Violations,78222,2026-09-01
54251558710,2024-02-19,Weapon Law Violations,SOCIETY,SOUTH,Weapon Law Violations,78223,2026-09-01
56065935238,2024-05-14,Weapon Law Violations,SOCIETY,EAST,Weapon Law Violations,78223,2026-09-01
58735899516,2024-09-05,Weapon Law Violations,SOCIETY,EAST,Weapon Law Violations,78223,2026-09-01
52273675311,2023-09-13,Weapon Law Violations,SOCIETY,SOUTH,Weapon Law Violations,78224,2026-09-01
68025650186,2026-01-03,Weapon Law Violations,SOCIETY,SOUTH,Weapon Law Violations,78225,2026-09-01
48429489091,2023-04-02,Weapon Law Violations,SOCIETY,SOUTH,Weapon Law Violations,78226,2026-09-01
50941975034,2023-06-05,Weapon Law Violations,SOCIETY,WEST,Weapon Law Violations,78227,2026-09-01
52168340589,2023-09-02,Weapon Law Violations,SOCIETY,SOUTH,Weapon Law Violations,78227,2026-09-01
53407765334,2023-12-14,Weapon Law Violations,SOCIETY,WEST,Weapon Law Violations,78227,2026-09-01
68093836643,2026-01-08,Weapon Law Violations,SOCIETY,SOUTH,Weapon Law Violations,78227,2026-09-01
50050534247,2023-05-22,Weapon Law Violations,SOCIETY,WEST,Weapon Law Violations,78228,2026-09-01
66149128261,2025-09-21,Weapon Law Violations,SOCIETY,WEST,Weapon Law Violations,78228,2026-09-01
68204819542,2026-01-16,Weapon Law Violations,SOCIETY,WEST,Weapon Law Violations,78228,2026-09-01
70642980938,2026-05-24,Weapon Law Violations,SOCIETY,WEST,Weapon Law Violations,78228,2026-09-01
55443298154,2024-04-13,Weapon Law Violations,SOCIETY,PRUE,Weapon Law Violations,78229,2026-09-01
63960578817,2025-05-13,Weapon Law Violations,SOCIETY,PRUE,Weapon Law Violations,78230,2026-09-01
66040488822,2025-09-12,Weapon Law Violations,SOCIETY,PRUE,Weapon Law Violations,78230,2026-09-01
67633362391,2025-12-02,Weapon Law Violations,SOCIETY,PRUE,Weapon Law Violations,78230,2026-09-01
54677782840,2024-03-12,Weapon Law Violations,SOCIETY,NORTH,Weapon Law Violations,78233,2026-09-01
39433035854,2023-01-04,Weapon Law Violations,SOCIETY,WEST,Weapon Law Violations,78237,2026-09-01
51055322658,2023-06-18,Weapon Law Violations,SOCIETY,WEST,Weapon Law Violations,78237,2026-09-01
57665000008,2024-07-16,Weapon Law Violations,SOCIETY,WEST,Weapon Law Violations,78237,2026-09-01
44404380291,2023-03-01,Weapon Law Violations,SOCIETY,WEST,Weapon Law Violations,78238,2026-09-01
52365642444,2023-09-19,Weapon Law Violations,SOCIETY,WEST,Weapon Law Violations,78238,2026-09-01
65659030757,2025-08-29,Weapon Law Violations,SOCIETY,WEST,Weapon Law Violations,78238,2026-09-01
41122611723,2023-01-23,Weapon Law Violations,SOCIETY,PRUE,Weapon Law Violations,78240,2026-09-01
49028043282,2023-04-15,Weapon Law Violations,SOCIETY,WEST,Weapon Law Violations,78245,2026-09-01
49032069451,2023-04-15,Weapon Law Violations,SOCIETY,WEST,Weapon Law Violations,78245,2026-09-01
54232819586,2024-02-18,Weapon Law Violations,SOCIETY,WEST,Weapon Law Violations,78245,2026-09-01
68805043763,2026-03-03,Weapon Law Violations,SOCIETY,WEST,Weapon Law Violations,78245,2026-09-01
52515421454,2023-10-06,Weapon Law Violations,SOCIETY,NORTH,Weapon Law Violations,78247,2026-09-01
65923982193,2025-09-09,Weapon Law Violations,SOCIETY,PRUE,Weapon Law Violations,78249,2026-09-01
53824410357,2024-01-18,Weapon Law Violations,SOCIETY,PRUE,Weapon Law Violations,78251,2026-09-01
65385457573,2025-08-09,Weapon Law Violations,SOCIETY,WEST,Weapon Law Violations,78251,2026-09-01
63569462041,2025-04-14,Weapon Law Violations,SOCIETY,PRUE,Weapon Law Violations,78256,2026-09-01
52510983702,2023-10-05,Weapon Law Violations,SOCIETY,WEST,Weapon Law Violations,78201,2026-09-01
53610300765,2024-01-02,Weapon Law Violations,SOCIETY,WEST,Weapon Law Violations,78201,2026-09-01
56873270798,2024-06-15,Weapon Law Violations,SOCIETY,DOWNTOWN,Weapon Law Violations,78201,2026-09-01
69324138311,2026-03-21,Weapon Law Violations,SOCIETY,WEST,Weapon Law Violations,78201,2026-09-01
70406742650,2026-05-11,Weapon Law Violations,SOCIETY,WEST,Weapon Law Violations,78201,2026-09-01
45835918627,2023-03-10,Weapon Law Violations,SOCIETY,EAST,Weapon Law Violations,78202,2026-09-01
52903803779,2023-11-04,Weapon Law Violations,SOCIETY,EAST,Weapon Law Violations,78202,2026-09-01
61370084812,2024-12-01,Weapon Law Violations,SOCIETY,EAST,Weapon Law Violations,78203,2026-09-01
49315521819,2023-04-30,Weapon Law Violations,SOCIETY,CENTRAL,Weapon Law Violations,78207,2026-09-01
49361669951,2023-05-07,Weapon Law Violations,SOCIETY,CENTRAL,Weapon Law Violations,78207,2026-09-01
50790564601,2023-05-31,Weapon Law Violations,SOCIETY,CENTRAL,Weapon Law Violations,78207,2026-09-01
64070326733,2025-05-22,Weapon Law Violations,SOCIETY,CENTRAL,Weapon Law Violations,78207,2026-09-01
49245094038,2023-04-24,Weapon Law Violations,SOCIETY,SOUTH,Weapon Law Violations,78210,2026-09-01
52248058816,2023-09-10,Weapon Law Violations,SOCIETY,SOUTH,Weapon Law Violations,78210,2026-09-01
67217473780,2025-11-06,Weapon Law Violations,SOCIETY,SOUTH,Weapon Law Violations,78210,2026-09-01
45317135454,2023-03-08,Weapon Law Violations,SOCIETY,SOUTH,Weapon Law Violations,78211,2026-09-01
64545913258,2025-06-17,Weapon Law Violations,SOCIETY,SOUTH,Weapon Law Violations,78211,2026-09-01
68127872399,2026-01-10,Weapon Law Violations,SOCIETY,SOUTH,Weapon Law Violations,78211,2026-09-01
69785361814,2026-04-21,Weapon Law Violations,SOCIETY,SOUTH,Weapon Law Violations,78211,2026-09-01
48997684222,2023-04-11,Weapon Law Violations,SOCIETY,CENTRAL,Weapon Law Violations,78212,2026-09-01
56610726263,2024-06-06,Weapon Law Violations,SOCIETY,DOWNTOWN,Weapon Law Violations,78212,2026-09-01
59595891905,2024-09-25,Weapon Law Violations,SOCIETY,DOWNTOWN,Weapon Law Violations,78212,2026-09-01
64026147721,2025-05-18,Weapon Law Violations,SOCIETY,DOWNTOWN,Weapon Law Violations,78212,2026-09-01
53724412442,2024-01-11,Weapon Law Violations,SOCIETY,CENTRAL,Weapon Law Violations,78213,2026-09-01
50043612164,2023-05-22,Weapon Law Violations,SOCIETY,SOUTH,Weapon Law Violations,78214,2026-09-01
68117394127,2026-01-10,Weapon Law Violations,SOCIETY,DOWNTOWN,Weapon Law Violations,78215,2026-09-01
41991437311,2023-02-12,Weapon Law Violations,SOCIETY,NORTH,Weapon Law Violations,78216,2026-09-01
49002502457,2023-04-11,Weapon Law Violations,SOCIETY,NORTH,Weapon Law Violations,78216,2026-09-01
50972282300,2023-06-08,Weapon Law Violations,SOCIETY,NORTH,Weapon Law Violations,78216,2026-09-01
51461762709,2023-07-22,Weapon Law Violations,SOCIETY,NORTH,Weapon Law Violations,78216,2026-09-01
56863525906,2024-06-14,Weapon Law Violations,SOCIETY,NORTH,Weapon Law Violations,78216,2026-09-01
58560846117,2024-08-25,Weapon Law Violations,SOCIETY,NORTH,Weapon Law Violations,78216,2026-09-01
60822009096,2024-11-14,Weapon Law Violations,SOCIETY,NORTH,Weapon Law Violations,78216,2026-09-01
42190793927,2023-02-13,Weapon Law Violations,SOCIETY,NORTH,Weapon Law Violations,78217,2026-09-01
55841313902,2024-05-04,Weapon Law Violations,SOCIETY,NORTH,Weapon Law Violations,78217,2026-09-01
54647774138,2024-03-10,Weapon Law Violations,SOCIETY,EAST,Weapon Law Violations,78219,2026-09-01
58329729325,2024-08-12,Weapon Law Violations,SOCIETY,EAST,Weapon Law Violations,78219,2026-09-01
48990937106,2023-04-10,Weapon Law Violations,SOCIETY,EAST,Weapon Law Violations,78223,2026-09-01
58676952890,2024-09-01,Weapon Law Violations,SOCIETY,SOUTH,Weapon Law Violations,78223,2026-09-01
62245485814,2025-01-13,Weapon Law Violations,SOCIETY,EAST,Weapon Law Violations,78223,2026-09-01
63402388171,2025-03-30,Weapon Law Violations,SOCIETY,EAST,Weapon Law Violations,78223,2026-09-01
71250732798,2026-07-01,Weapon Law Violations,SOCIETY,SOUTH,Weapon Law Violations,78223,2026-09-01
52771254544,2023-10-23,Weapon Law Violations,SOCIETY,SOUTH,Weapon Law Violations,78224,2026-09-01
53111927781,2023-11-19,Weapon Law Violations,SOCIETY,SOUTH,Weapon Law Violations,78224,2026-09-01
72046345297,2026-08-08,Weapon Law Violations,SOCIETY,SOUTH,Weapon Law Violations,78224,2026-09-01
51556966332,2023-07-31,Weapon Law Violations,SOCIETY,SOUTH,Weapon Law Violations,78227,2026-09-01
51944527081,2023-08-19,Weapon Law Violations,SOCIETY,WEST,Weapon Law Violations,78227,2026-09-01
53089278586,2023-11-17,Weapon Law Violations,SOCIETY,WEST,Weapon Law Violations,78227,2026-09-01
53097169591,2023-11-18,Weapon Law Violations,SOCIETY,WEST,Weapon Law Violations,78227,2026-09-01
53365789557,2023-12-10,Weapon Law Violations,SOCIETY,WEST,Weapon Law Violations,78227,2026-09-01
62571024283,2025-02-02,Weapon Law Violations,SOCIETY,CENTRAL,Weapon Law Violations,78228,2026-09-01
70808911845,2026-05-31,Weapon Law Violations,SOCIETY,WEST,Weapon Law Violations,78228,2026-09-01
52260416345,2023-09-11,Weapon Law Violations,SOCIETY,PRUE,Weapon Law Violations,78229,2026-09-01
57843389885,2024-07-22,Weapon Law Violations,SOCIETY,PRUE,Weapon Law Violations,78229,2026-09-01
53000023804,2023-11-11,Weapon Law Violations,SOCIETY,PRUE,Weapon Law Violations,78230,2026-09-01
64532216923,2025-06-15,Weapon Law Violations,SOCIETY,PRUE,Weapon Law Violations,78230,2026-09-01
65663011202,2025-08-30,Weapon Law Violations,SOCIETY,WEST,Weapon Law Violations,78237,2026-09-01
62046709111,2024-12-29,Weapon Law Violations,SOCIETY,WEST,Weapon Law Violations,78238,2026-09-01
65195303073,2025-07-30,Weapon Law Violations,SOCIETY,WEST,Weapon Law Violations,78238,2026-09-01
67153163177,2025-11-02,Weapon Law Violations,SOCIETY,WEST,Weapon Law Violations,78238,2026-09-01
40392355769,2023-01-10,Weapon Law Violations,SOCIETY,PRUE,Weapon Law Violations,78240,2026-09-01
52491949839,2023-10-02,Weapon Law Violations,SOCIETY,SOUTH,Weapon Law Violations,78242,2026-09-01
62812425554,2025-02-16,Weapon Law Violations,SOCIETY,SOUTH,Weapon Law Violations,78242,2026-09-01
48997388425,2023-04-11,Weapon Law Violations,SOCIETY,EAST,Weapon Law Violations,78244,2026-09-01
53670727227,2024-01-08,Weapon Law Violations,SOCIETY,PRUE,Weapon Law Violations,78249,2026-09-01
67742003207,2025-12-09,Weapon Law Violations,SOCIETY,PRUE,Weapon Law Violations,78249,2026-09-01
64928835571,2025-07-11,Weapon Law Violations,SOCIETY,PRUE,Weapon Law Violations,78254,2026-09-01
56631322520,2024-06-09,Weapon Law Violations,SOCIETY,PRUE,Weapon Law Violations,78288,2026-09-01
52736507106,2023-10-21,Weapon Law Violations,SOCIETY,EAST,Weapon Law Violations,Out of Jurisdiction,2026-09-01
68349168774,2026-01-29,Weapon Law Violations,SOCIETY,EAST,Weapon Law Violations,Out of Jurisdiction,2026-09-01
49238944893,2023-04-23,Weapon Law Violations,SOCIETY,WEST,Weapon Law Violations,78201,2026-09-01
61447119484,2024-12-09,Weapon Law Violations,SOCIETY,CENTRAL,Weapon Law Violations,78201,2026-09-01
67747673376,2025-12-10,Weapon Law Violations,SOCIETY,WEST,Weapon Law Violations,78201,2026-09-01
67837749680,2025-12-17,Weapon Law Violations,SOCIETY,DOWNTOWN,Weapon Law Violations,78201,2026-09-01
62859582244,2025-04-10,Weapon Law Violations,SOCIETY,EAST,Weapon Law Violations,78203,2026-09-01
61328483145,2024-12-01,Weapon Law Violations,SOCIETY,CENTRAL,Weapon Law Violations,78204,2026-09-01
68654727742,2026-02-22,Weapon Law Violations,SOCIETY,CENTRAL,Weapon Law Violations,78204,2026-09-01
70737449340,2026-05-26,Weapon Law Violations,SOCIETY,CENTRAL,Weapon Law Violations,78204,2026-09-01
64699486256,2025-06-27,Weapon Law Violations,SOCIETY,DOWNTOWN,Weapon Law Violations,78205,2026-09-01
66280146614,2025-09-28,Weapon Law Violations,SOCIETY,DOWNTOWN,Weapon Law Violations,78205,2026-09-01
67693577404,2025-12-05,Weapon Law Violations,SOCIETY,DOWNTOWN,Weapon Law Violations,78205,2026-09-01
48754162609,2023-04-04,Weapon Law Violations,SOCIETY,CENTRAL,Weapon Law Violations,78207,2026-09-01
48754823179,2023-04-05,Weapon Law Violations,SOCIETY,CENTRAL,Weapon Law Violations,78207,2026-09-01
52374399722,2023-09-20,Weapon Law Violations,SOCIETY,CENTRAL,Weapon Law Violations,78207,2026-09-01
68216425317,2026-01-17,Weapon Law Violations,SOCIETY,DOWNTOWN,Weapon Law Violations,78207,2026-09-01
70445117737,2026-05-14,Weapon Law Violations,SOCIETY,CENTRAL,Weapon Law Violations,78207,2026-09-01
72390753586,2026-08-23,Weapon Law Violations,SOCIETY,CENTRAL,Weapon Law Violations,78207,2026-09-01
41579560120,2023-02-09,Weapon Law Violations,SOCIETY,EAST,Weapon Law Violations,78210,2026-09-01
54023922297,2024-02-04,Weapon Law Violations,SOCIETY,EAST,Weapon Law Violations,78210,2026-09-01
54402778441,2024-02-26,Weapon Law Violations,SOCIETY,SOUTH,Weapon Law Violations,78211,2026-09-01
66680194672,2025-10-14,Weapon Law Violations,SOCIETY,SOUTH,Weapon Law Violations,78211,2026-09-01
62416346408,2025-01-23,Weapon Law Violations,SOCIETY,DOWNTOWN,Weapon Law Violations,78212,2026-09-01
65743724906,2025-09-06,Weapon Law Violations,SOCIETY,DOWNTOWN,Weapon Law Violations,78212,2026-09-01
51589274236,2023-07-31,Weapon Law Violations,SOCIETY,NORTH,Weapon Law Violations,78216,2026-09-01
51799072789,2023-08-12,Weapon Law Violations,SOCIETY,NORTH,Weapon Law Violations,78216,2026-09-01
68481402583,2026-02-09,Weapon Law Violations,SOCIETY,NORTH,Weapon Law Violations,78216,2026-09-01
69224310802,2026-03-14,Weapon Law Violations,SOCIETY,NORTH,Weapon Law Violations,78216,2026-09-01
71060411433,2026-06-18,Weapon Law Violations,SOCIETY,NORTH,Weapon Law Violations,78216,2026-09-01
62577509628,2025-02-03,Weapon Law Violations,SOCIETY,EAST,Weapon Law Violations,78217,2026-09-01
69846305991,2026-04-26,Weapon Law Violations,SOCIETY,NORTH,Weapon Law Violations,78217,2026-09-01
53662347207,2024-01-06,Weapon Law Violations,SOCIETY,EAST,Weapon Law Violations,78218,2026-09-01
54543679841,2024-03-01,Weapon Law Violations,SOCIETY,EAST,Weapon Law Violations,78218,2026-09-01
67878805781,2025-12-20,Weapon Law Violations,SOCIETY,EAST,Weapon Law Violations,78218,2026-09-01
52827308245,2023-10-29,Weapon Law Violations,SOCIETY,EAST,Weapon Law Violations,78220,2026-09-01
59400035514,2024-09-20,Weapon Law Violations,SOCIETY,EAST,Weapon Law Violations,78220,2026-09-01
64286424600,2025-06-01,Weapon Law Violations,SOCIETY,EAST,Weapon Law Violations,78220,2026-09-01
50948632510,2023-06-05,Weapon Law Violations,SOCIETY,SOUTH,Weapon Law Violations,78221,2026-09-01
54749357268,2024-03-16,Weapon Law Violations,SOCIETY,SOUTH,Weapon Law Violations,78221,2026-09-01
64566487385,2025-06-18,Weapon Law Violations,SOCIETY,SOUTH,Weapon Law Violations,78224,2026-09-01
65537956757,2025-08-21,Weapon Law Violations,SOCIETY,SOUTH,Weapon Law Violations,78224,2026-09-01
66189433930,2025-09-23,Weapon Law Violations,SOCIETY,SOUTH,Weapon Law Violations,78226,2026-09-01
51283120804,2023-07-02,Weapon Law Violations,SOCIETY,WEST,Weapon Law Violations,78227,2026-09-01
51413245430,2023-07-18,Weapon Law Violations,SOCIETY,WEST,Weapon Law Violations,78227,2026-09-01
57829765174,2024-07-21,Weapon Law Violations,SOCIETY,WEST,Weapon Law Violations,78227,2026-09-01
60202170985,2024-10-25,Weapon Law Violations,SOCIETY,WEST,Weapon Law Violations,78227,2026-09-01
70780188928,2026-05-28,Weapon Law Violations,SOCIETY,WEST,Weapon Law Violations,78227,2026-09-01
71852085152,2026-07-25,Weapon Law Violations,SOCIETY,WEST,Weapon Law Violations,78227,2026-09-01
44993658353,2023-03-05,Weapon Law Violations,SOCIETY,WEST,Weapon Law Violations,78228,2026-09-01
51471121247,2023-07-23,Weapon Law Violations,SOCIETY,WEST,Weapon Law Violations,78228,2026-09-01
55168920633,2024-04-03,Weapon Law Violations,SOCIETY,PRUE,Weapon Law Violations,78229,2026-09-01
55206837015,2024-04-05,Weapon Law Violations,SOCIETY,PRUE,Weapon Law Violations,78229,2026-09-01
51288500545,2023-07-03,Weapon Law Violations,SOCIETY,PRUE,Weapon Law Violations,78230,2026-09-01
62119735757,2025-01-03,Weapon Law Violations,SOCIETY,CENTRAL,Weapon Law Violations,78230,2026-09-01
53372025407,2023-12-11,Weapon Law Violations,SOCIETY,NORTH,Weapon Law Violations,78232,2026-09-01
50935083831,2023-06-04,Weapon Law Violations,SOCIETY,WEST,Weapon Law Violations,78237,2026-09-01
59389165142,2024-09-19,Weapon Law Violations,SOCIETY,WEST,Weapon Law Violations,78237,2026-09-01
67405329037,2025-11-17,Weapon Law Violations,SOCIETY,WEST,Weapon Law Violations,78237,2026-09-01
67276520886,2025-12-07,Weapon Law Violations,SOCIETY,WEST,Weapon Law Violations,78237,2026-09-01
46563880126,2023-03-15,Weapon Law Violations,SOCIETY,WEST,Weapon Law Violations,78238,2026-09-01
53655599239,2024-01-06,Weapon Law Violations,SOCIETY,WEST,Weapon Law Violations,78238,2026-09-01
59870033274,2024-10-04,Weapon Law Violations,SOCIETY,SOUTH,Weapon Law Violations,78242,2026-09-01
64434737732,2025-06-10,Weapon Law Violations,SOCIETY,SOUTH,Weapon Law Violations,78242,2026-09-01
60024033114,2024-10-13,Weapon Law Violations,SOCIETY,NORTH,Weapon Law Violations,78247,2026-09-01
66180662805,2025-09-22,Weapon Law Violations,SOCIETY,NORTH,Weapon Law Violations,78247,2026-09-01
52317317331,2023-09-17,Weapon Law Violations,SOCIETY,WEST,Weapon Law Violations,78251,2026-09-01
52831219520,2023-10-29,Weapon Law Violations,SOCIETY,WEST,Weapon Law Violations,78251,2026-09-01
51135238565,2023-06-28,Weapon Law Violations,SOCIETY,NORTH,Weapon Law Violations,78258,2026-09-01
51057779348,2023-06-19,Weapon Law Violations,SOCIETY,WEST,Weapon Law Violations,78201,2026-09-01
57644813736,2024-07-16,Weapon Law Violations,SOCIETY,WEST,Weapon Law Violations,78201,2026-09-01
50043824892,2023-05-22,Weapon Law Violations,SOCIETY,EAST,Weapon Law Violations,78202,2026-09-01
68448673047,2026-02-06,Weapon Law Violations,SOCIETY,EAST,Weapon Law Violations,78202,2026-09-01
63222659887,2025-03-18,Weapon Law Violations,SOCIETY,DOWNTOWN,Weapon Law Violations,78205,2026-09-01
65242162035,2025-08-03,Weapon Law Violations,SOCIETY,DOWNTOWN,Weapon Law Violations,78205,2026-09-01
70795364175,2026-05-30,Weapon Law Violations,SOCIETY,DOWNTOWN,Weapon Law Violations,78205,2026-09-01
41467859898,2023-02-04,Weapon Law Violations,SOCIETY,CENTRAL,Weapon Law Violations,78207,2026-09-01
50870326676,2023-06-02,Weapon Law Violations,SOCIETY,CENTRAL,Weapon Law Violations,78207,2026-09-01
51069593136,2023-06-21,Weapon Law Violations,SOCIETY,CENTRAL,Weapon Law Violations,78207,2026-09-01
52828417973,2023-10-29,Weapon Law Violations,SOCIETY,CENTRAL,Weapon Law Violations,78207,2026-09-01
56432962893,2024-05-27,Weapon Law Violations,SOCIETY,CENTRAL,Weapon Law Violations,78207,2026-09-01
69643483520,2026-04-11,Weapon Law Violations,SOCIETY,CENTRAL,Weapon Law Violations,78207,2026-09-01
62695797562,2025-02-10,Weapon Law Violations,SOCIETY,EAST,Weapon Law Violations,78208,2026-09-01
46133991235,2023-03-11,Weapon Law Violations,SOCIETY,EAST,Weapon Law Violations,78210,2026-09-01
49230985705,2023-04-22,Weapon Law Violations,SOCIETY,EAST,Weapon Law Violations,78210,2026-09-01
50009409847,2023-05-19,Weapon Law Violations,SOCIETY,EAST,Weapon Law Violations,78210,2026-09-01
62279532348,2025-01-16,Weapon Law Violations,SOCIETY,SOUTH,Weapon Law Violations,78210,2026-09-01
71203893902,2026-06-27,Weapon Law Violations,SOCIETY,EAST,Weapon Law Violations,78210,2026-09-01
42078066852,2023-02-12,Weapon Law Violations,SOCIETY,CENTRAL,Weapon Law Violations,78212,2026-09-01
57771725042,2024-07-19,Weapon Law Violations,SOCIETY,DOWNTOWN,Weapon Law Violations,78212,2026-09-01
63654409482,2025-04-21,Weapon Law Violations,SOCIETY,DOWNTOWN,Weapon Law Violations,78212,2026-09-01
56032207725,2024-05-10,Weapon Law Violations,SOCIETY,CENTRAL,Weapon Law Violations,78213,2026-09-01
52619905359,2023-10-17,Weapon Law Violations,SOCIETY,SOUTH,Weapon Law Violations,78214,2026-09-01
64300993908,2025-06-03,Weapon Law Violations,SOCIETY,SOUTH,Weapon Law Violations,78214,2026-09-01
65743594915,2025-09-06,Weapon Law Violations,SOCIETY,SOUTH,Weapon Law Violations,78214,2026-09-01
69366967729,2026-03-23,Weapon Law Violations,SOCIETY,SOUTH,Weapon Law Violations,78214,2026-09-01
67467052469,2025-11-21,Weapon Law Violations,SOCIETY,DOWNTOWN,Weapon Law Violations,78215,2026-09-01
69336415639,2026-03-22,Weapon Law Violations,SOCIETY,DOWNTOWN,Weapon Law Violations,78215,2026-09-01
49020187841,2023-04-14,Weapon Law Violations,SOCIETY,NORTH,Weapon Law Violations,78216,2026-09-01
49351333584,2023-05-05,Weapon Law Violations,SOCIETY,NORTH,Weapon Law Violations,78216,2026-09-01
61883592095,2024-12-17,Weapon Law Violations,SOCIETY,NORTH,Weapon Law Violations,78216,2026-09-01
61911479092,2024-12-18,Weapon Law Violations,SOCIETY,NORTH,Weapon Law Violations,78216,2026-09-01
48750144025,2023-04-04,Weapon Law Violations,SOCIETY,NORTH,Weapon Law Violations,78217,2026-09-01
51285827774,2023-07-02,Weapon Law Violations,SOCIETY,NORTH,Weapon Law Violations,78217,2026-09-01
53665179720,2024-01-07,Weapon Law Violations,SOCIETY,NORTH,Weapon Law Violations,78217,2026-09-01
44608964316,2023-03-02,Weapon Law Violations,SOCIETY,EAST,Weapon Law Violations,78218,2026-09-01
55407182245,2024-04-12,Weapon Law Violations,SOCIETY,EAST,Weapon Law Violations,78218,2026-09-01
51357898087,2023-07-11,Weapon Law Violations,SOCIETY,EAST,Weapon Law Violations,78219,2026-09-01
62577958819,2025-02-03,Weapon Law Violations,SOCIETY,EAST,Weapon Law Violations,78219,2026-09-01
62763404893,2025-02-14,Weapon Law Violations,SOCIETY,EAST,Weapon Law Violations,78219,2026-09-01
48998633372,2023-04-11,Weapon Law Violations,SOCIETY,EAST,Weapon Law Violations,78220,2026-09-01
54090371975,2024-02-07,Weapon Law Violations,SOCIETY,EAST,Weapon Law Violations,78220,2026-09-01
57802324768,2024-07-20,Weapon Law Violations,SOCIETY,EAST,Weapon Law Violations,78220,2026-09-01
51702932235,2023-08-04,Weapon Law Violations,SOCIETY,SOUTH,Weapon Law Violations,78221,2026-09-01
52249807098,2023-09-10,Weapon Law Violations,SOCIETY,SOUTH,Weapon Law Violations,78221,2026-09-01
65494892358,2025-08-17,Weapon Law Violations,SOCIETY,SOUTH,Weapon Law Violations,78221,2026-09-01
46540492219,2023-03-15,Weapon Law Violations,SOCIETY,EAST,Weapon Law Violations,78222,2026-09-01
63670659167,2025-04-30,Weapon Law Violations,SOCIETY,SOUTH,Weapon Law Violations,78223,2026-09-01
39355638053,2023-01-02,Weapon Law Violations,SOCIETY,WEST,Weapon Law Violations,78227,2026-09-01
53257705779,2023-11-30,Weapon Law Violations,SOCIETY,WEST,Weapon Law Violations,78227,2026-09-01
54974572297,2024-03-23,Weapon Law Violations,SOCIETY,SOUTH,Weapon Law Violations,78227,2026-09-01
55448232302,2024-04-14,Weapon Law Violations,SOCIETY,WEST,Weapon Law Violations,78227,2026-09-01
67720224556,2025-12-08,Weapon Law Violations,SOCIETY,SOUTH,Weapon Law Violations,78227,2026-09-01
51316622929,2023-07-05,Weapon Law Violations,SOCIETY,WEST,Weapon Law Violations,78228,2026-09-01
57640498136,2024-07-15,Weapon Law Violations,SOCIETY,CENTRAL,Weapon Law Violations,78228,2026-09-01
60207736254,2024-10-25,Weapon Law Violations,SOCIETY,WEST,Weapon Law Violations,78228,2026-09-01
63018285030,2025-03-04,Weapon Law Violations,SOCIETY,WEST,Weapon Law Violations,78228,2026-09-01
68337288226,2026-01-28,Weapon Law Violations,SOCIETY,WEST,Weapon Law Violations,78228,2026-09-01
51432390310,2023-07-19,Weapon Law Violations,SOCIETY,PRUE,Weapon Law Violations,78229,2026-09-01
53109867374,2023-11-19,Weapon Law Violations,SOCIETY,PRUE,Weapon Law Violations,78229,2026-09-01
57168455187,2024-06-27,Weapon Law Violations,SOCIETY,PRUE,Weapon Law Violations,78229,2026-09-01
63591088044,2025-04-15,Weapon Law Violations,SOCIETY,PRUE,Weapon Law Violations,78229,2026-09-01
69445068805,2026-04-16,Weapon Law Violations,SOCIETY,PRUE,Weapon Law Violations,78229,2026-09-01
52501334488,2023-10-03,Weapon Law Violations,SOCIETY,SOUTH,Weapon Law Violations,78235,2026-09-01
53534166491,2023-12-23,Weapon Law Violations,SOCIETY,WEST,Weapon Law Violations,78237,2026-09-01
59702691507,2024-09-28,Weapon Law Violations,SOCIETY,WEST,Weapon Law Violations,78237,2026-09-01
62706625014,2025-02-10,Weapon Law Violations,SOCIETY,WEST,Weapon Law Violations,78237,2026-09-01
67310708482,2025-11-11,Weapon Law Violations,SOCIETY,WEST,Weapon Law Violations,78237,2026-09-01
40685957254,2023-01-14,Weapon Law Violations,SOCIETY,PRUE,Weapon Law Violations,78240,2026-09-01
69112770830,2026-03-07,Weapon Law Violations,SOCIETY,PRUE,Weapon Law Violations,78240,2026-09-01
54849741619,2024-03-19,Weapon Law Violations,SOCIETY,SOUTH,Weapon Law Violations,78242,2026-09-01
60991330086,2024-11-26,Weapon Law Violations,SOCIETY,SOUTH,Weapon Law Violations,78242,2026-09-01
61876896071,2024-12-17,Weapon Law Violations,SOCIETY,SOUTH,Weapon Law Violations,78242,2026-09-01
49019105948,2023-04-14,Weapon Law Violations,SOCIETY,EAST,Weapon Law Violations,78244,2026-09-01
68644709267,2026-02-21,Weapon Law Violations,SOCIETY,EAST,Weapon Law Violations,78244,2026-09-01
68736342491,2026-02-28,Weapon Law Violations,SOCIETY,EAST,Weapon Law Violations,78244,2026-09-01
69011313122,2026-03-06,Weapon Law Violations,SOCIETY,EAST,Weapon Law Violations,78244,2026-09-01
54905070088,2024-03-21,Weapon Law Violations,SOCIETY,WEST,Weapon Law Violations,78245,2026-09-01
54163924593,2024-02-14,Weapon Law Violations,SOCIETY,NORTH,Weapon Law Violations,78247,2026-09-01
42189342457,2023-02-13,Weapon Law Violations,SOCIETY,PRUE,Weapon Law Violations,78250,2026-09-01
54307201925,2024-02-21,Weapon Law Violations,SOCIETY,PRUE,Weapon Law Violations,78251,2026-09-01
49016476201,2023-04-13,Weapon Law Violations,SOCIETY,NORTH,Weapon Law Violations,78258,2026-09-01
39331802756,2023-01-01,Weapon Law Violations,SOCIETY,WEST,Weapon Law Violations,78201,2026-09-01
66378174763,2025-10-06,Weapon Law Violations,SOCIETY,EAST,Weapon Law Violations,78202,2026-09-01
49342579086,2023-05-04,Weapon Law Violations,SOCIETY,CENTRAL,Weapon Law Violations,78204,2026-09-01
44885276770,2023-03-04,Weapon Law Violations,SOCIETY,CENTRAL,Weapon Law Violations,78205,2026-09-01
53587636611,2023-12-29,Weapon Law Violations,SOCIETY,CENTRAL,Weapon Law Violations,78205,2026-09-01
67926993872,2025-12-24,Weapon Law Violations,SOCIETY,DOWNTOWN,Weapon Law Violations,78205,2026-09-01
48533717624,2023-04-02,Weapon Law Violations,SOCIETY,CENTRAL,Weapon Law Violations,78207,2026-09-01
54546768929,2024-03-01,Weapon Law Violations,SOCIETY,CENTRAL,Weapon Law Violations,78207,2026-09-01
55652646424,2024-04-23,Weapon Law Violations,SOCIETY,CENTRAL,Weapon Law Violations,78207,2026-09-01
63132036191,2025-03-10,Weapon Law Violations,SOCIETY,CENTRAL,Weapon Law Violations,78207,2026-09-01
68132390521,2026-01-11,Weapon Law Violations,SOCIETY,CENTRAL,Weapon Law Violations,78207,2026-09-01
42187950254,2023-02-13,Weapon Law Violations,SOCIETY,SOUTH,Weapon Law Violations,78210,2026-09-01
55546621262,2024-04-18,Weapon Law Violations,SOCIETY,EAST,Weapon Law Violations,78210,2026-09-01
62083066853,2025-01-02,Weapon Law Violations,SOCIETY,EAST,Weapon Law Violations,78210,2026-09-01
69532392668,2026-04-04,Weapon Law Violations,SOCIETY,SOUTH,Weapon Law Violations,78210,2026-09-01
71152718103,2026-06-25,Weapon Law Violations,SOCIETY,EAST,Weapon Law Violations,78210,2026-09-01
72261576719,2026-08-18,Weapon Law Violations,SOCIETY,DOWNTOWN,Weapon Law Violations,78210,2026-09-01
41208749211,2023-01-26,Weapon Law Violations,SOCIETY,SOUTH,Weapon Law Violations,78211,2026-09-01
64049782666,2025-05-20,Weapon Law Violations,SOCIETY,SOUTH,Weapon Law Violations,78211,2026-09-01
65954604834,2025-09-09,Weapon Law Violations,SOCIETY,SOUTH,Weapon Law Violations,78211,2026-09-01
54653966146,2024-03-11,Weapon Law Violations,SOCIETY,CENTRAL,Weapon Law Violations,78212,2026-09-01
48050893419,2023-03-29,Weapon Law Violations,SOCIETY,CENTRAL,Weapon Law Violations,78213,2026-09-01
53078317530,2023-11-15,Weapon Law Violations,SOCIETY,CENTRAL,Weapon Law Violations,78213,2026-09-01
54105441058,2024-02-08,Weapon Law Violations,SOCIETY,CENTRAL,Weapon Law Violations,78213,2026-09-01
66878463981,2025-10-26,Weapon Law Violations,SOCIETY,SOUTH,Weapon Law Violations,78214,2026-09-01
41687327791,2023-02-09,Weapon Law Violations,SOCIETY,NORTH,Weapon Law Violations,78216,2026-09-01
51704658313,2023-08-05,Weapon Law Violations,SOCIETY,NORTH,Weapon Law Violations,78216,2026-09-01
56074751174,2024-05-14,Weapon Law Violations,SOCIETY,NORTH,Weapon Law Violations,78216,2026-09-01
56574010453,2024-06-04,Weapon Law Violations,SOCIETY,NORTH,Weapon Law Violations,78216,2026-09-01
69102266630,2026-03-07,Weapon Law Violations,SOCIETY,NORTH,Weapon Law Violations,78216,2026-09-01
71012935362,2026-06-15,Weapon Law Violations,SOCIETY,NORTH,Weapon Law Violations,78216,2026-09-01
48048061673,2023-03-29,Weapon Law Violations,SOCIETY,NORTH,Weapon Law Violations,78217,2026-09-01
51039923205,2023-06-17,Weapon Law Violations,SOCIETY,NORTH,Weapon Law Violations,78217,2026-09-01
63935616782,2025-05-11,Weapon Law Violations,SOCIETY,NORTH,Weapon Law Violations,78217,2026-09-01
46465454951,2023-03-15,Weapon Law Violations,SOCIETY,EAST,Weapon Law Violations,78218,2026-09-01
67804979821,2025-12-14,Weapon Law Violations,SOCIETY,EAST,Weapon Law Violations,78219,2026-09-01
62956285245,2025-02-28,Weapon Law Violations,SOCIETY,SOUTH,Weapon Law Violations,78221,2026-09-01
63864400575,2025-05-07,Weapon Law Violations,SOCIETY,SOUTH,Weapon Law Violations,78221,2026-09-01
64137865556,2025-05-26,Weapon Law Violations,SOCIETY,SOUTH,Weapon Law Violations,78221,2026-09-01
56421774376,2024-05-26,Weapon Law Violations,SOCIETY,EAST,Weapon Law Violations,78222,2026-09-01
40070834846,2023-01-07,Weapon Law Violations,SOCIETY,SOUTH,Weapon Law Violations,78223,2026-09-01
61883503426,2024-12-17,Weapon Law Violations,SOCIETY,SOUTH,Weapon Law Violations,78223,2026-09-01
64263718302,2025-05-30,Weapon Law Violations,SOCIETY,SOUTH,Weapon Law Violations,78223,2026-09-01
42797918392,2023-02-19,Weapon Law Violations,SOCIETY,SOUTH,Weapon Law Violations,78224,2026-09-01
62568501912,2025-02-01,Weapon Law Violations,SOCIETY,SOUTH,Weapon Law Violations,78224,2026-09-01
64781442492,2025-07-01,Weapon Law Violations,SOCIETY,SOUTH,Weapon Law Violations,78224,2026-09-01
55192460511,2024-04-05,Weapon Law Violations,SOCIETY,WEST,Weapon Law Violations,78227,2026-09-01
62429680653,2025-01-25,Weapon Law Violations,SOCIETY,WEST,Weapon Law Violations,78227,2026-09-01
49032618373,2023-04-15,Weapon Law Violations,SOCIETY,WEST,Weapon Law Violations,78228,2026-09-01
49253302436,2023-04-26,Weapon Law Violations,SOCIETY,WEST,Weapon Law Violations,78228,2026-09-01
51352796472,2023-07-10,Weapon Law Violations,SOCIETY,WEST,Weapon Law Violations,78228,2026-09-01
53111502678,2023-11-19,Weapon Law Violations,SOCIETY,WEST,Weapon Law Violations,78228,2026-09-01
45689548331,2023-03-10,Weapon Law Violations,SOCIETY,WEST,Weapon Law Violations,78229,2026-09-01
66148811480,2025-09-21,Weapon Law Violations,SOCIETY,PRUE,Weapon Law Violations,78229,2026-09-01
53128939145,2023-11-21,Weapon Law Violations,SOCIETY,PRUE,Weapon Law Violations,78230,2026-09-01
43367712054,2023-02-25,Weapon Law Violations,SOCIETY,WEST,Weapon Law Violations,78237,2026-09-01
58243974258,2024-08-08,Weapon Law Violations,SOCIETY,WEST,Weapon Law Violations,78237,2026-09-01
61155329789,2024-11-29,Weapon Law Violations,SOCIETY,WEST,Weapon Law Violations,78237,2026-09-01
63933354397,2025-05-10,Weapon Law Violations,SOCIETY,WEST,Weapon Law Violations,78237,2026-09-01
67518940482,2025-11-24,Weapon Law Violations,SOCIETY,WEST,Weapon Law Violations,78237,2026-09-01
70495271758,2026-05-16,Weapon Law Violations,SOCIETY,WEST,Weapon Law Violations,78237,2026-09-01
54570118601,2024-03-04,Weapon Law Violations,SOCIETY,WEST,Weapon Law Violations,78238,2026-09-01
55261813538,2024-04-07,Weapon Law Violations,SOCIETY,WEST,Weapon Law Violations,78238,2026-09-01
56009016285,2024-05-09,Weapon Law Violations,SOCIETY,PRUE,Weapon Law Violations,78238,2026-09-01
66049881108,2025-09-13,Weapon Law Violations,SOCIETY,PRUE,Weapon Law Violations,78238,2026-09-01
51048868748,2023-06-17,Weapon Law Violations,SOCIETY,PRUE,Weapon Law Violations,78240,2026-09-01
53437766954,2023-12-17,Weapon Law Violations,SOCIETY,PRUE,Weapon Law Violations,78240,2026-09-01
39402392945,2023-01-03,Weapon Law Violations,SOCIETY,WEST,Weapon Law Violations,78245,2026-09-01
49100932959,2023-04-17,Weapon Law Violations,SOCIETY,PRUE,Weapon Law Violations,78249,2026-09-01
51790456067,2023-08-11,Weapon Law Violations,SOCIETY,PRUE,Weapon Law Violations,78249,2026-09-01
49252063933,2023-04-25,Weapon Law Violations,SOCIETY,WEST,Weapon Law Violations,78251,2026-09-01
55098424684,2024-03-31,Weapon Law Violations,SOCIETY,PRUE,Weapon Law Violations,78257,2026-09-01
52294340104,2023-09-15,Weapon Law Violations,SOCIETY,NORTH,Weapon Law Violations,78258,2026-09-01
63339211566,2025-03-26,Weapon Law Violations,SOCIETY,NORTH,Weapon Law Violations,78258,2026-09-01
50870401074,2023-06-02,Weapon Law Violations,SOCIETY,WEST,Weapon Law Violations,78201,2026-09-01
50982723796,2023-06-10,Weapon Law Violations,SOCIETY,WEST,Weapon Law Violations,78201,2026-09-01
51477235234,2023-07-24,Weapon Law Violations,SOCIETY,CENTRAL,Weapon Law Violations,78201,2026-09-01
56417309326,2024-05-26,Weapon Law Violations,SOCIETY,WEST,Weapon Law Violations,78201,2026-09-01
58696809622,2024-09-02,Weapon Law Violations,SOCIETY,CENTRAL,Weapon Law Violations,78201,2026-09-01
68711396649,2026-02-26,Weapon Law Violations,SOCIETY,WEST,Weapon Law Violations,78201,2026-09-01
53984475010,2024-02-01,Weapon Law Violations,SOCIETY,CENTRAL,Weapon Law Violations,78204,2026-09-01
62308905137,2025-01-17,Weapon Law Violations,SOCIETY,DOWNTOWN,Weapon Law Violations,78205,2026-09-01
62400113784,2025-01-22,Weapon Law Violations,SOCIETY,DOWNTOWN,Weapon Law Violations,78205,2026-09-01
63090332973,2025-03-07,Weapon Law Violations,SOCIETY,DOWNTOWN,Weapon Law Violations,78205,2026-09-01
41155392273,2023-01-25,Weapon Law Violations,SOCIETY,CENTRAL,Weapon Law Violations,78207,2026-09-01
46312851135,2023-03-13,Weapon Law Violations,SOCIETY,CENTRAL,Weapon Law Violations,78207,2026-09-01
57648206622,2024-07-16,Weapon Law Violations,SOCIETY,CENTRAL,Weapon Law Violations,78207,2026-09-01
67785555579,2025-12-12,Weapon Law Violations,SOCIETY,CENTRAL,Weapon Law Violations,78207,2026-09-01
69739381028,2026-04-18,Weapon Law Violations,SOCIETY,CENTRAL,Weapon Law Violations,78207,2026-09-01
42890090279,2023-02-20,Weapon Law Violations,SOCIETY,NORTH,Weapon Law Violations,78209,2026-09-01
61449348468,2024-12-10,Weapon Law Violations,SOCIETY,DOWNTOWN,Weapon Law Violations,78210,2026-09-01
50017549639,2023-05-20,Weapon Law Violations,SOCIETY,SOUTH,Weapon Law Violations,78211,2026-09-01
51355395816,2023-07-10,Weapon Law Violations,SOCIETY,SOUTH,Weapon Law Violations,78211,2026-09-01
56871454093,2024-06-15,Weapon Law Violations,SOCIETY,SOUTH,Weapon Law Violations,78211,2026-09-01
64295664976,2025-06-02,Weapon Law Violations,SOCIETY,SOUTH,Weapon Law Violations,78211,2026-09-01
57219165600,2024-07-01,Weapon Law Violations,SOCIETY,DOWNTOWN,Weapon Law Violations,78212,2026-09-01
60850417002,2024-11-17,Weapon Law Violations,SOCIETY,DOWNTOWN,Weapon Law Violations,78212,2026-09-01
60899895307,2024-11-20,Weapon Law Violations,SOCIETY,DOWNTOWN,Weapon Law Violations,78212,2026-09-01
51952368391,2023-08-20,Weapon Law Violations,SOCIETY,SOUTH,Weapon Law Violations,78214,2026-09-01
53927801544,2024-01-27,Weapon Law Violations,SOCIETY,SOUTH,Weapon Law Violations,78214,2026-09-01
55029058462,2024-03-28,Weapon Law Violations,SOCIETY,SOUTH,Weapon Law Violations,78214,2026-09-01
60556691416,2024-11-07,Weapon Law Violations,SOCIETY,SOUTH,Weapon Law Violations,78214,2026-09-01
63568143429,2025-04-13,Weapon Law Violations,SOCIETY,SOUTH,Weapon Law Violations,78214,2026-09-01
65735689804,2025-09-05,Weapon Law Violations,SOCIETY,SOUTH,Weapon Law Violations,78214,2026-09-01
52880733631,2023-11-02,Weapon Law Violations,SOCIETY,NORTH,Weapon Law Violations,78216,2026-09-01
53083555593,2023-11-16,Weapon Law Violations,SOCIETY,NORTH,Weapon Law Violations,78216,2026-09-01
55470291299,2024-04-15,Weapon Law Violations,SOCIETY,NORTH,Weapon Law Violations,78216,2026-09-01
62751225919,2025-02-13,Weapon Law Violations,SOCIETY,NORTH,Weapon Law Violations,78216,2026-09-01
62981215170,2025-03-03,Weapon Law Violations,SOCIETY,NORTH,Weapon Law Violations,78216,2026-09-01
64806613870,2025-07-03,Weapon Law Violations,SOCIETY,NORTH,Weapon Law Violations,78216,2026-09-01
65015475837,2025-07-18,Weapon Law Violations,SOCIETY,NORTH,Weapon Law Violations,78216,2026-09-01
67664408277,2025-12-04,Weapon Law Violations,SOCIETY,NORTH,Weapon Law Violations,78216,2026-09-01
69837493902,2026-04-25,Weapon Law Violations,SOCIETY,NORTH,Weapon Law Violations,78216,2026-09-01
54129021501,2024-02-11,Weapon Law Violations,SOCIETY,NORTH,Weapon Law Violations,78217,2026-09-01
66021725778,2025-09-11,Weapon Law Violations,SOCIETY,EAST,Weapon Law Violations,78218,2026-09-01
40943969808,2023-01-20,Weapon Law Violations,SOCIETY,EAST,Weapon Law Violations,78219,2026-09-01
52390961391,2023-09-22,Weapon Law Violations,SOCIETY,EAST,Weapon Law Violations,78219,2026-09-01
55288119227,2024-04-08,Weapon Law Violations,SOCIETY,EAST,Weapon Law Violations,78219,2026-09-01
51356049755,2023-07-11,Weapon Law Violations,SOCIETY,EAST,Weapon Law Violations,78220,2026-09-01
59860936153,2024-10-04,Weapon Law Violations,SOCIETY,EAST,Weapon Law Violations,78220,2026-09-01
63556419130,2025-04-13,Weapon Law Violations,SOCIETY,EAST,Weapon Law Violations,78220,2026-09-01
51054873334,2023-06-18,Weapon Law Violations,SOCIETY,SOUTH,Weapon Law Violations,78221,2026-09-01
63580228620,2025-04-14,Weapon Law Violations,SOCIETY,SOUTH,Weapon Law Violations,78221,2026-09-01
51528213598,2023-07-27,Weapon Law Violations,SOCIETY,EAST,Weapon Law Violations,78223,2026-09-01
52916071340,2023-11-05,Weapon Law Violations,SOCIETY,SOUTH,Weapon Law Violations,78223,2026-09-01
53011191947,2023-11-13,Weapon Law Violations,SOCIETY,EAST,Weapon Law Violations,78223,2026-09-01
55348799331,2024-04-11,Weapon Law Violations,SOCIETY,SOUTH,Weapon Law Violations,78223,2026-09-01
54692851386,2024-03-12,Weapon Law Violations,SOCIETY,SOUTH,Weapon Law Violations,78224,2026-09-01
42403328100,2023-02-21,Weapon Law Violations,SOCIETY,WEST,Weapon Law Violations,78227,2026-09-01
49097893780,2023-04-17,Weapon Law Violations,SOCIETY,WEST,Weapon Law Violations,78227,2026-09-01
54235945295,2024-02-18,Weapon Law Violations,SOCIETY,WEST,Weapon Law Violations,78227,2026-09-01
54801945153,2024-03-18,Weapon Law Violations,SOCIETY,WEST,Weapon Law Violations,78227,2026-09-01
56156798875,2024-05-18,Weapon Law Violations,SOCIETY,WEST,Weapon Law Violations,78227,2026-09-01
59918141947,2024-10-06,Weapon Law Violations,SOCIETY,SOUTH,Weapon Law Violations,78227,2026-09-01
60962449001,2024-11-22,Weapon Law Violations,SOCIETY,WEST,Weapon Law Violations,78227,2026-09-01
66757153509,2025-10-17,Weapon Law Violations,SOCIETY,WEST,Weapon Law Violations,78227,2026-09-01
65487372826,2025-08-17,Weapon Law Violations,SOCIETY,WEST,Weapon Law Violations,78228,2026-09-01
68402964058,2026-02-04,Weapon Law Violations,SOCIETY,WEST,Weapon Law Violations,78228,2026-09-01
69855766256,2026-04-26,Weapon Law Violations,SOCIETY,WEST,Weapon Law Violations,78228,2026-09-01
48749189858,2023-04-04,Weapon Law Violations,SOCIETY,PRUE,Weapon Law Violations,78229,2026-09-01
57205423085,2024-06-29,Weapon Law Violations,SOCIETY,NORTH,Weapon Law Violations,78233,2026-09-01
51553483637,2023-07-30,Weapon Law Violations,SOCIETY,WEST,Weapon Law Violations,78237,2026-09-01
52925007670,2023-11-07,Weapon Law Violations,SOCIETY,WEST,Weapon Law Violations,78238,2026-09-01
57648610361,2024-07-16,Weapon Law Violations,SOCIETY,WEST,Weapon Law Violations,78238,2026-09-01
60851844315,2024-11-17,Weapon Law Violations,SOCIETY,SOUTH,Weapon Law Violations,78242,2026-09-01
62671260088,2025-02-08,Weapon Law Violations,SOCIETY,SOUTH,Weapon Law Violations,78242,2026-09-01
53038449627,2023-11-14,Weapon Law Violations,SOCIETY,WEST,Weapon Law Violations,78245,2026-09-01
62056649566,2024-12-30,Weapon Law Violations,SOCIETY,NORTH,Weapon Law Violations,78247,2026-09-01
